date,rate_pct
2013-07-23,0.09746749963428503
2013-07-24,0.09743028541515653
2013-07-25,0.09739112411519812
2013-07-26,0.09735390992495763
2013-07-29,0.09731472123171159
2013-07-30,0.09727750707029248
2013-07-31,0.0972363713139357
2013-08-01,0.09719131396659364
2013-08-02,0.0971521527585173
2013-08-05,0.09710906996345248
2013-08-06,0.09706203816064463
2013-08-07,0.0970111122037487
2013-08-08,0.09696213335996795
2013-08-09,0.09691512905050104
2013-08-12,0.0968661502540602
2013-08-13,0.09681519697415375
2013-08-15,0.0967652309733058
2013-08-16,0.09671819933367853
2013-08-19,0.09667116771572282
2013-08-20,0.0966280851277812
2013-08-21,0.09657910647258294
2013-08-22,0.09653404942084887
2013-08-23,0.09649291396951476
2013-08-26,0.09644785695746005
2013-08-27,0.0963988783904135
2013-08-28,0.09635576849544858
2013-08-29,0.09631071154507787
2013-08-30,0.09627056343410878
2013-09-02,0.09622748101887346
2013-09-03,0.09618242412643419
2013-09-04,0.09614128881920703
2013-09-05,0.09610212802368956
2013-09-06,0.09605512411798856
2013-09-09,0.09601497610953746
2013-09-10,0.0959836310578277
2013-09-11,0.09596794482531479
2013-09-12,0.09596207620079511
2013-09-13,0.0959512987736888
2013-09-16,0.09592974392271802
2013-09-17,0.0959082164989189
2013-09-18,0.09588860872313809
2013-09-19,0.09587785872762211
2013-09-23,0.09586513424493237
2013-09-24,0.0958671087334162
2013-09-25,0.09586908322150034
2013-09-26,0.09585929304942731
2013-09-27,0.09585144994257444
2013-09-30,0.09585342443099165
2013-10-02,0.09585731856027735
2013-10-03,0.09586710873124016
2013-10-04,0.09587492441471834
2013-10-07,0.09588274009886266
2013-10-08,0.09589058320702559
2013-10-09,0.09590037338125246
2013-10-10,0.09591016355641191
2013-10-11,0.09590821649063663
2013-10-15,0.09590821649037018
2013-10-16,0.0959082164904812
2013-10-17,0.09590626942461711
2013-10-18,0.09589842631463341
2013-10-21,0.09589253027122435
2013-10-22,0.09589253027104672
2013-10-23,0.09587684405329977
2013-10-24,0.09585726370722192
2013-10-25,0.09573188384071063
2013-10-28,0.09559084540120555
2013-10-29,0.0954419640848636
2013-10-30,0.09535187848519477
2013-10-31,0.09527547718526375
2013-11-01,0.09520889347336414
2013-11-04,0.09512009696919232
2013-11-05,0.0950930576493203
2013-11-06,0.095054226343394
2013-11-07,0.09499937988661777
2013-11-08,0.094973081024885
2013-11-11,0.09492607764929328
2013-11-12,0.09486338822921603
2013-11-13,0.0947792539248038
2013-11-14,0.09468228565721049
2013-11-15,0.09457552742746511
2013-11-18,0.09448160332119482
2013-11-19,0.09438704857207547
2013-11-20,0.09429427641043375
2013-11-21,0.09421546265182545
2013-11-22,0.09413878794908292
2013-11-25,0.09408196754032705
2013-11-26,0.09400359271631853
2013-11-27,0.09394644330911195
2013-11-28,0.0938818074738057
2013-11-29,0.09379756430407671
2013-12-02,0.09371137417926168
2013-12-03,0.09362842002784699
2013-12-04,0.0935520200029627
2013-12-05,0.09347718313568176
2013-12-06,0.09338756543881832
2013-12-09,0.0932989076175117
2013-12-10,0.09321271792352981
2013-12-11,0.09312992872181347
2013-12-12,0.09304960763123482
2013-12-13,0.09297608742950825
2013-12-16,0.09291732067100433
2013-12-17,0.09284286819690735
2013-12-18,0.09277233721289857
2013-12-19,0.09269985927360391
2013-12-20,0.09261564451972237
2013-12-23,0.09253795640791207
2013-12-24,0.09247973835746492
2013-12-27,0.09241570676719046
2013-12-30,0.09234909750222009
2013-12-31,0.09226488307851888
2014-01-02,0.09215716769765958
2014-01-03,0.09203768821020031
2014-01-06,0.09189276088952258
2014-01-07,0.09174651751120422
2014-01-08,0.09160156318663848
2014-01-09,0.09145065843683131
2014-01-10,0.09132942476084427
2014-01-13,0.09124973582892437
2014-01-14,0.09116859358195839
2014-01-15,0.09108871281648945
2014-01-16,0.09099136421246712
2014-01-17,0.09091694059164546
2014-01-20,0.09083467430655023
2014-01-21,0.09074261840757991
2014-01-22,0.09064858820573285
2014-01-23,0.09055458551641138
2014-01-24,0.0904781878347638
2014-01-27,0.0903777411411788
2014-01-28,0.09026610639419896
2014-01-29,0.09016034006137374
2014-01-30,0.09006392470447544
2014-02-04,0.08996992256395941
2014-02-05,0.0898733428573717
2014-02-06,0.08977983449030003
2014-02-07,0.08968775214370783
2014-02-10,0.08959375035633155
2014-02-11,0.08948167773576987
2014-02-12,0.08936782282986666
2014-02-13,0.08925714896768078
2014-02-14,0.08914354111260181
2014-02-17,0.0890358290315918
2014-02-18,0.08893656291348861
2014-02-19,0.0888404503725182
2014-02-20,0.08872780274538083
2014-02-21,0.08862266873508329
2014-02-24,0.0885149297952692
2014-02-25,0.08840132278489232
2014-02-26,0.08828409627763545
2014-02-27,0.08817693354914447
2014-02-28,0.08809987957345555
2014-03-03,0.08800390494423382
2014-03-04,0.08790987731908118
2014-03-05,0.0878040860570195
2014-03-06,0.08768658603670598
2014-03-07,0.08757421392071585
2014-03-10,0.08746535184174231
2014-03-11,0.08734661826719226
2014-03-12,0.08722517014341236
2014-03-13,0.08710673848610906
2014-03-14,0.08690379545377436
2014-03-17,0.08671245190490229
2014-03-18,0.08651485675124082
2014-03-19,0.08631835882297878
2014-03-20,0.0860667181590502
2014-03-21,0.08580816811445402
2014-03-24,0.08556075151961995
2014-03-25,0.08530689169752304
2014-03-26,0.08506005217745471
2014-03-27,0.08475480785878897
2014-03-28,0.08444144803947395
2014-03-31,0.08414407522416845
2014-04-01,0.08389010932960961
2014-04-02,0.08362841159763601
2014-04-03,0.08337233566204638
2014-04-04,0.08310995378428832
2014-04-07,0.08285387917510434
2014-04-08,0.082658183621942
2014-04-09,0.08247932420630821
2014-04-10,0.08230696359357026
2014-04-11,0.08212873545900834
2014-04-14,0.08192920255702951
2014-04-15,0.08173498946282276
2014-04-16,0.08153715736405331
2014-04-17,0.08136482575955561
2014-04-22,0.08128062054291174
2014-04-23,0.08123362359540032
2014-04-24,0.08115723302977162
2014-04-25,0.08106713281219591
2014-04-28,0.08095942942309975
2014-04-29,0.08086603905939072
2014-04-30,0.08076420362581604
2014-05-02,0.08066431506525973
2014-05-05,0.08055869597314302
2014-05-07,0.08046075438499223
2014-05-08,0.08035390164249367
2014-05-09,0.08026086829111545
2014-05-12,0.08016139152009494
2014-05-13,0.0800676180313653
2014-05-14,0.07997165110220639
2014-05-15,0.07986013763563449
2014-05-16,0.07974920009394815
2014-05-19,0.07963560302812756
2014-05-20,0.07952354155458252
2014-05-21,0.07942650580436972
2014-05-22,0.07932075092429436
2014-05-23,0.07922209765454102
2014-05-26,0.07912711861379762
2014-05-27,0.0790291784263708
2014-05-28,0.07892049014903701
2014-05-29,0.07880960848507534
2014-05-30,0.07869850759512076
2014-06-03,0.0785947002150289
2014-06-04,0.0784880413939204
2014-06-05,0.07838620837619104
2014-06-06,0.07828286743525315
2014-06-09,0.07817215098837593
2014-06-10,0.07806294268744018
2014-06-11,0.07794545409607334
2014-06-12,0.07784167491398097
2014-06-13,0.07772632522611289
2014-06-16,0.0776293186362853
2014-06-17,0.07755098410866523
2014-06-18,0.07748523470236801
2014-06-19,0.07739121695153894
2014-06-20,0.07731691311223532
2014-06-23,0.077265997194087
2014-06-24,0.07720137212121614
2014-06-25,0.0771273426006136
2014-06-26,0.07706661102120371
2014-06-27,0.07702540131080404
2014-06-30,0.07730545173185721
2014-07-02,0.07759921212027177
2014-07-03,0.07782640137974361
2014-07-04,0.07779506202256758
2014-07-07,0.07774806671185797
2014-07-08,0.07767952049151372
2014-07-09,0.07759923921299983
2014-07-10,0.07752778673926208
2014-07-11,0.07746708233438149
2014-07-14,0.07738677380635384
2014-07-15,0.07731707625835416
2014-07-16,0.07724134671736049
2014-07-17,0.07716498661172189
2014-07-18,0.0770685015082817
2014-07-21,0.07697349708435386
2014-07-22,0.07687953464716735
2014-07-23,0.07677290506609147
2014-07-24,0.07668478289872827
2014-07-25,0.07659515280802331
2014-07-28,0.0764972425091992
2014-07-29,0.07638970853636184
2014-07-30,0.07628371009367196
2014-07-31,0.07618585493545105
2014-08-01,0.07606834112321437
2014-08-04,0.07595101937902804
2014-08-05,0.0758463100468898
2014-08-06,0.07573348510592215
2014-08-07,0.07562109897862879
2014-08-08,0.07549327669607031
2014-08-11,0.07536794960323334
2014-08-12,0.07523604237826831
2014-08-13,0.07510144838818178
2014-08-14,0.07495846473988266
2014-08-15,0.07481534420716862
2014-08-18,0.07469193718685485
2014-08-19,0.07457851034529117
2014-08-20,0.07444005134102927
2014-08-21,0.07429059807615435
2014-08-22,0.07415888418667027
2014-08-25,0.07403106375660773
2014-08-26,0.07391750057665902
2014-08-27,0.0738019634697551
2014-08-28,0.0736870845141846
2014-08-29,0.07357741499243176
2014-09-01,0.07347024057027252
2014-09-02,0.07335665060743679
2014-09-03,0.07321520481449184
2014-09-04,0.07307518490498044
2014-09-05,0.0729525751126614
2014-09-08,0.07282365952625547
2014-09-10,0.07269833576206697
2014-09-11,0.07257103811277865
2014-09-12,0.07243518649451275
2014-09-15,0.07231148080717453
2014-09-16,0.07218007109421887
2014-09-17,0.07207635268584589
2014-09-18,0.07195396344710225
2014-09-19,0.0718342886298684
2014-09-22,0.07173539594931277
2014-09-23,0.07162457703755454
2014-09-24,0.07151293573703921
2014-09-25,0.07143460596332751
2014-09-26,0.07135627625229901
2014-09-29,0.07129557557199462
2014-09-30,0.07123487492679548
2014-10-03,0.07117244706555947
2014-10-06,0.07109992989815517
2014-10-07,0.07103273161912504
2014-10-08,0.07093921339134113
2014-10-09,0.07084621616706421
2014-10-10,0.07075626227113219
2014-10-13,0.07065986556222814
2014-10-14,0.0705630576979921
2014-10-15,0.07044272654375128
2014-10-16,0.07033613119971083
2014-10-17,0.07022890539054583
2014-10-20,0.0701367313196144
2014-10-21,0.07004343325494045
2014-10-22,0.06994851771029431
2014-10-23,0.06986445913290673
2014-10-24,0.06978330676021827
2014-10-27,0.06971490303901984
2014-10-28,0.06964553979551535
2014-10-29,0.06958985732408163
2014-10-30,0.06953897272858889
2014-10-31,0.06946593582657368
2014-11-03,0.06940759408051722
2014-11-04,0.06932263122028104
2014-11-05,0.06926368640014502
2014-11-06,0.06920024536145597
2014-11-07,0.06913532388668209
2014-11-10,0.06908679730779355
2014-11-11,0.06903555655839444
2014-11-12,0.06896624861130185
2014-11-13,0.06889732453754238
2014-11-14,0.06884334227414968
2014-11-17,0.0687983250959201
2014-11-18,0.06874853754430532
2014-11-19,0.06868783843478887
2014-11-20,0.0686095108629603
2014-11-21,0.06855188243308774
2014-11-24,0.06849444594296816
2014-11-25,0.06842459004972046
2014-11-26,0.06836389113560326
2014-11-27,0.06829033419231134
2014-11-28,0.06824726379208723
2014-12-01,0.06820811388499326
2014-12-02,0.06816046506725737
2014-12-03,0.0683523762023075
2014-12-04,0.06846398644704266
2014-12-05,0.06854428779754507
2014-12-08,0.06879495213178988
2014-12-09,0.06895270407585308
2014-12-10,0.06897120993556438
2014-12-11,0.0688928821650947
2014-12-12,0.06881707672516946
2014-12-15,0.06874815276771695
2014-12-16,0.06869137415981275
2014-12-17,0.06863459558383855
2014-12-18,0.06855626807396042
2014-12-19,0.06848408179822574
2014-12-22,0.06839034663765897
2014-12-23,0.06832325985097754
2014-12-24,0.06827234849351438
2014-12-29,0.06820575526562678
2014-12-30,0.06812493323953284
2014-12-31,0.06804792207910637
2015-01-02,0.06797595549556945
2015-01-05,0.06791037684801271
2015-01-06,0.06782664898030699
2015-01-07,0.0677396587057899
2015-01-08,0.06764866581403517
2015-01-09,0.06756271749792653
2015-01-12,0.06746572073192958
2015-01-13,0.06737826470539776
2015-01-14,0.06728694315116801
2015-01-15,0.06718361363515779
2015-01-16,0.0671013668247511
2015-01-19,0.06699631031883424
2015-01-20,0.06689440671354685
2015-01-21,0.06680275661776758
2015-01-22,0.06670754258759626
2015-01-23,0.0666276538930255
2015-01-26,0.06656169231500364
2015-01-27,0.06649860940139973
2015-01-28,0.06643204476501907
2015-01-29,0.06637496590067293
2015-01-30,0.0663557203007814
2015-02-02,0.06630283603512588
2015-02-03,0.06624328986277739
2015-02-04,0.06617716404233587
2015-02-05,0.06609157338091087
2015-02-06,0.06600738097661818
2015-02-09,0.0659290555134584
2015-02-10,0.06583968176354649
2015-02-11,0.06576363189467749
2015-02-12,0.06566907681297973
2015-02-13,0.06559220462125648
2015-02-16,0.06550729984289294
2015-02-17,0.06542576719781312
2015-02-18,0.06534439911116685
2015-02-23,0.0652627021098029
2015-02-24,0.06517700257704373
2015-02-25,0.06508768432846868
2015-02-26,0.06500587787667822
2015-02-27,0.06495154133128178
2015-03-02,0.06488300385107948
2015-03-03,0.06484432132132234
2015-03-04,0.06478480343643511
2015-03-05,0.06471821253593024
2015-03-06,0.06462661928117175
2015-03-09,0.06453349088351157
2015-03-10,0.06444428289527071
2015-03-11,0.06435666503883386
2015-03-12,0.06427935523189987
2015-03-13,0.06419779619317723
2015-03-16,0.0641006656352694
2015-03-17,0.06400627664466807
2015-03-18,0.0638829103974281
2015-03-19,0.0637648627511922
2015-03-20,0.0636598646059916
2015-03-23,0.06355599057330519
2015-03-24,0.06343871092158171
2015-03-25,0.06333001217093681
2015-03-26,0.06321440508214593
2015-03-27,0.06309337005359072
2015-03-30,0.06296254820554736
2015-03-31,0.06284738016759661
2015-04-01,0.0627292789263878
2015-04-02,0.06261079402267722
2015-04-08,0.06250908682003953
2015-04-09,0.062411190311695286
2015-04-10,0.06231899606874425
2015-04-13,0.062266634831376066
2015-04-14,0.0622078860995634
2015-04-15,0.06211591135569794
2015-04-16,0.061998414074038166
2015-04-17,0.061890731191316384
2015-04-20,0.06179119042000192
2015-04-21,0.061679943924897174
2015-04-22,0.06156886203754208
2015-04-23,0.06146312600696646
2015-04-24,0.06135719818149976
2015-04-27,0.061237727959384536
2015-04-28,0.061111514050904425
2015-04-29,0.061016634408228576
2015-04-30,0.060905690316492844
2015-05-04,0.06078633027082336
2015-05-05,0.06069175247060965
2015-05-06,0.0605748599364464
2015-05-07,0.060475320446928826
2015-05-08,0.060387212583989935
2015-05-11,0.06033265921392417
2015-05-12,0.060285672060644835
2015-05-13,0.06025151455104627
2015-05-14,0.060207789669730616
2015-05-15,0.06016099447225809
2015-05-18,0.06010825052593649
2015-05-19,0.06003615255951722
2015-05-20,0.05997425252692867
2015-05-21,0.059885404943549325
2015-05-22,0.05983449786217676
2015-05-26,0.05985960871452978
2015-05-27,0.059884143890598374
2015-05-28,0.05992342760126057
2015-05-29,0.0600045171107455
2015-06-01,0.06002968283964627
2015-06-02,0.060002652977431126
2015-06-03,0.059963807841545425
2015-06-04,0.05993252887979139
2015-06-05,0.059896479955767745
2015-06-08,0.05986152759112073
2015-06-09,0.059837047238620045
2015-06-10,0.05980376712633184
2015-06-11,0.05975431300899725
2015-06-12,0.05967843223808611
2015-06-15,0.05961773862421804
2015-06-16,0.05954865650719121
2015-06-17,0.0594879355597433
2015-06-18,0.05944909061970094
2015-06-19,0.05939612774847891
2015-06-22,0.05933746291180153
2015-06-23,0.05926511879075225
2015-06-24,0.05920497370131006
2015-06-25,0.05913279417013584
2015-06-26,0.05907443103836396
2015-06-29,0.05903723106828185
2015-06-30,0.05916292144592106
2015-07-02,0.05917416094829431
2015-07-03,0.05917544937905639
2015-07-06,0.05916906205059025
2015-07-07,0.05912966896832739
2015-07-08,0.059080132943001296
2015-07-09,0.0590361618586277
2015-07-10,0.05900438974795197
2015-07-13,0.05898032080156046
2015-07-14,0.05893363583959754
2015-07-15,0.05888700572302952
2015-07-16,0.058857974990011996
2015-07-17,0.05883464623932522
2015-07-20,0.058803312802213625
2015-07-21,0.05875673757467226
2015-07-22,0.05874357918480566
2015-07-23,0.058741605426648746
2015-07-24,0.058730804582940443
2015-07-27,0.05871559019952066
2015-07-28,0.058700266165723214
2015-07-29,0.058667753997587724
2015-07-30,0.05866021534406407
2015-07-31,0.05872378674538492
2015-08-03,0.05872800839374914
2015-08-04,0.05871827666981133
2015-08-05,0.05870234953977427
2015-08-06,0.05869297419160979
2015-08-07,0.058681460606546665
2015-08-10,0.05867134510149086
2015-08-11,0.05864099859194116
2015-08-12,0.05861764247834245
2015-08-13,0.05860884281676526
2015-08-14,0.05859058557775576
2015-08-17,0.058566763448375525
2015-08-18,0.05854702589955796
2015-08-19,0.058538226243665115
2015-08-20,0.0585100454190135
2015-08-21,0.05844545983271221
2015-08-24,0.05841294774850958
2015-08-25,0.058421665150842905
2015-08-26,0.05842341959709785
2015-08-27,0.058429231200585185
2015-08-28,0.058414948910523457
2015-08-31,0.05839803495424345
2015-09-01,0.058394800194472296
2015-09-02,0.05837955844552045
2015-09-04,0.05838945461522638
2015-09-07,0.0583758028335879
2015-09-08,0.058349760284204244
2015-09-09,0.05833583437693246
2015-09-10,0.05831883819287231
2015-09-11,0.05829822346947733
2015-09-14,0.058284955485232715
2015-09-15,0.05826601297413969
2015-09-16,0.05824356157853039
2015-09-17,0.058211762297966096
2015-09-18,0.058184486197521146
2015-09-21,0.05815899195733554
2015-09-22,0.05813171587349952
2015-09-23,0.05810471392753147
2015-09-24,0.058092021644595704
2015-09-25,0.058068117392262586
2015-09-29,0.058058248666048584
2015-09-30,0.05811022394914822
2015-10-02,0.058096407728691624
2015-10-05,0.058059811201371936
2015-10-06,0.058022995384998666
2015-10-07,0.05798187572196856
2015-10-08,0.057972829397390235
2015-10-09,0.05796646955857909
2015-10-12,0.05795166648514538
2015-10-13,0.05793094218704553
2015-10-14,0.05788179053334286
2015-10-15,0.05780465018732084
2015-10-16,0.057740366599201565
2015-10-19,0.057697465206896226
2015-10-20,0.05765324800031113
2015-10-22,0.05761541805009429
2015-10-23,0.05757857497934449
2015-10-26,0.05753745549603728
2015-10-27,0.057500091604922865
2015-10-28,0.05745431194985606
2015-10-29,0.057431888150971666
2015-10-30,0.0574123153067152
2015-11-02,0.05738937067298888
2015-11-03,0.05735195201592713
2015-11-04,0.057316698993936654
2015-11-05,0.05729504278679798
2015-11-06,0.05726889086630216
2015-11-09,0.05723437801532505
2015-11-10,0.05721033690322397
2015-11-11,0.057171273538458856
2015-11-12,0.05713404684855039
2015-11-13,0.057090707105378335
2015-11-16,0.057049587823865267
2015-11-17,0.05700846855858366
2015-11-18,0.05699084210528671
2015-11-19,0.05694994216085547
2015-11-20,0.056920034774332606
2015-11-23,0.056885110854598686
2015-11-24,0.05683705621368773
2015-11-25,0.056793990725201304
2015-11-26,0.05676221931840697
2015-11-27,0.056735848234534814
2015-11-30,0.05674176939118869
2015-12-01,0.056716111042831585
2015-12-02,0.056702404665753825
2015-12-03,0.05670613279997738
2015-12-04,0.05669138474069246
2015-12-07,0.0566483193251921
2015-12-08,0.05659069777521619
2015-12-09,0.056561338754312906
2015-12-10,0.05651619003019803
2015-12-11,0.05646191290820113
2015-12-14,0.056399247527982865
2015-12-15,0.056332278394299884
2015-12-16,0.05625593419316122
2015-12-17,0.05615708430937172
2015-12-18,0.05573369829876551
2015-12-21,0.055312068529489444
2015-12-22,0.054959601438797634
2015-12-23,0.054869524772516165
2015-12-24,0.05479315429148812
2015-12-28,0.05472854369366065
2015-12-29,0.05468545170996819
2015-12-30,0.05462780387586186
2015-12-31,0.0545632482081615
2016-01-04,0.05449142835247667
2016-01-05,0.0544222675316286
2016-01-06,0.05436892354768741
2016-01-07,0.05432583171864902
2016-01-08,0.05429307426023655
2016-01-11,0.05424902303106105
2016-01-12,0.05420785009062623
2016-01-13,0.05417054226370954
2016-01-14,0.0541243255405055
2016-01-15,0.054099188697964706
2016-01-18,0.05408625021610103
2016-01-19,0.054062566216428465
2016-01-20,0.05402561480061241
2016-01-21,0.05396289610501981
2016-01-22,0.053940939088947815
2016-01-25,0.053895709291484906
2016-01-26,0.053871175566388985
2016-01-27,0.05385121964558426
2016-01-28,0.05383082513721327
2016-01-29,0.05385313848231821
2016-02-01,0.05384998610493685
2016-02-02,0.053856729452084195
2016-02-03,0.053865967290089856
2016-02-04,0.05388987054242289
2016-02-05,0.05391783077606238
2016-02-11,0.053932468783046694
2016-02-12,0.05393663540673721
2016-02-15,0.05396385553002592
2016-02-16,0.0539997378610213
2016-02-17,0.05400417860890183
2016-02-18,0.05401295045610599
2016-02-19,0.05399335086089252
2016-02-22,0.05397769859945001
2016-02-23,0.05397547822669768
2016-02-24,0.053971585721002135
2016-02-25,0.05397986414745759
2016-02-26,0.05398573031831777
2016-02-29,0.05403764868514571
2016-03-01,0.05407876674037304
2016-03-02,0.05412207777237832
2016-03-03,0.054149133473258004
2016-03-04,0.054149133473258004
2016-03-07,0.05416675943072935
2016-03-08,0.05418901803364573
2016-03-09,0.054210892869677174
2016-03-10,0.0542404705078825
2016-03-11,0.05424628187009617
2016-03-14,0.054278573315591494
2016-03-15,0.05431453799253916
2016-03-16,0.054319444759576285
2016-03-17,0.05432059606791384
2016-03-18,0.054304943751937174
2016-03-21,0.054275557982230715
2016-03-22,0.05424905049129514
2016-03-23,0.054221638413198825
2016-03-24,0.05422188512189674
2016-03-29,0.054229478266076825
2016-03-30,0.05425464255184309
2016-03-31,0.05435022848088167
2016-04-01,0.054412015388760615
2016-04-05,0.05436557923736984
2016-04-06,0.05431026158138064
2016-04-07,0.054224763226962125
2016-04-08,0.05413742833646484
2016-04-11,0.05406928194604532
2016-04-12,0.053982029418397914
2016-04-13,0.05389713440016042
2016-04-14,0.05380058936883536
2016-04-15,0.053723918099612966
2016-04-18,0.05364310768396496
2016-04-19,0.05355240163535946
2016-04-20,0.053458022479691
2016-04-21,0.05334875877724965
2016-04-22,0.05323634283416201
2016-04-25,0.053113537957250045
2016-04-26,0.053006549822787186
2016-04-27,0.052917982473998926
2016-04-28,0.0528129133648747
2016-04-29,0.052772755231877966
2016-05-03,0.05267412801717164
2016-05-04,0.05256560528847931
2016-05-05,0.05246023500689034
2016-05-06,0.052350944993251325
2016-05-09,0.05222805896925031
2016-05-10,0.052137929850237796
2016-05-11,0.05203360165180193
2016-05-12,0.051913155628247054
2016-05-13,0.05177620808107797
2016-05-16,0.051656858833237784
2016-05-17,0.051545020432852695
2016-05-18,0.05144368068763505
2016-05-19,0.05131654702406063
2016-05-20,0.05119906227990523
2016-05-23,0.051097613238582085
2016-05-24,0.05098498053588418
2016-05-25,0.05087325252601804
2016-05-26,0.05074337848038901
2016-05-27,0.05061747922241455
2016-05-30,0.050562328120862254
2016-05-31,0.05027972068532005
2016-06-01,0.050014602010994835
2016-06-02,0.04976110615029228
2016-06-03,0.049327056631565114
2016-06-06,0.048977789851822884
2016-06-07,0.048755736491745694
2016-06-08,0.04863192293158569
2016-06-10,0.04852282897356286
2016-06-13,0.048412803178798924
2016-06-14,0.048302147075252044
2016-06-15,0.048187872914828844
2016-06-16,0.04808127379531957
2016-06-17,0.04797637423179513
2016-06-20,0.04788641341300082
2016-06-21,0.04776605463949757
2016-06-22,0.04762552203843029
2016-06-23,0.04750850761985337
2016-06-24,0.047444724001466376
2016-06-27,0.04740327975085723
2016-06-28,0.04733549431392703
2016-06-29,0.047261486812355535
2016-06-30,0.047231883828491306
2016-07-04,0.04715121571894354
2016-07-05,0.0470538274932597
2016-07-06,0.04696584103396351
2016-07-07,0.046894136240971385
2016-07-08,0.046827502360269335
2016-07-11,0.046746286376109225
2016-07-12,0.04667762424481747
2016-07-13,0.04657924972650829
2016-07-14,0.046512944967425085
2016-07-15,0.04644074711264157
2016-07-18,0.04636896046654737
2016-07-19,0.04630849416673577
2016-07-20,0.0462347066936708
2016-07-21,0.04613167294305054
2016-07-22,0.046026282053990286
2016-07-25,0.04593245821298275
2016-07-26,0.045837894403000234
2016-07-27,0.04570967153005867
2016-07-28,0.04564917824108061
2016-07-29,0.045589205768026275
2016-08-01,0.04549979530075188
2016-08-03,0.0454222807007465
2016-08-04,0.04534240893383501
2016-08-05,0.045258343559773095
2016-08-08,0.04518628366334543
2016-08-09,0.045122501524730296
2016-08-10,0.04506979288814161
2016-08-11,0.04498320606609596
2016-08-12,0.04490500663139052
2016-08-15,0.04483001417296961
2016-08-16,0.04475880428407297
2016-08-17,0.044715881032697524
2016-08-18,0.0447087271605362
2016-08-19,0.04472725596322835
2016-08-22,0.044789639928510816
2016-08-23,0.04478637819991249
2016-08-24,0.04474751154879275
2016-08-25,0.04467339634375289
2016-08-26,0.04462422378486153
2016-08-29,0.04460435194122425
2016-08-30,0.044594045993018305
2016-08-31,0.04465854038646633
2016-09-01,0.04463033606312283
2016-09-02,0.04462293551306118
2016-09-05,0.044601446512193554
2016-09-06,0.04459262067448844
2016-09-07,0.04458601500101356
2016-09-08,0.044541885816751225
2016-09-09,0.04452667358716411
2016-09-12,0.044552328801539254
2016-09-13,0.04453190878035418
2016-09-14,0.0445188070783642
2016-09-15,0.044495125344146125
2016-09-19,0.04446938791302646
2016-09-20,0.044458999751140205
2016-09-21,0.044431288850588224
2016-09-22,0.04441273269173429
2016-09-23,0.04436408103605238
2016-09-26,0.044328394036430296
2016-09-27,0.04433047714804683
2016-09-28,0.04430065576401798
2016-09-29,0.04429594135604287
2016-09-30,0.0446727102524358
2016-10-03,0.0446264157079046
2016-10-04,0.04459856772667248
2016-10-05,0.04457151461794151
2016-10-06,0.044572117625674146
2016-10-07,0.044580641958313905
2016-10-11,0.04458401331874917
2016-10-12,0.0446426695103197
2016-10-13,0.044700037491907096
2016-10-14,0.04470617721294978
2016-10-17,0.044730434594875135
2016-10-18,0.04477979906793994
2016-10-19,0.044844567701107785
2016-10-20,0.04492202697172765
2016-10-24,0.04506052732868859
2016-10-25,0.04523633233859403
2016-10-26,0.0455414288268452
2016-10-27,0.04568352072464865
2016-10-28,0.04585888825692219
2016-10-31,0.04609315974617445
2016-11-01,0.04628335671257311
2016-11-02,0.04645982168416385
2016-11-03,0.046599941363756336
2016-11-04,0.04668069119631024
2016-11-07,0.04676541554831104
2016-11-08,0.046853456590589815
2016-11-09,0.04695906756548851
2016-11-10,0.04700755601325657
2016-11-11,0.04701654652761178
2016-11-14,0.047025646681375655
2016-11-15,0.046948103570310096
2016-11-16,0.04689289970878363
2016-11-17,0.04678282096644004
2016-11-18,0.04662414444849272
2016-11-21,0.04650921442215239
2016-11-22,0.04644940589757507
2016-11-23,0.046446308574066286
2016-11-24,0.04647670620154809
2016-11-25,0.04654917811912629
2016-11-28,0.046623870293127645
2016-11-29,0.04680995670682808
2016-11-30,0.047513106500685076
2016-12-01,0.04767329192376657
2016-12-02,0.04778836029732947
2016-12-05,0.04790320951890692
2016-12-06,0.04803020166179728
2016-12-07,0.048142145658292
2016-12-08,0.04824318042824238
2016-12-09,0.048359345867998726
2016-12-12,0.04848833952724174
2016-12-13,0.04868539366609248
2016-12-14,0.04884991184050946
2016-12-15,0.04906157650446108
2016-12-16,0.049234811864451444
2016-12-19,0.04937194761769348
2016-12-20,0.04931816781614806
2016-12-21,0.04938099318656519
2016-12-22,0.049518951446914095
2016-12-23,0.05001837591847025
2016-12-28,0.050449303024846515
2016-12-29,0.05089840553322844
2016-12-30,0.052444943447960135
2017-01-03,0.05290606114500829
2017-01-04,0.0534492242641349
2017-01-05,0.05388131746124625
2017-01-06,0.05427073209971489
2017-01-09,0.05463723172474122
2017-01-10,0.054873469961114196
2017-01-11,0.05490932518996683
2017-01-12,0.054899922783535615
2017-01-13,0.05487149627143584
2017-01-16,0.0548517046265351
2017-01-17,0.05484838774467704
2017-01-18,0.05483018601466494
2017-01-19,0.054758530424159346
2017-01-20,0.05470557000648579
2017-01-23,0.054616918947769655
2017-01-24,0.0544452366084025
2017-01-25,0.054338000366005446
2017-01-26,0.05427741961032684
2017-01-27,0.054586271654333274
2017-02-01,0.05451277961525669
2017-02-02,0.05444460558452491
2017-02-03,0.0543931255950314
2017-02-06,0.054346936165994286
2017-02-07,0.054285752339877646
2017-02-08,0.05421798964933
2017-02-09,0.054151597606622026
2017-02-10,0.05410187213363837
2017-02-13,0.054044745432624275
2017-02-14,0.05399397835852415
2017-02-15,0.05395521776754286
2017-02-16,0.05391341445746267
2017-02-17,0.0538886340170297
2017-02-20,0.05377750587811647
2017-02-21,0.05372909637841872
2017-02-22,0.05376464966009298
2017-02-23,0.05387788842741159
2017-02-24,0.05389428079214387
2017-02-27,0.05391478495664348
2017-02-28,0.054025693885395576
2017-03-01,0.05400910961541605
2017-03-02,0.05398506927360991
2017-03-03,0.05395505311871496
2017-03-06,0.05391601842534843
2017-03-07,0.05387229629529866
2017-03-08,0.05384485690018703
2017-03-09,0.05380447906120356
2017-03-10,0.05374718805950529
2017-03-13,0.0537031096448537
2017-03-14,0.05364474962903376
2017-03-15,0.05358279868432625
2017-03-16,0.053546066728160646
2017-03-17,0.053496807555708514
2017-03-20,0.053436474006396395
2017-03-21,0.05337197389299053
2017-03-22,0.053312709480235476
2017-03-23,0.05325854370703542
2017-03-24,0.05313538251288108
2017-03-27,0.05309804767199555
2017-03-28,0.05308261484591181
2017-03-29,0.053056244729510205
2017-03-30,0.053026585205895316
2017-03-31,0.053052598955671826
2017-04-03,0.053006903563312946
2017-04-05,0.052962880302542814
2017-04-06,0.05294081385864846
2017-04-07,0.05290761825711421
2017-04-10,0.052877575015508604
2017-04-11,0.05285748223096132
2017-04-12,0.05279808106775086
2017-04-13,0.05277467148205872
2017-04-18,0.05275093296626121
2017-04-19,0.05274408004707354
2017-04-20,0.05275729247502525
2017-04-21,0.052761459050265636
2017-04-24,0.05276296669278757
2017-04-25,0.05275194719811527
2017-04-26,0.05272272635752362
2017-04-27,0.05271206321975086
2017-04-28,0.05290833073665624
2017-05-02,0.05301115208955487
2017-05-04,0.05305890335247643
2017-05-05,0.05303979735509223
2017-05-08,0.053047253353311064
2017-05-09,0.053044402530866286
2017-05-10,0.05303447947475615
2017-05-11,0.05302014312624781
2017-05-12,0.052990209493120055
2017-05-15,0.05297140503808251
2017-05-16,0.05295207976316885
2017-05-17,0.0529126068732344
2017-05-18,0.052908988525257605
2017-05-19,0.05288289256710765
2017-05-22,0.052850574157159436
2017-05-23,0.05284317299549812
2017-05-24,0.052809593657365816
2017-05-25,0.05277091575923709
2017-05-26,0.052723795076725644
2017-05-29,0.05271581828338867
2017-05-31,0.05290251916247879
2017-06-01,0.052969568213456775
2017-06-02,0.05298461725320447
2017-06-05,0.052956657283931285
2017-06-06,0.052932644609371415
2017-06-07,0.05293585178101079
2017-06-08,0.05293206896272995
2017-06-09,0.052938675188141104
2017-06-12,0.05295210693221364
2017-06-13,0.053086671128688145
2017-06-14,0.053195166925745774
2017-06-15,0.053376523401360565
2017-06-16,0.0535757527382108
2017-06-19,0.05375124375690543
2017-06-20,0.053895978849061166
2017-06-21,0.053987836421653945
2017-06-22,0.054014563133386595
2017-06-23,0.054013110296669
2017-06-26,0.054022704504430585
2017-06-27,0.054013494064997225
2017-06-28,0.05403079105001929
2017-06-29,0.054048691103880664
2017-06-30,0.05489958815640961
2017-07-03,0.05506609026879605
2017-07-04,0.055129111170471035
2017-07-05,0.05512842586188338
2017-07-06,0.05513242806189922
2017-07-07,0.05514657282561508
2017-07-10,0.055151178097867515
2017-07-11,0.055160224169359395
2017-07-12,0.05516296540333254
2017-07-13,0.05514147413379078
2017-07-14,0.05513492258772956
2017-07-17,0.05514931406103152
2017-07-18,0.055189308661551806
2017-07-19,0.05523018048019246
2017-07-20,0.05524522986524172
2017-07-21,0.055281331953715984
2017-07-24,0.05528774644836254
2017-07-25,0.0552915293558609
2017-07-26,0.05530523554280187
2017-07-27,0.05531869501658182
2017-07-28,0.05550315292099928
2017-07-31,0.0569454853989404
2017-08-01,0.05739469936689723
2017-08-02,0.057431514955008645
2017-08-03,0.05743148754218108
2017-08-04,0.057419919274570574
2017-08-07,0.05741169538835411
2017-08-08,0.05737641491929679
2017-08-09,0.057358185312250676
2017-08-10,0.05737364621154484
2017-08-11,0.057388312136374964
2017-08-14,0.05740881702400724
2017-08-15,0.057419562902905064
2017-08-16,0.05741295638044264
2017-08-17,0.05740352632486179
2017-08-18,0.05736221501486671
2017-08-21,0.05732797625559449
2017-08-22,0.05725675748424752
2017-08-24,0.057230742635039356
2017-08-25,0.05720634515651302
2017-08-28,0.057193159553925454
2017-08-29,0.05720431660247716
2017-08-30,0.057508654582050234
2017-08-31,0.05810765564600029
2017-09-01,0.058124459902941794
2017-09-04,0.05816160471805443
2017-09-05,0.05816544256043166
2017-09-06,0.058317969369436895
2017-09-07,0.05848631382014968
2017-09-08,0.05848428523997917
2017-09-11,0.05848332577607085
2017-09-12,0.05850468070323078
2017-09-13,0.05850775098803496
2017-09-14,0.058508545972313364
2017-09-15,0.058498211176116754
2017-09-18,0.05849919805300807
2017-09-19,0.05855605311522183
2017-09-20,0.059014101190335566
2017-09-21,0.060090240034305076
2017-09-22,0.06104146700045554
2017-09-25,0.061391488454276555
2017-09-26,0.061728023443197166
2017-09-27,0.06224524640381368
2017-09-28,0.06305753218744936
2017-09-29,0.06559482883570222
2017-10-03,0.06631831656742637
2017-10-04,0.06685500084124829
2017-10-06,0.06721932631441607
2017-10-09,0.06737227830146963
2017-10-10,0.0675502336557221
2017-10-11,0.06770669537856655
2017-10-12,0.06785857890594382
2017-10-13,0.06797153217648066
2017-10-16,0.06812769299464616
2017-10-17,0.06830013910850141
2017-10-18,0.06849312004382213
2017-10-19,0.06881317457241298
2017-10-20,0.0693095978957059
2017-10-23,0.06974823008831788
2017-10-24,0.07018461621302041
2017-10-25,0.07086512062972616
2017-10-26,0.07148040545337242
2017-10-27,0.07202835825597109
2017-10-30,0.07342920168333933
2017-10-31,0.07864417657008627
2017-11-01,0.08011415318434079
2017-11-02,0.08134900436036485
2017-11-03,0.0826183097370814
2017-11-06,0.08401442062360154
2017-11-07,0.08581812587447057
2017-11-08,0.08700015272151695
2017-11-09,0.08840109611112368
2017-11-10,0.08951970021351396
2017-11-13,0.09051867558191873
2017-11-14,0.09149797187009145
2017-11-15,0.09241552269583231
2017-11-16,0.09324809936304135
2017-11-17,0.09395500419999703
2017-11-20,0.09433045211870716
2017-11-21,0.0946112643671615
2017-11-22,0.0949548217752394
2017-11-23,0.0953821585357062
2017-11-24,0.09707977584147987
2017-11-27,0.0985096005534647
2017-11-28,0.09971037099889557
2017-11-29,0.10039464138436038
2017-11-30,0.10125525757544995
2017-12-01,0.10199032956372811
2017-12-04,0.10227511271654333
2017-12-05,0.10242016495445316
2017-12-06,0.10257111384044393
2017-12-07,0.10266910460776657
2017-12-08,0.10272047233379489
2017-12-11,0.1028023645463172
2017-12-12,0.1028901807267113
2017-12-13,0.10301016701554921
2017-12-14,0.1034393480246587
2017-12-15,0.10370562289454544
2017-12-18,0.10384900418645149
2017-12-19,0.10392988254404045
2017-12-20,0.1040683823494204
2017-12-21,0.1043129378213159
2017-12-22,0.10485174561742916
2017-12-27,0.10626519789109778
2017-12-28,0.10755379775688745
2017-12-29,0.11128539331064502
2018-01-02,0.11276599724296954
2018-01-03,0.11374611435743809
2018-01-04,0.11468282197926172
2018-01-05,0.11547342578617226
2018-01-08,0.1162308194688988
2018-01-09,0.11683436906075872
2018-01-10,0.11727526681839517
2018-01-11,0.11752841248713342
2018-01-12,0.11779680959576044
2018-01-15,0.11810297786758461
2018-01-16,0.11852001751475605
2018-01-17,0.11893914352878454
2018-01-18,0.12003543138923156
2018-01-19,0.12053729280221415
2018-01-22,0.12079801738851259
2018-01-23,0.12106686212729478
2018-01-24,0.12133795690212335
2018-01-25,0.12163050304403455
2018-01-26,0.12208916954639104
2018-01-29,0.12334458999709863
2018-01-30,0.1257428301273844
2018-01-31,0.12853619907313707
2018-02-01,0.12956711085256867
2018-02-02,0.13029934557797773
2018-02-05,0.13078603337457473
2018-02-06,0.13112908394177225
2018-02-07,0.13134171835342823
2018-02-08,0.13148149054256209
2018-02-09,0.1316117161314967
2018-02-12,0.1317210651133882
2018-02-13,0.13182303469612133
2018-02-14,0.13197441187871028
2018-02-15,0.1323077275355189
2018-02-20,0.1325038220212571
2018-02-21,0.1325909783190582
2018-02-22,0.13268381343611857
2018-02-23,0.13269459482068147
2018-02-26,0.13282756536736606
2018-02-27,0.13299455375035407
2018-02-28,0.13392153702451726
2018-03-01,0.1340187353588762
2018-03-02,0.13399711741832743
2018-03-05,0.13393816188220775
2018-03-06,0.13382595715352164
2018-03-07,0.1336746318957971
2018-03-08,0.13357430631730782
2018-03-09,0.13346860382150716
2018-03-12,0.1333891006951804
2018-03-13,0.13331354810279805
2018-03-14,0.13321654239166758
2018-03-15,0.13315103066364742
2018-03-16,0.1330959437854995
2018-03-19,0.1330576463492772
2018-03-20,0.13300502855244645
2018-03-21,0.13289128862068456
2018-03-22,0.13281853463020799
2018-03-23,0.13285801158482435
2018-03-26,0.13283699751747147
2018-03-27,0.1332718476295014
2018-03-28,0.1335535919789077
2018-03-29,0.13503479824428233
2018-04-03,0.13537457099213057
2018-04-04,0.13564562193590923
2018-04-06,0.13575006462460681
2018-04-09,0.13576913153017234
2018-04-10,0.13566863931671058
2018-04-11,0.1355877353037327
2018-04-12,0.13547936956608275
2018-04-13,0.1354779155468666
2018-04-16,0.13560414087412376
2018-04-17,0.1357579378550744
2018-04-18,0.1357791446299883
2018-04-19,0.13576734784617184
2018-04-20,0.13564537477026573
2018-04-23,0.13574290388307375
2018-04-24,0.13676354468008523
2018-04-25,0.13803006450070487
2018-04-26,0.13932055148990763
2018-04-27,0.1405949507806259
2018-04-30,0.14190599338028687
2018-05-02,0.14260673828883075
2018-05-03,0.14337753290045718
2018-05-04,0.14414762010261928
2018-05-07,0.144918426486651
2018-05-08,0.14516022800978856
2018-05-09,0.14537396218556875
2018-05-10,0.14552541468542124
2018-05-11,0.14552522262598622
2018-05-14,0.14547317447999308
2018-05-15,0.145490350094013
2018-05-16,0.14566668828106533
2018-05-17,0.14582590601426304
2018-05-18,0.14594278841264519
2018-05-21,0.14604875088859437
2018-05-23,0.14616991366871446
2018-05-24,0.14634419506207585
2018-05-25,0.14654665484477025
2018-05-28,0.1467982550123592
2018-05-29,0.14710961284174484
2018-05-30,0.14930494044536058
2018-05-31,0.15262890126792605
2018-06-01,0.1535488214277958
2018-06-04,0.15465909609384543
2018-06-05,0.15589091299215152
2018-06-06,0.15719532361557764
2018-06-07,0.15888888138477775
2018-06-08,0.16071698175408322
2018-06-11,0.16238831554351574
2018-06-12,0.16356863644761965
2018-06-13,0.16393408120276565
2018-06-14,0.16420721225063328
2018-06-15,0.1645022704179988
2018-06-19,0.16547913259397085
2018-06-20,0.1665555931841256
2018-06-21,0.16792422080267322
2018-06-22,0.17062626705495187
2018-06-25,0.1742967443859822
2018-06-26,0.1760340856828968
2018-06-27,0.17749709758874133
2018-06-28,0.1819308164518585
2018-06-29,0.18932734820709118
2018-07-03,0.19688111297366806
2018-07-04,0.20200548370539195
2018-07-05,0.20397437437298382
2018-07-06,0.2044243571091675
2018-07-09,0.20561486587968858
2018-07-10,0.20704407054217278
2018-07-11,0.20839173001527822
2018-07-12,0.20918927790509745
2018-07-13,0.20996283677510164
2018-07-16,0.2104636387932457
2018-07-17,0.21096856180493617
2018-07-18,0.2113424444879497
2018-07-19,0.2115716125390632
2018-07-20,0.21162690732259293
2018-07-23,0.21170188752872576
2018-07-24,0.21188070348532317
2018-07-25,0.21236594645139828
2018-07-26,0.2129905572944235
2018-07-27,0.2134778666099013
2018-07-30,0.2139967248001584
2018-07-31,0.21605108233822
2018-08-01,0.21734845346328413
2018-08-02,0.2186742866982394
2018-08-03,0.2199844594492406
2018-08-06,0.22144728548740833
2018-08-07,0.22303188137728913
2018-08-08,0.22461194401981466
2018-08-09,0.22624615280031346
2018-08-10,0.22768564755135667
2018-08-13,0.2290812820901822
2018-08-14,0.230590181711543
2018-08-15,0.23219823543876306
2018-08-16,0.23359030690941474
2018-08-17,0.2353152264225944
2018-08-20,0.23731259719477205
2018-08-21,0.23918928364421443
2018-08-22,0.2409684836774728
2018-08-23,0.24254973457009665
2018-08-24,0.24384846460683285
2018-08-27,0.24533671342843455
2018-08-28,0.2469774395416069
2018-08-29,0.24918429911953144
2018-08-30,0.2513944754451769
2018-08-31,0.25399562581385204
2018-09-03,0.2570975642445683
2018-09-04,0.25955726699185
2018-09-05,0.2615703675733716
2018-09-06,0.26335331928100114
2018-09-07,0.26492995234173033
2018-09-10,0.2666411573165828
2018-09-11,0.26845952588494537
2018-09-12,0.2710445822557306
2018-09-13,0.2757061110847392
2018-09-14,0.28001172647167394
2018-09-17,0.28419960856371773
2018-09-18,0.28902868578215557
2018-09-19,0.29349346539557786
2018-09-20,0.2978721092500969
2018-09-21,0.3030354657432621
2018-09-24,0.31157777994530456
2018-09-26,0.31713476051864475
2018-09-27,0.3252676413305178
2018-09-28,0.33494758878243047
2018-10-02,0.3381000271022394
2018-10-03,0.34056179901038597
2018-10-04,0.3429444586428243
2018-10-05,0.3452372793946612
2018-10-08,0.34839749156725386
2018-10-09,0.3517202843609013
2018-10-10,0.3538192548223851
2018-10-11,0.3555154244454961
2018-10-12,0.3573875610372479
2018-10-15,0.3590838462062873
2018-10-16,0.3606755117443461
2018-10-18,0.3623048171500276
2018-10-19,0.3639405555293296
2018-10-22,0.36547551377215104
2018-10-23,0.36716038480877344
2018-10-24,0.3687600694344484
2018-10-25,0.37018236191697085
2018-10-26,0.3712012967094003
2018-10-29,0.37206902525588337
2018-10-30,0.3726796441850144
2018-10-31,0.37440255994494187
2018-11-01,0.37553656961404336
2018-11-02,0.37654414636834055
2018-11-05,0.3775301454535418
2018-11-06,0.3787050013754456
2018-11-07,0.380073642861567
2018-11-08,0.38146182912313087
2018-11-09,0.38225176170538777
2018-11-12,0.38346586314985665
2018-11-13,0.3847836081256162
2018-11-14,0.3856063775530272
2018-11-15,0.38654290573463257
2018-11-16,0.3874537540570211
2018-11-19,0.38802978373335684
2018-11-20,0.3887112107086921
2018-11-21,0.38933196944015425
2018-11-22,0.39028786719850217
2018-11-23,0.39184556502953605
2018-11-26,0.39345664554437665
2018-11-27,0.3950645614442694
2018-11-28,0.39646186608846
2018-11-29,0.3982655887030173
2018-11-30,0.40206206353869955
2018-12-03,0.40367589241283586
2018-12-04,0.405164338019115
2018-12-05,0.4070219101868666
2018-12-06,0.40868720385163204
2018-12-07,0.41009891851746527
2018-12-10,0.4118640139452845
2018-12-11,0.4136404481131617
2018-12-12,0.4154675611270031
2018-12-13,0.4174069249275547
2018-12-14,0.4198908080692343
2018-12-17,0.4227338421060711
2018-12-18,0.42486910137526923
2018-12-19,0.425741523709644
2018-12-20,0.4276504051689223
2018-12-21,0.4308917081042418
2018-12-24,0.43626390019870787
2018-12-27,0.44262692791214864
2018-12-28,0.4499221899993966
2018-12-31,0.4600707838249063
2019-01-02,0.46353018394902357
2019-01-03,0.4675751157081409
2019-01-04,0.47164228582907697
2019-01-07,0.47368816080630705
2019-01-08,0.47468733579179023
2019-01-09,0.4750653677671357
2019-01-10,0.4754140845720345
2019-01-11,0.47573483469069977
2019-01-14,0.47612751534331643
2019-01-15,0.47668007822945224
2019-01-16,0.4773374150765175
2019-01-17,0.4777974354635228
2019-01-18,0.47818866506728064
2019-01-21,0.47891439057707874
2019-01-22,0.4780902011413568
2019-01-23,0.4781965971848434
2019-01-24,0.47866691691063057
2019-01-25,0.4792370293084991
2019-01-28,0.4798342606102235
2019-01-29,0.48051677931273407
2019-01-30,0.481999760110452
2019-01-31,0.4855929096364786
2019-02-01,0.48708617856483283
2019-02-04,0.4898057406245604
2019-02-08,0.49171350257888324
2019-02-11,0.4933781387965519
2019-02-12,0.4951640553238379
2019-02-13,0.49678488885278593
2019-02-14,0.4981204208426959
2019-02-15,0.4994127151830119
2019-02-18,0.5011814756891386
2019-02-19,0.5023899114847685
2019-02-20,0.5035960487208557
2019-02-21,0.5047414578526421
2019-02-22,0.5058473664841356
2019-02-25,0.5065211933018121
2019-02-26,0.5068549000725842
2019-02-27,0.5076958245060492
2019-02-28,0.5099140117658107
2019-03-01,0.5115740753241171
2019-03-04,0.513371988060074
2019-03-05,0.5148444905878735
2019-03-06,0.5162379549525475
2019-03-07,0.5176381857971757
2019-03-08,0.5189836334615672
2019-03-11,0.5205925962395108
2019-03-12,0.5218376455457197
2019-03-13,0.5232061728961845
2019-03-14,0.5246100529094688
2019-03-15,0.5261113914662774
2019-03-18,0.5272157946242695
2019-03-19,0.527776866751628
2019-03-20,0.5287864295202338
2019-03-21,0.531299886162695
2019-03-22,0.5356438119503704
2019-03-25,0.5403415821464863
2019-03-26,0.5437857067888796
2019-03-27,0.5452672433394534
2019-03-28,0.5486668597805444
2019-03-29,0.5554492281836465
2019-04-01,0.5589092034283594
2019-04-02,0.5631535523094255
2019-04-03,0.5675268551751156
2019-04-04,0.572452808350743
2019-04-08,0.577203483715194
2019-04-09,0.5826364082811564
2019-04-10,0.5900910006047644
2019-04-11,0.5977269578699707
2019-04-12,0.6022686448381442
2019-04-15,0.6067454844547848
2019-04-16,0.6110620140557854
2019-04-17,0.6142563296046344
2019-04-18,0.6182841880675971
2019-04-23,0.6220182022832921
2019-04-24,0.6264342121451216
2019-04-25,0.6310758202006106
2019-04-26,0.6340821098259841
2019-04-29,0.6333352787593283
2019-04-30,0.6380118465193263
2019-05-02,0.6410904209801727
2019-05-03,0.6435144612511046
2019-05-06,0.6446119010269813
2019-05-07,0.6448834159001882
2019-05-08,0.6457448705064595
2019-05-09,0.6465206037384652
2019-05-10,0.647652023106593
2019-05-14,0.6487524353098406
2019-05-15,0.6498191634297434
2019-05-16,0.6509128719176083
2019-05-17,0.6520496934698361
2019-05-20,0.6539181675852879
2019-05-21,0.6560452642231596
2019-05-22,0.6579883041792023
2019-05-23,0.6599594278424714
2019-05-24,0.6622108636463953
2019-05-27,0.6641559826632282
2019-05-28,0.6668394294049307
2019-05-29,0.6696046446577952
2019-05-30,0.6719875459405555
2019-05-31,0.6761700292868822
2019-06-03,0.6789396781170298
2019-06-04,0.6819987904548963
2019-06-05,0.6849659797155461
2019-06-06,0.6880099145369245
2019-06-10,0.6904489882682219
2019-06-11,0.6929735020838823
2019-06-12,0.6971128330619747
2019-06-13,0.7032028489901032
2019-06-14,0.7075409427518498
2019-06-17,0.7111696237640519
2019-06-18,0.7147146713850194
2019-06-19,0.7187678084608073
2019-06-20,0.7238044284263223
2019-06-21,0.7296289542316314
2019-06-24,0.735989721395125
2019-06-25,0.7423407435442009
2019-06-26,0.7477846692603096
2019-06-27,0.7530129667332464
2019-06-28,0.7572503670813413
2019-07-02,0.7610411002861417
2019-07-03,0.7655788887804604
2019-07-04,0.7726968714788063
2019-07-05,0.7798051790954608
2019-07-08,0.7846691041640819
2019-07-09,0.7891052012868549
2019-07-10,0.7928323632487855
2019-07-11,0.7963482544382172
2019-07-12,0.7988963501947
2019-07-15,0.8004334863382034
2019-07-16,0.8020376140174701
2019-07-17,0.8037428171812744
2019-07-18,0.805411389607702
2019-07-19,0.8078811899489002
2019-07-22,0.8107106497895256
2019-07-23,0.8132633617876639
2019-07-24,0.8156678468814293
2019-07-25,0.8183414413270862
2019-07-26,0.8209173779666568
2019-07-29,0.8230943076350306
2019-07-30,0.8247450860569217
2019-07-31,0.8260055526109644
2019-08-01,0.8277201284319968
2019-08-02,0.8292846031246803
2019-08-05,0.8320840505839255
2019-08-06,0.8355035700482905
2019-08-07,0.8373349856989343
2019-08-08,0.8388273465145257
2019-08-09,0.8396750532868147
2019-08-12,0.8401690556302022
2019-08-13,0.8409748630910929
2019-08-14,0.8416874062241231
2019-08-15,0.8441901200455737
2019-08-16,0.8490144355911555
2019-08-19,0.8513563928148615
2019-08-20,0.8536906953931611
2019-08-21,0.8559157434648412
2019-08-22,0.8578095913606587
2019-08-23,0.8596028927703392
2019-08-26,0.8608383129518282
2019-08-27,0.8622568824799615
2019-08-28,0.8633963481315066
2019-08-29,0.8648231912909088
2019-08-30,0.8680052961570484
2019-09-02,0.8718431430337015
2019-09-03,0.8737589336139218
2019-09-04,0.8747183117904678
2019-09-05,0.87546630434856
2019-09-06,0.8762852191339876
2019-09-09,0.8772542112842396
2019-09-10,0.878817420770317
2019-09-11,0.8804857616836914
2019-09-12,0.8821524165974148
2019-09-13,0.8837229155927995
2019-09-16,0.884677440952486
2019-09-17,0.8855467899193448
2019-09-18,0.8862160881276226
2019-09-19,0.8863840005946866
2019-09-20,0.886521454007938
2019-09-23,0.8868092418544915
2019-09-24,0.8860199881599806
2019-09-25,0.8867774587939081
2019-09-26,0.8899213537276074
2019-09-27,0.8945491209872314
2019-09-30,0.901774978995884
2019-10-02,0.905133041919548
2019-10-03,0.9081008671979252
2019-10-04,0.9108200488491924
2019-10-08,0.9152563294668736
2019-10-09,0.9184618854443993
2019-10-10,0.9205431758555926
2019-10-11,0.922110370483642
2019-10-14,0.9244127430466431
2019-10-15,0.9260111873334642
2019-10-16,0.9275069606408559
2019-10-17,0.9287289416056943
2019-10-18,0.930234110241912
2019-10-21,0.9320583188049181
2019-10-22,0.933989630193266
2019-10-23,0.9355705356694832
2019-10-24,0.9383154050019771
2019-10-25,0.942184622883091
2019-10-28,0.9452058895451865
2019-10-29,0.947040253078324
2019-10-30,0.9511708778464412
2019-10-31,0.9562748129502641
2019-11-01,0.9597999187868078
2019-11-04,0.9621785831320784
2019-11-05,0.9638484955467597
2019-11-06,0.9653879570486357
2019-11-07,0.9671870445332464
2019-11-08,0.968846055609518
2019-11-11,0.9718099409886216
2019-11-12,0.9766066427989717
2019-11-13,0.9815590738991187
2019-11-14,0.9865866355262876
2019-11-15,0.9913083607717255
2019-11-18,0.9954827629492069
2019-11-19,0.999085492451357
2019-11-20,1.0019918413812112
2019-11-21,1.0037139883927404
2019-11-22,1.007092370890894
2019-11-25,1.009623324943032
2019-11-26,1.0126319834744768
2019-11-27,1.0157014745339366
2019-11-28,1.0187790170480326
2019-11-29,1.0222520248331923
2019-12-02,1.0244138854370588
2019-12-03,1.0261542749252728
2019-12-04,1.028434100253528
2019-12-05,1.030524988688608
2019-12-06,1.0327317313178597
2019-12-09,1.0343808974887292
2019-12-10,1.0360471399159188
2019-12-11,1.03749082389617
2019-12-12,1.0373492100734127
2019-12-13,1.0368909628760248
2019-12-16,1.0395077850612555
2019-12-17,1.0407404558692157
2019-12-18,1.0407514175444499
2019-12-19,1.0375960174160204
2019-12-20,1.0345120744659875
2019-12-23,1.0344819042188869
2019-12-24,1.0393835052301847
2019-12-27,1.0454804751607538
2019-12-30,1.050660106328971
2019-12-31,1.0613658274131188
2020-01-02,1.0651071748176033
2020-01-03,1.0695537765491592
2020-01-06,1.0733612392038516
2020-01-07,1.0772134387937449
2020-01-08,1.0815078102770492
2020-01-09,1.0860845106885009
2020-01-10,1.091479527468886
2020-01-13,1.0958853378116862
2020-01-14,1.0992983852440963
2020-01-15,1.101823894390841
2020-01-16,1.1041814284256546
2020-01-17,1.1070058716885045
2020-01-20,1.111686794992317
2020-01-21,1.116306434725134
2020-01-22,1.1189047356465975
2020-01-23,1.1207986526663882
2020-01-24,1.1228903000538804
2020-01-29,1.126693963934211
2020-01-30,1.1305555861784056
2020-01-31,1.1332726281045202
2020-02-03,1.1358013055513094
2020-02-04,1.1377075300957218
2020-02-05,1.1397134343181126
2020-02-06,1.1410600684680139
2020-02-07,1.1422448964700793
2020-02-10,1.1433774484054693
2020-02-11,1.1445932833756611
2020-02-12,1.1453034706272236
2020-02-13,1.145787544386656
2020-02-14,1.1466542490907061
2020-02-17,1.1482310519920214
2020-02-18,1.1496361845295011
2020-02-19,1.1513748807365554
2020-02-20,1.152742148462993
2020-02-21,1.1539178554427654
2020-02-24,1.1545017079904074
2020-02-25,1.1552953506463348
2020-02-26,1.155418424228527
2020-02-27,1.155074007901824
2020-02-28,1.1561864914593656
2020-03-02,1.1572393253191704
2020-03-03,1.1581939271974262
2020-03-04,1.1587397566920066
2020-03-05,1.158650516883175
2020-03-06,1.1584618387714407
2020-03-09,1.1574783828711244
2020-03-10,1.1544421389952708
2020-03-11,1.151623074270991
2020-03-12,1.1487767334303678
2020-03-13,1.1454130788063344
2020-03-16,1.1435139873728017
2020-03-17,1.1413560417985025
2020-03-18,1.138716501912107
2020-03-19,1.132384050283175
2020-03-20,1.128136951683345
2020-03-23,1.1219318781395593
2020-03-24,1.1147372429402669
2020-03-25,1.1155637529105311
2020-03-26,1.116815725390019
2020-03-27,1.118455965617704
2020-03-30,1.1199961710876893
2020-03-31,1.1211428900508524
2020-04-01,1.1194902393416584
2020-04-02,1.1194628130194006
2020-04-03,1.1200984410971504
2020-04-06,1.1201376416684061
2020-04-07,1.1202960788094352
2020-04-08,1.1205457724006163
2020-04-09,1.120807157514192
2020-04-14,1.1214241220704135
2020-04-15,1.1217182552656801
2020-04-16,1.1219370341350343
2020-04-17,1.1222676831426082
2020-04-20,1.1231313926254982
2020-04-21,1.1241441638443206
2020-04-22,1.1255470049961191
2020-04-23,1.1271557760368367
2020-04-24,1.1273833772430297
2020-04-27,1.128069926793973
2020-04-28,1.1286641099118366
2020-04-29,1.1292319203799694
2020-05-04,1.1292604578548193
2020-05-05,1.1282666628060989
2020-05-06,1.1271606961649638
2020-05-07,1.1265967717727587
2020-05-08,1.1258176362118455
2020-05-11,1.125018476387507
2020-05-12,1.1248318262409684
2020-05-13,1.1245274297337682
2020-05-14,1.1239577860842065
2020-05-15,1.1232944187822724
2020-05-18,1.1225693296899486
2020-05-19,1.121940435378832
2020-05-20,1.121030541662238
2020-05-21,1.1195066870705261
2020-05-22,1.1183002831944622
2020-05-25,1.1172493360322333
2020-05-26,1.11618429694762
2020-05-27,1.114703901934555
2020-05-28,1.111103228246435
2020-05-29,1.1097619378450219
2020-06-01,1.1082308586659595
2020-06-02,1.106238626486844
2020-06-03,1.1044176140748707
2020-06-04,1.1028649257120993
2020-06-05,1.101268363178587
2020-06-08,1.0997224855076038
2020-06-09,1.0981079684495576
2020-06-10,1.0962564434742417
2020-06-11,1.0937304047096141
2020-06-12,1.0909419074238258
2020-06-15,1.0888780927911235
2020-06-16,1.0872715291365243
2020-06-17,1.0852712358709216
2020-06-18,1.0819131596586873
2020-06-19,1.0764592175860566
2020-06-22,1.0701965377104994
2020-06-23,1.0629924269865976
2020-06-24,1.0529166747256902
2020-06-26,1.049462532456391
2020-06-29,1.045375376101254
2020-06-30,1.0414685989046601
2020-07-02,1.0394590524582803
2020-07-03,1.0384875345127664
2020-07-06,1.0382170573093097
2020-07-07,1.0379911480304704
2020-07-08,1.0378079240799698
2020-07-09,1.0375385282583638
2020-07-10,1.0370065208328505
2020-07-13,1.0363784077631166
2020-07-14,1.0358867926043347
2020-07-15,1.0354337668228242
2020-07-16,1.034439920647312
2020-07-17,1.0337154122689096
2020-07-20,1.0330477362457957
2020-07-21,1.0324277294781803
2020-07-22,1.03174126743657
2020-07-23,1.0310392541474922
2020-07-24,1.030246346832997
2020-07-27,1.0286787696595523
2020-07-28,1.0249736450872016
2020-07-29,1.023358987752876
2020-07-30,1.0205045918378675
2020-07-31,1.018535673067178
2020-08-03,1.016869782600871
2020-08-04,1.0150746501035313
2020-08-05,1.013443852344209
2020-08-06,1.0120790281225478
2020-08-07,1.0107284738950728
2020-08-10,1.008899106618455
2020-08-11,1.0076160061298856
2020-08-12,1.0063206076184272
2020-08-13,1.00508795868397
2020-08-14,1.0038860406509587
2020-08-17,1.0028109284346387
2020-08-18,1.001786604715904
2020-08-19,1.0008426485821786
2020-08-20,0.9984859260857126
2020-08-21,0.9967310188158107
2020-08-24,0.9946989792064542
2020-08-25,0.9929597983957317
2020-08-26,0.9914714061220131
2020-08-27,0.9899982256748707
2020-08-28,0.9892637762290546
2020-08-31,0.9883376790990717
2020-09-01,0.9876787460718184
2020-09-02,0.9867266539383523
2020-09-03,0.9856868388884221
2020-09-04,0.9844720434545318
2020-09-07,0.9831227206122284
2020-09-08,0.9813230692911734
2020-09-09,0.9792100043773733
2020-09-10,0.976299149640103
2020-09-11,0.9715704735508313
2020-09-14,0.9663497696399403
2020-09-15,0.9620766139498249
2020-09-16,0.9580732838239792
2020-09-17,0.9540227368381782
2020-09-18,0.946819627204798
2020-09-21,0.9431604593135967
2020-09-22,0.9389021460177505
2020-09-23,0.9344531283812296
2020-09-24,0.9293701069827742
2020-09-25,0.9244490051296905
2020-09-28,0.9189260621029538
2020-09-29,0.9114806083349247
2020-09-30,0.9038736093002431
2020-10-05,0.899304235800269
2020-10-06,0.8945856652864626
2020-10-07,0.8897689418561283
2020-10-08,0.8860735554354182
2020-10-09,0.8815897992647148
2020-10-12,0.8771708009191803
2020-10-14,0.8722291463234111
2020-10-15,0.8670374261465108
2020-10-16,0.8626838103849233
2020-10-19,0.858186946952566
2020-10-20,0.852072608662624
2020-10-21,0.8477878516989668
2020-10-22,0.8441164650438981
2020-10-23,0.8416341875524092
2020-10-27,0.8395670328612104
2020-10-28,0.8376596297483996
2020-10-29,0.8354866674104233
2020-10-30,0.8342742379963353
2020-11-02,0.8324400876518423
2020-11-03,0.8305942844585079
2020-11-04,0.8286511664824969
2020-11-05,0.8266711522479486
2020-11-06,0.8240595885090185
2020-11-09,0.8214567655054239
2020-11-10,0.8191105529878451
2020-11-11,0.8167417465289262
2020-11-12,0.8140318655684542
2020-11-13,0.8103608497033177
2020-11-16,0.8062176040968039
2020-11-17,0.8022231299637417
2020-11-18,0.7991224941353181
2020-11-19,0.7940370628342519
2020-11-20,0.7904869736212072
2020-11-23,0.787091498193182
2020-11-24,0.7839314389431529
2020-11-25,0.780687709207406
2020-11-26,0.7781767884470048
2020-11-27,0.7755781046582033
2020-11-30,0.7713443018833921
2020-12-01,0.765149013485833
2020-12-02,0.7606902583767949
2020-12-03,0.7565818482366815
2020-12-04,0.7526939548358147
2020-12-07,0.7484801044026934
2020-12-08,0.7433511951864258
2020-12-09,0.7373322119523573
2020-12-10,0.7307206924415555
2020-12-11,0.7238411752533258
2020-12-14,0.7169731643789534
2020-12-15,0.710437916020501
2020-12-16,0.702425731405909
2020-12-17,0.6971400997159094
2020-12-18,0.6915897878128519
2020-12-21,0.683498862979226
2020-12-22,0.6755598103772131
2020-12-23,0.6698985500209975
2020-12-24,0.6648050770807101
2020-12-28,0.6605792086494144
2020-12-29,0.6567580580459698
2020-12-30,0.6539009216781633
2020-12-31,0.652061361619416
2021-01-04,0.6499927425821728
2021-01-05,0.6478157995890355
2021-01-06,0.6449890821032866
2021-01-07,0.6419282997270459
2021-01-08,0.6388448941920366
2021-01-11,0.6361002344830613
2021-01-12,0.6335097661385181
2021-01-13,0.630620375412283
2021-01-14,0.6275892262310068
2021-01-15,0.6241023396587941
2021-01-18,0.6199781342168365
2021-01-19,0.6158510379865811
2021-01-20,0.6130561455578443
2021-01-21,0.6107140387930476
2021-01-22,0.6073830254221146
2021-01-25,0.6035712808082128
2021-01-26,0.6014531935082834
2021-01-27,0.5997097871528689
2021-01-28,0.5986255274317065
2021-01-29,0.5983831280367058
2021-02-01,0.5976777617734852
2021-02-02,0.5969421932600083
2021-02-03,0.5942450338669136
2021-02-04,0.5891423823172204
2021-02-05,0.5865850032811037
2021-02-08,0.5840261735695629
2021-02-09,0.5815848799107792
2021-02-10,0.5796267776623454
2021-02-11,0.5777672233499898
2021-02-16,0.5756838785248464
2021-02-17,0.5740744738866654
2021-02-18,0.5728477061057946
2021-02-19,0.5713925073301152
2021-02-22,0.5682241682414046
2021-02-23,0.5643916739093813
2021-02-24,0.5624748709817551
2021-02-25,0.5615055685143755
2021-02-26,0.5607505917807343
2021-03-01,0.5599001308061347
2021-03-02,0.5588978756529972
2021-03-03,0.5572964804099412
2021-03-04,0.5555750519135483
2021-03-05,0.5538528263935305
2021-03-08,0.5522261120001204
2021-03-09,0.5512466053509302
2021-03-10,0.5503364183830239
2021-03-11,0.5494805083112508
2021-03-12,0.548797272473589
2021-03-15,0.548073243848135
2021-03-16,0.5473434631000362
2021-03-17,0.5465121501904369
2021-03-18,0.5452818067194221
2021-03-19,0.5417345020750863
2021-03-22,0.5368795631962353
2021-03-23,0.5294781439822538
2021-03-24,0.526054668072673
2021-03-25,0.5230509297877273
2021-03-26,0.5203118207061985
2021-03-29,0.5157359598206401
2021-03-30,0.5122434492338401
2021-03-31,0.5098219341286514
2021-04-01,0.5079801050371424
2021-04-07,0.5054246517814276
2021-04-08,0.5035488429311119
2021-04-09,0.501709524309546
2021-04-12,0.4991834708391707
2021-04-13,0.49607560958415675
2021-04-14,0.49265916264291665
2021-04-15,0.4891683622433529
2021-04-16,0.4860227372906589
2021-04-19,0.48238442205608134
2021-04-20,0.4775561320164545
2021-04-21,0.47357435104677936
2021-04-22,0.47076373005880967
2021-04-23,0.4662433003299826
2021-04-26,0.46082887532641337
2021-04-27,0.4570325358619787
2021-04-28,0.45451996233596414
2021-04-29,0.45275202168555406
2021-04-30,0.45110170667321814
2021-05-03,0.44904178607043654
2021-05-04,0.44714567446020315
2021-05-05,0.44398510173022654
2021-05-06,0.4389678320396717
2021-05-07,0.4337549633232962
2021-05-10,0.4283871637117631
2021-05-11,0.42328893606855544
2021-05-12,0.4185540784063413
2021-05-13,0.4138145197737142
2021-05-14,0.40843653510953537
2021-05-17,0.4031609689935767
2021-05-18,0.3986503749701109
2021-05-20,0.3947834438188025
2021-05-21,0.3903389311571859
2021-05-24,0.38577352558064604
2021-05-25,0.38080830820066414
2021-05-26,0.3753035924266346
2021-05-27,0.37117556089887316
2021-05-28,0.36798061522889114
2021-05-31,0.36503942631305186
2021-06-01,0.362387440436196
2021-06-02,0.3596250219019881
2021-06-03,0.3567901221710912
2021-06-04,0.35383433150300014
2021-06-07,0.35074649876791764
2021-06-08,0.3475504165442622
2021-06-09,0.3437772168799702
2021-06-10,0.338910040882312
2021-06-11,0.3345969484084499
2021-06-15,0.32958228628003905
2021-06-16,0.3246599758811364
2021-06-17,0.31960697504176405
2021-06-18,0.31399477919764607
2021-06-21,0.30665906588436265
2021-06-22,0.29978822949376926
2021-06-23,0.29330529971851593
2021-06-24,0.2811439204901012
2021-06-25,0.27598273084743496
2021-06-28,0.2706831392926601
2021-06-29,0.2660251663862301
2021-06-30,0.2616016812029498
2021-07-02,0.2567854843886552
2021-07-05,0.251811402766422
2021-07-06,0.24616768188545635
2021-07-07,0.2416866045371835
2021-07-08,0.23817609960345987
2021-07-09,0.2354305557365377
2021-07-12,0.2321838301882373
2021-07-13,0.22870811916573253
2021-07-14,0.223527442699889
2021-07-15,0.2183512072124083
2021-07-16,0.21364621860366917
2021-07-19,0.21039509179887617
2021-07-20,0.20692666971047213
2021-07-21,0.2017769029399208
2021-07-22,0.19640881919473774
2021-07-23,0.1920655075103639
2021-07-26,0.18790436152222867
2021-07-27,0.1843416710652468
2021-07-28,0.1809059627414511
2021-07-29,0.17811039110804394
2021-07-30,0.1754099106016982
2021-08-02,0.17261100690895148
2021-08-03,0.1698940171953156
2021-08-04,0.16725588737214192
2021-08-05,0.16464609140216524
2021-08-06,0.16176066488038376
2021-08-09,0.15818800906557406
2021-08-10,0.15508273543527462
2021-08-11,0.15196405853916684
2021-08-12,0.1490327104931799
2021-08-13,0.1461452095445015
2021-08-16,0.14329129104753147
2021-08-17,0.1402275498850969
2021-08-18,0.13747574641473914
2021-08-19,0.13469836829209658
2021-08-20,0.1311089306399671
2021-08-23,0.12800740461433868
2021-08-24,0.12523604835654734
2021-08-25,0.12306019642549515
2021-08-26,0.12136781638740768
2021-08-27,0.11967532770555955
2021-08-30,0.11801249124012703
2021-08-31,0.11631888017125114
2021-09-01,0.11474310182064684
2021-09-02,0.1133163090776046
2021-09-03,0.11172494425415458
2021-09-06,0.10904059619336604
2021-09-07,0.10670177486629129
2021-09-08,0.1040723567250934
2021-09-09,0.10166385626670937
2021-09-10,0.10023080514345306
2021-09-13,0.09817616014069497
2021-09-14,0.09553506440804771
2021-09-15,0.09148157931637702
2021-09-16,0.08768661117559695
2021-09-17,0.08358680397766438
2021-09-20,0.07970933261995938
2021-09-21,0.07533831648121048
2021-09-23,0.07355563651132435
2021-09-24,0.07137578059761562
2021-09-27,0.0689282868527874
2021-09-28,0.06690603089414271
2021-09-29,0.06494596449286849
2021-09-30,0.06300315256329014
2021-10-04,0.061004674068598774
2021-10-05,0.05863388767362032
2021-10-06,0.05648609996231624
2021-10-07,0.054353489503000674
2021-10-08,0.05225428367661156
2021-10-11,0.04987929164264049
2021-10-12,0.047746794750391786
2021-10-15,0.04538155784801212
2021-10-18,0.04307464710875397
2021-10-19,0.041042745444896944
2021-10-20,0.039157021397517866
2021-10-21,0.037475104038797724
2021-10-22,0.03584367053912629
2021-10-25,0.03457523253238559
2021-10-26,0.034113732829799126
2021-10-27,0.03375629726334317
2021-10-28,0.03346230860568067
2021-10-29,0.03295153778024584
2021-11-01,0.03237850319959268
2021-11-02,0.031690203224643554
2021-11-03,0.031005662479421936
2021-11-04,0.03053560131585087
2021-11-05,0.030346393302904673
2021-11-08,0.030199499685057418
2021-11-09,0.030064719492317593
2021-11-10,0.029920923105897224
2021-11-11,0.029788280909492926
2021-11-12,0.02928555865289173
2021-11-15,0.028639483607806326
2021-11-16,0.028196674063418747
2021-11-17,0.027756278137669455
2021-11-18,0.027357511872971862
2021-11-19,0.026935480768375264
2021-11-22,0.02673986697898645
2021-11-23,0.026623452525975644
2021-11-24,0.0265263857435194
2021-11-25,0.026472453714454502
2021-11-26,0.026166483579692645
2021-11-29,0.02586322740869562
2021-11-30,0.025619877700999716
2021-12-01,0.025510945954732023
2021-12-02,0.02548370616004547
2021-12-03,0.025342492421365215
2021-12-06,0.025196921633119373
2021-12-07,0.025036114390686315
2021-12-08,0.024880842978447504
2021-12-09,0.024833105125199317
2021-12-10,0.02479262936125881
2021-12-13,0.024561449405502422
2021-12-14,0.024337394989282224
2021-12-15,0.024121863660053755
2021-12-16,0.024010658927253736
2021-12-17,0.02394299892491958
2021-12-20,0.02369557059060945
2021-12-21,0.023569486166707954
2021-12-22,0.023452910957577622
2021-12-23,0.02324510936129176
2021-12-24,0.023041254305011805
2021-12-28,0.022849484626519256
2021-12-29,0.022808406856889007
2021-12-30,0.022756148449309954
2021-12-31,0.02267856928250822
2022-01-03,0.02263727229416812
2022-01-04,0.022613486115052872
2022-01-05,0.022628146955772088
2022-01-06,0.02264280780204242
2022-01-07,0.022652316801319294
2022-01-10,0.022715838018227963
2022-01-11,0.02290390807260234
2022-01-12,0.023063149972091246
2022-01-13,0.023200359656461167
2022-01-14,0.02333028016860972
2022-01-17,0.023467709449431773
2022-01-18,0.02364180504776936
2022-01-19,0.023697927888122194
2022-01-20,0.023704532186674676
2022-01-21,0.02363062436061547
2022-01-24,0.023639530563168698
2022-01-25,0.023676059699129226
2022-01-26,0.023820422513343154
2022-01-27,0.024022963790160112
2022-01-28,0.024203308400183587
2022-01-31,0.024437118284037496
2022-02-04,0.024630206459508308
2022-02-07,0.024812114184635803
2022-02-08,0.02496338451769553
2022-02-09,0.02512175274327344
2022-02-10,0.025240522249414532
2022-02-11,0.025281135215537986
2022-02-14,0.025327640098815607
2022-02-15,0.025372336326201506
2022-02-16,0.025377789760572256
2022-02-17,0.02538433936389861
2022-02-18,0.02538431195959756
2022-02-21,0.025365540082478155
2022-02-22,0.024728561271802896
2022-02-23,0.023986328931124845
2022-02-24,0.023363252412167412
2022-02-25,0.02291394443376671
2022-02-28,0.022690853414220058
2022-03-01,0.0222949848274423
2022-03-02,0.021977572867415418
2022-03-03,0.02193422092058306
2022-03-04,0.02194740188607991
2022-03-07,0.02198302612312908
2022-03-08,0.021976778177457135
2022-03-09,0.021954143081481803
2022-03-10,0.021947758121387828
2022-03-11,0.021907612358051942
2022-03-14,0.021819538381584458
2022-03-15,0.02168224840402022
2022-03-16,0.021512705165394053
2022-03-17,0.021369003315485635
2022-03-18,0.02127980632014026
2022-03-21,0.021275065588444164
2022-03-22,0.021287369570277548
2022-03-23,0.021260103514042505
2022-03-24,0.021092999871297202
2022-03-25,0.020884874324611502
2022-03-28,0.020704343890720622
2022-03-29,0.020630054645054408
2022-03-30,0.020640960997497793
2022-03-31,0.020708618770948206
2022-04-01,0.020703220395401623
2022-04-04,0.020703384812925663
2022-04-06,0.020609749122124654
2022-04-07,0.020604761795950388
2022-04-08,0.02054209141642005
2022-04-11,0.020555244795561478
2022-04-12,0.020536775261770224
2022-04-13,0.020533596529448417
2022-04-14,0.020568206352788998
2022-04-19,0.020572289381926012
2022-04-20,0.020571412489744922
2022-04-21,0.02044609926716845
2022-04-22,0.02045810171533713
2022-04-25,0.019443932505258665
2022-04-26,0.019205448509129752
2022-04-27,0.01901291885126888
2022-04-28,0.018956661641489347
2022-04-29,0.019002259311196035
2022-05-03,0.019047500776525617
2022-05-04,0.019081890883287933
2022-05-05,0.019120583194731644
2022-05-06,0.01916152252317005
2022-05-10,0.019219067789766342
2022-05-11,0.019273818031328993
2022-05-12,0.019320155723190346
2022-05-13,0.019354765145029873
2022-05-16,0.01938723717753721
2022-05-17,0.019410364945482428
2022-05-18,0.019443741283042826
2022-05-19,0.01948265295392826
2022-05-20,0.019526908146860755
2022-05-23,0.019565491019135628
2022-05-24,0.019529401796791745
2022-05-25,0.019540061408629406
2022-05-26,0.019546884656795882
2022-05-27,0.019580151424536396
2022-05-30,0.019604567152109453
2022-05-31,0.01975117117303249
2022-06-01,0.019777285910405062
2022-06-02,0.01975487053540448
2022-06-06,0.019732646984582658
2022-06-07,0.019726590998692117
2022-06-08,0.01973440075397903
2022-06-09,0.01972686502511589
2022-06-10,0.019734976209551114
2022-06-13,0.01978262942048392
2022-06-14,0.020005796740418802
2022-06-15,0.020194190494837727
2022-06-16,0.020360744621372717
2022-06-17,0.02058139224674349
2022-06-20,0.02080617818773778
2022-06-21,0.021308364752892217
2022-06-22,0.021879226013266084
2022-06-23,0.02245663991198299
2022-06-24,0.022889504158163376
2022-06-27,0.023415487457345563
2022-06-28,0.024364393941955775
2022-06-29,0.025860621211615253
2022-06-30,0.028947089956243843
2022-07-04,0.030927443562300816
2022-07-05,0.03270947362625787
2022-07-06,0.034327507854081674
2022-07-07,0.03460297186164141
2022-07-08,0.03477160530045431
2022-07-11,0.03499332590826132
2022-07-12,0.035340351190393804
2022-07-13,0.035802870690404553
2022-07-14,0.03598841651735185
2022-07-15,0.03616324651201097
2022-07-18,0.03638505268732661
2022-07-19,0.03661253264735098
2022-07-20,0.036821102094553027
2022-07-21,0.03728817804131701
2022-07-22,0.037939324707059185
2022-07-25,0.03931305085929093
2022-07-26,0.04141121682275095
2022-07-27,0.043168345226152205
2022-07-28,0.04553845506549692
2022-07-29,0.04763381454493398
2022-08-01,0.049698518569352146
2022-08-02,0.05212882101985894
2022-08-03,0.0546642237625905
2022-08-04,0.057356433985389366
2022-08-05,0.059930950332809374
2022-08-08,0.062385730718772514
2022-08-09,0.06509626325930107
2022-08-10,0.06841603186837908
2022-08-11,0.07214808800251049
2022-08-12,0.0759944758824016
2022-08-15,0.0800996194960879
2022-08-16,0.08454144736040892
2022-08-17,0.08872720130903566
2022-08-18,0.09211102205763932
2022-08-19,0.09484254879634779
2022-08-22,0.09725096680088807
2022-08-23,0.09969002064664778
2022-08-24,0.10216286636772764
2022-08-25,0.10462891686806586
2022-08-26,0.10717977435019677
2022-08-29,0.10943882279244033
2022-08-30,0.11206692831078335
2022-08-31,0.11518000142838325
2022-09-01,0.11765734419206808
2022-09-02,0.12022307124950338
2022-09-05,0.12258514003096188
2022-09-06,0.12528071379376282
2022-09-07,0.12772966798122454
2022-09-08,0.13022331436731704
2022-09-09,0.13284746644195433
2022-09-13,0.13630704205009891
2022-09-14,0.14030832360658607
2022-09-15,0.14442540627772615
2022-09-16,0.14806723285474277
2022-09-19,0.15141028437872794
2022-09-20,0.1542626782704115
2022-09-21,0.15721484116471007
2022-09-22,0.16117725183992793
2022-09-23,0.16485198620010966
2022-09-26,0.16847962724699794
2022-09-27,0.1721876441986625
2022-09-28,0.17632870666530742
2022-09-29,0.18104432121870406
2022-09-30,0.18705139528440995
2022-10-03,0.1915946988707784
2022-10-05,0.19491282429104917
2022-10-06,0.19793127101879193
2022-10-07,0.20039421812048097
2022-10-10,0.2036494676915579
2022-10-11,0.20808371194984687
2022-10-12,0.21255376059028386
2022-10-13,0.21699097956155988
2022-10-14,0.22149269862321574
2022-10-17,0.22597468547158606
2022-10-18,0.2306177010671151
2022-10-19,0.2354714434113614
2022-10-20,0.24051946576999494
2022-10-21,0.24571755378837157
2022-10-24,0.25047710994998695
2022-10-25,0.2552512292693043
2022-10-26,0.26018590188980895
2022-10-27,0.26568059878357975
2022-10-28,0.27230035766521166
2022-10-31,0.2808672087260655
2022-11-01,0.2866302799413134
2022-11-03,0.291555314135139
2022-11-04,0.29593415249571375
2022-11-07,0.30016897560463107
2022-11-08,0.30374320575081715
2022-11-09,0.3075692293449839
2022-11-10,0.31092612446466106
2022-11-11,0.3171679904482527
2022-11-14,0.3241844726005416
2022-11-15,0.3318798835185488
2022-11-16,0.34106755675202827
2022-11-17,0.3518512769215443
2022-11-18,0.36055906583010167
2022-11-21,0.36880919397177525
2022-11-22,0.3772853784477892
2022-11-23,0.3843722053332055
2022-11-24,0.3920066957647794
2022-11-25,0.40156612967010563
2022-11-28,0.4108998689208887
2022-11-29,0.42045945125435136
2022-11-30,0.43203209368267714
2022-12-01,0.44268941074721013
2022-12-02,0.45298598955194613
2022-12-05,0.4636102216597493
2022-12-06,0.473824255955968
2022-12-07,0.48085967869209156
2022-12-08,0.4869374756057976
2022-12-09,0.4927037179581317
2022-12-12,0.4983248656944994
2022-12-13,0.5061386218069286
2022-12-14,0.5124712226126871
2022-12-15,0.5178505384082044
2022-12-16,0.5225961078208385
2022-12-19,0.5272712051646256
2022-12-20,0.5312055380485514
2022-12-21,0.5345495351928076
2022-12-22,0.5377642712008246
2022-12-23,0.5415886168731232
2022-12-28,0.545391815365992
2022-12-29,0.5516085493543876
2022-12-30,0.5606129023079554
2023-01-03,0.565732345354375
2023-01-04,0.5703797208421735
2023-01-05,0.5749263826386075
2023-01-06,0.5802055455567334
2023-01-09,0.5858048583096354
2023-01-10,0.5905451773299042
2023-01-11,0.5937942790707362
2023-01-12,0.5967182509466262
2023-01-13,0.5997621694844302
2023-01-16,0.6045156315839018
2023-01-17,0.6084620014478626
2023-01-18,0.6117448675281079
2023-01-19,0.6143671934405015
2023-01-20,0.6182441248569814
2023-01-26,0.6216952459665803
2023-01-27,0.625187230568014
2023-01-30,0.6284736743015218
2023-01-31,0.6321878281281501
2023-02-01,0.6352051938151249
2023-02-02,0.6376930886130117
2023-02-03,0.6401983602568828
2023-02-06,0.6433559805292699
2023-02-07,0.6464421190436775
2023-02-08,0.6494198745826907
2023-02-09,0.6516398419158964
2023-02-10,0.6537933177026334
2023-02-13,0.6558143072736611
2023-02-14,0.6576868902734567
2023-02-15,0.659530165756661
2023-02-16,0.6616426909785256
2023-02-17,0.6650806575812185
2023-02-20,0.6741302810606031
2023-02-21,0.6815587890874664
2023-02-22,0.6870585942999607
2023-02-23,0.6932166418708308
2023-02-24,0.6995248363070194
2023-02-27,0.7061552498467405
2023-02-28,0.7163035866659007
2023-03-01,0.7222333474789622
2023-03-02,0.7274346430034218
2023-03-03,0.7328640440198653
2023-03-06,0.7381416173782185
2023-03-07,0.7434005890762707
2023-03-08,0.7489700144910127
2023-03-09,0.7546011081186244
2023-03-10,0.7606726622256144
2023-03-13,0.7669144951533813
2023-03-14,0.7721045979281804
2023-03-15,0.7761147474217411
2023-03-16,0.7798389628913327
2023-03-17,0.7837527543866907
2023-03-20,0.7878652556942312
2023-03-21,0.7974542121673256
2023-03-22,0.8041460577732584
2023-03-23,0.8093209276749835
2023-03-24,0.8129330218490827
2023-03-27,0.8164606730268087
2023-03-28,0.8199296700978964
2023-03-29,0.8236164750120123
2023-03-30,0.8270909118832881
2023-03-31,0.833117940605721
2023-04-03,0.8362800393899361
2023-04-04,0.8395080433609925
2023-04-06,0.8427888909803949
2023-04-11,0.8462835214049669
2023-04-12,0.850128775770087
2023-04-13,0.8549788097243605
2023-04-14,0.8599865484803182
2023-04-17,0.864292412468104
2023-04-18,0.8688394290190748
2023-04-19,0.8742057329608643
2023-04-20,0.880140119123296
2023-04-21,0.8875747620190833
2023-04-24,0.8958594534334674
2023-04-25,0.9043724904271855
2023-04-26,0.9127527478824504
2023-04-27,0.921082442796739
2023-04-28,0.9313000762494417
2023-05-02,0.939825284374951
2023-05-03,0.9484096747525372
2023-05-04,0.9576938272866542
2023-05-05,0.9671465070915763
2023-05-08,0.9767280096697251
2023-05-09,0.9862618693339487
2023-05-10,0.9985180283917705
2023-05-11,1.011572315096454
2023-05-12,1.0227552310976273
2023-05-15,1.0332971028500948
2023-05-16,1.0448413822507163
2023-05-17,1.0568111718683992
2023-05-18,1.069558412105498
2023-05-19,1.0827701871546802
2023-05-22,1.095648010903627
2023-05-23,1.1063137619105046
2023-05-24,1.114306166686907
2023-05-25,1.1232140508095956
2023-05-29,1.1348414349269031
2023-05-30,1.1456357236266035
2023-05-31,1.156153525551118
2023-06-01,1.1651454411581552
2023-06-02,1.170951262288833
2023-06-05,1.176241777702769
2023-06-06,1.18141395841731
2023-06-07,1.1875556390471775
2023-06-08,1.1955753722709073
2023-06-09,1.205597111149559
2023-06-12,1.21547995823017
2023-06-13,1.2254415536270713
2023-06-14,1.2358933945149086
2023-06-15,1.2476333419898955
2023-06-16,1.2604685683586636
2023-06-19,1.2752991124293844
2023-06-20,1.289841930817448
2023-06-21,1.3036780871841458
2023-06-23,1.317228986613772
2023-06-26,1.330581229190031
2023-06-27,1.3436906749803246
2023-06-28,1.3573721540524941
2023-06-29,1.3722804743744765
2023-06-30,1.3878139715697735
2023-07-03,1.4014388174096393
2023-07-04,1.415530577203028
2023-07-05,1.4300656354383268
2023-07-06,1.4448687767121715
2023-07-07,1.4588454843096121
2023-07-10,1.4711106243689986
2023-07-11,1.4825604050171082
2023-07-12,1.4932799461203627
2023-07-13,1.5041213294155087
2023-07-14,1.51555904621683
2023-07-18,1.5290637364216986
2023-07-19,1.542424433983225
2023-07-20,1.5556957398886961
2023-07-21,1.5684519582493284
2023-07-24,1.5808050118581773
2023-07-25,1.5919454334067717
2023-07-26,1.6031955960486899
2023-07-27,1.6171291199718052
2023-07-28,1.6312239921769223
2023-07-31,1.646317782702189
2023-08-01,1.6607863570111459
2023-08-02,1.6753357628946697
2023-08-03,1.6882375258970628
2023-08-04,1.699932569656637
2023-08-07,1.7111114317928333
2023-08-08,1.7220343795143478
2023-08-09,1.7314420981355605
2023-08-10,1.7402220987958517
2023-08-11,1.7496606000413584
2023-08-14,1.7596514893357007
2023-08-15,1.768981589019103
2023-08-16,1.7780260871437914
2023-08-17,1.7867953625478883
2023-08-18,1.7954658884701713
2023-08-21,1.804104943744056
2023-08-22,1.8116495419849166
2023-08-23,1.8190136970420268
2023-08-24,1.825397450612165
2023-08-25,1.8318121081927208
2023-08-28,1.8370270925331722
2023-08-29,1.8418667199822547
2023-08-30,1.8465017494982972
2023-08-31,1.8527014894731852
2023-09-04,1.8642145231348994
2023-09-05,1.8742811594516073
2023-09-06,1.8815179147676941
2023-09-07,1.8889869993436115
2023-09-11,1.8986554233623831
2023-09-12,1.9097662247498093
2023-09-13,1.9219067995428496
2023-09-14,1.9336171450671458
2023-09-15,1.9455115050690086
2023-09-18,1.9576342445005945
2023-09-19,1.9708384776040866
2023-09-20,1.9839997775010776
2023-09-21,1.9971786457922969
2023-09-22,2.010805741557098
2023-09-25,2.026494185444583
2023-09-26,2.042277813319049
2023-09-27,2.058026979292582
2023-09-28,2.0738314451820283
2023-09-29,2.089019493682609
2023-10-03,2.1016415781761832
2023-10-04,2.1142345093286607
2023-10-05,2.1268728598253572
2023-10-06,2.138779225401022
2023-10-09,2.153498085116401
2023-10-10,2.1668943461766066
2023-10-11,2.1801117382515667
2023-10-12,2.1927527776192335
2023-10-13,2.2054486930892514
2023-10-16,2.218061482412126
2023-10-17,2.230337053082776
2023-10-18,2.2401838736144875
2023-10-19,2.2492601359853426
2023-10-20,2.26142605327877
2023-10-24,2.2733626736707313
2023-10-25,2.284713834401364
2023-10-26,2.2961618391598604
2023-10-27,2.3078923151579556
2023-10-30,2.319812888952244
2023-10-31,2.332320709781399
2023-11-01,2.344189009834108
2023-11-02,2.356082686622929
2023-11-03,2.367974184389232
2023-11-06,2.379743549971902
2023-11-07,2.3916057386839773
2023-11-08,2.403480747001896
2023-11-09,2.4155462012843687
2023-11-10,2.4277130229176658
2023-11-13,2.4398586428928004
2023-11-14,2.4516402310021945
2023-11-15,2.4632547049780795
2023-11-16,2.4749964834252403
2023-11-17,2.4879925533273894
2023-11-20,2.5014731435663684
2023-11-21,2.514651455685235
2023-11-22,2.527036649247094
2023-11-23,2.5412434151670604
2023-11-24,2.5551520732631117
2023-11-27,2.5690314310485185
2023-11-28,2.5824589748594695
2023-11-29,2.5948255792194175
2023-11-30,2.6065816181189305
2023-12-01,2.6174771385267137
2023-12-04,2.6278263436577687
2023-12-05,2.6377692544934384
2023-12-06,2.6474925398505267
2023-12-07,2.6597966828116215
2023-12-08,2.671987045702595
2023-12-11,2.6823194520378957
2023-12-12,2.692112255192791
2023-12-13,2.7008221328214566
2023-12-14,2.70898350839317
2023-12-15,2.718184997086892
2023-12-18,2.7295551176330646
2023-12-19,2.7425678421398425
2023-12-20,2.754743586008934
2023-12-21,2.7664203180649993
2023-12-22,2.77630622563958
2023-12-27,2.7854277364846247
2023-12-28,2.7949309651456478
2023-12-29,2.810261114635826
2024-01-02,2.8218217003292745
2024-01-03,2.834156815939304
2024-01-04,2.847271589668754
2024-01-05,2.860069823425304
2024-01-08,2.8725781401876205
2024-01-09,2.884886861493885
2024-01-10,2.8953868222100665
2024-01-11,2.9055684233973755
2024-01-12,2.9157402615529238
2024-01-15,2.9296163734477743
2024-01-16,2.940268268139401
2024-01-17,2.950612172371403
2024-01-18,2.960255604935602
2024-01-19,2.969015303662048
2024-01-22,2.977536285662441
2024-01-23,2.984856913427647
2024-01-24,2.990597634412162
2024-01-25,2.996784461338131
2024-01-26,3.00331305549677
2024-01-29,3.011883107577873
2024-01-30,3.0213621740171615
2024-01-31,3.032929479371216
2024-02-01,3.041379112515563
2024-02-02,3.0493765526977024
2024-02-05,3.0567001394808058
2024-02-06,3.06374612718483
2024-02-07,3.071131134074667
2024-02-08,3.07952602993522
2024-02-09,3.0887810850576347
2024-02-14,3.0956685664597083
2024-02-15,3.10341875233775
2024-02-16,3.1117867625662043
2024-02-19,3.122581539571412
2024-02-20,3.131007265792629
2024-02-21,3.139321960625341
2024-02-22,3.1474575010904005
2024-02-23,3.1552897811343517
2024-02-26,3.162989399652072
2024-02-27,3.170809004355979
2024-02-28,3.1785616661317295
2024-02-29,3.1894698272641575
2024-03-01,3.1977157252066846
2024-03-04,3.205717429276489
2024-03-05,3.21301701410317
2024-03-06,3.220596395403774
2024-03-07,3.2284647465678384
2024-03-08,3.2365677975610962
2024-03-11,3.243286256763045
2024-03-12,3.249367070618625
2024-03-13,3.25529144414034
2024-03-14,3.2619543348649804
2024-03-15,3.2692652053764704
2024-03-18,3.277327050026413
2024-03-19,3.285444322086395
2024-03-20,3.2929258806417394
2024-03-21,3.301284120488468
2024-03-22,3.3102875328906656
2024-03-25,3.319784027485584
2024-03-26,3.3276448927665347
2024-03-27,3.3340680867432138
2024-03-28,3.341927939533873
2024-04-02,3.34792056424722
2024-04-03,3.35528126771365
2024-04-05,3.363050178057825
2024-04-08,3.3713515547790562
2024-04-09,3.3787996849732105
2024-04-10,3.3848808641402384
2024-04-11,3.390980299194113
2024-04-12,3.396949092656465
2024-04-15,3.403021364237313
2024-04-16,3.4091965422150095
2024-04-17,3.414878995895143
2024-04-18,3.419207024077564
2024-04-19,3.4220662365590737
2024-04-22,3.424343557002052
2024-04-23,3.4267389490894917
2024-04-24,3.4291746599730777
2024-04-25,3.4328441176077362
2024-04-26,3.437976286680544
2024-04-29,3.444229477774652
2024-04-30,3.4502690546131642
2024-05-02,3.456400438968976
2024-05-03,3.4634101005807105
2024-05-06,3.469745780227851
2024-05-07,3.474908786402775
2024-05-08,3.4811970005704573
2024-05-09,3.4875430179081457
2024-05-10,3.494328850274586
2024-05-13,3.4978685318908243
2024-05-14,3.5006105220891204
2024-05-16,3.502496186008819
2024-05-17,3.503157661943157
2024-05-20,3.5025910361236257
2024-05-21,3.504948308021283
2024-05-22,3.5075665679717316
2024-05-23,3.509624719448845
2024-05-24,3.513205359853022
2024-05-27,3.5176039098097522
2024-05-28,3.5194465740100878
2024-05-29,3.520525628134785
2024-05-30,3.5214197898964406
2024-05-31,3.5215554014634165
2024-06-03,3.52074609115125
2024-06-04,3.520097125626709
2024-06-05,3.519393830975859
2024-06-06,3.519109791421071
2024-06-07,3.522618020019652
2024-06-11,3.5268510440476852
2024-06-12,3.5318317603963756
2024-06-13,3.5369523842620154
2024-06-14,3.5397712626900946
2024-06-17,3.544078329633704
2024-06-18,3.548806919107439
2024-06-19,3.5558347677757007
2024-06-20,3.5624646684992545
2024-06-21,3.5702159416269863
2024-06-24,3.578881980126125
2024-06-25,3.5877533815114715
2024-06-26,3.5955261959086826
2024-06-27,3.603417320902391
2024-06-28,3.611316293312261
2024-07-02,3.613934642589567
2024-07-03,3.6202184068391707
2024-07-04,3.630105104752368
2024-07-05,3.638026258391114
2024-07-08,3.6449919282267373
2024-07-09,3.651562114177076
2024-07-10,3.65893610580168
2024-07-11,3.6677971238757046
2024-07-12,3.6770584209718793
2024-07-15,3.686317125962968
2024-07-16,3.6939404360458727
2024-07-17,3.7025327454605073
2024-07-18,3.7118095525559225
2024-07-19,3.7217099854334634
2024-07-22,3.730248648295409
2024-07-23,3.7391448694476193
2024-07-24,3.7479635800391264
2024-07-25,3.757065099053092
2024-07-26,3.7655600119496535
2024-07-29,3.7747204141689084
2024-07-30,3.784501776618532
2024-07-31,3.7957998728129994
2024-08-01,3.8042476463274744
2024-08-02,3.8120743025101156
2024-08-05,3.819560978285441
2024-08-06,3.828150476466874
2024-08-07,3.8364752943515823
2024-08-08,3.8446007734614263
2024-08-09,3.852821892611513
2024-08-12,3.8610413605125515
2024-08-13,3.869247258858377
2024-08-14,3.875913016437882
2024-08-15,3.876508954354052
2024-08-16,3.878825399835839
2024-08-19,3.8830767138657407
2024-08-20,3.886392828575569
2024-08-21,3.8893413376430264
2024-08-22,3.891726792285777
2024-08-23,3.8904420801805673
2024-08-26,3.8931726150751356
2024-08-27,3.896310738067199
2024-08-28,3.8990313934025522
2024-08-29,3.902192120531156
2024-08-30,3.9056543018441525
2024-09-02,3.912464754742162
2024-09-03,3.915917558157833
2024-09-04,3.9189866788139627
2024-09-05,3.9222567635825323
2024-09-09,3.9263013228512555
2024-09-10,3.931053924930339
2024-09-11,3.93527701394758
2024-09-12,3.9388033293547675
2024-09-13,3.9418839494557156
2024-09-16,3.9388394256920645
2024-09-17,3.939309852921191
2024-09-19,3.942449712101692
2024-09-20,3.94832407182919
2024-09-23,3.9552409205273253
2024-09-24,3.96334929116291
2024-09-25,3.97125554213551
2024-09-26,3.980342515606994
2024-09-27,3.989103289518714
2024-09-30,4.00292625500176
2024-10-02,4.014146357756987
2024-10-03,4.025623046671156
2024-10-04,4.03709051799257
2024-10-07,4.048271169792117
2024-10-08,4.05790848248051
2024-10-09,4.0651758950213335
2024-10-10,4.0733196579578745
2024-10-14,4.082943894023705
2024-10-15,4.090575303989374
2024-10-16,4.096852392889172
2024-10-17,4.101219431735248
2024-10-18,4.104416843842884
2024-10-21,4.107306024348234
2024-10-22,4.10953701477712
2024-10-23,4.1113313436134336
2024-10-24,4.111279378800314
2024-10-25,4.113150057142989
2024-10-28,4.114766240224932
2024-10-29,4.115948760661903
2024-10-30,4.11719295773616
2024-10-31,4.120433346766683
2024-11-01,4.1213569643742565
2024-11-04,4.118834995593557
2024-11-05,4.115597120372572
2024-11-06,4.114314587415646
2024-11-07,4.113946403630009
2024-11-08,4.112449245854877
2024-11-11,4.112527848508329
2024-11-12,4.109999689797705
2024-11-13,4.106934723560762
2024-11-14,4.104402967838028
2024-11-15,4.104173106880005
2024-11-18,4.1064040946931835
2024-11-19,4.107538468164873
2024-11-20,4.1058489560944045
2024-11-21,4.10490968045556
2024-11-22,4.104029416416366
2024-11-25,4.105161681471303
2024-11-26,4.109501900849732
2024-11-27,4.114347926213524
2024-11-28,4.1209815482856405
2024-11-29,4.127044583742068
2024-12-02,4.129391847946917
2024-12-03,4.12926311119306
2024-12-04,4.129327836159358
2024-12-05,4.129061662265987
2024-12-06,4.128464565424794
2024-12-09,4.126709192299827
2024-12-10,4.124271625071163
2024-12-11,4.120172698320879
2024-12-12,4.116136527139602
2024-12-13,4.112779655907506
2024-12-16,4.109604157838542
2024-12-17,4.106788893437385
2024-12-18,4.105358424217687
2024-12-19,4.103218311694534
2024-12-20,4.099424725057776
2024-12-23,4.094756114686149
2024-12-24,4.093302321238146
2024-12-27,4.093140129477346
2024-12-30,4.095413139268311
2024-12-31,4.09496747652196
2025-01-02,4.091980819845076
2025-01-03,4.090563430826988
2025-01-06,4.089707847760837
2025-01-07,4.090028609203111
2025-01-08,4.090070354758835
2025-01-09,4.089162051650974
2025-01-10,4.0858881896723265
2025-01-13,4.082071713119273
2025-01-14,4.077745148387346
2025-01-15,4.073031450662179
2025-01-16,4.067835362954231
2025-01-17,4.063249844834771
2025-01-20,4.061736336495803
2025-01-21,4.055567533145443
2025-01-22,4.048587644957702
2025-01-23,4.040472764669278
2025-01-24,4.034375110958033
2025-01-27,4.030547602030743
2025-01-28,4.0292620360122156
2025-02-03,4.02742136089469
2025-02-04,4.026818012374078
2025-02-05,4.026495906352667
2025-02-06,4.0283370603121815
2025-02-07,4.030549763788938
2025-02-10,4.030706108479509
2025-02-11,4.028813820393196
2025-02-12,4.026657658869381
2025-02-13,4.025751966830682
2025-02-14,4.024617300776923
2025-02-17,4.027439829872281
2025-02-18,4.0301381280456905
2025-02-19,4.034016850417088
2025-02-20,4.037534652507824
2025-02-21,4.040947600255285
2025-02-24,4.043596027719754
2025-02-25,4.046535377264582
2025-02-26,4.051399190472993
2025-02-27,4.0557309495008464
2025-02-28,4.060146260458497
2025-03-03,4.056790288169321
2025-03-04,4.055031133221254
2025-03-05,4.0557498313200435
2025-03-06,4.055824717431045
2025-03-07,4.05340988300853
2025-03-10,4.050459165758324
2025-03-11,4.048716258168583
2025-03-12,4.046104167363018
2025-03-13,4.041588355447789
2025-03-14,4.036478471437177
2025-03-17,4.030282351357761
2025-03-18,4.024203865663956
2025-03-19,4.018180163926588
2025-03-20,4.012144356599268
2025-03-21,4.004430894586752
2025-03-24,3.9960833427020948
2025-03-25,3.98752183212856
2025-03-26,3.978746169091063
2025-03-27,3.9708331997937885
2025-03-28,3.966239911227465
2025-03-31,3.9639634747721697
2025-04-01,3.958998003973657
2025-04-02,3.954780667242175
2025-04-03,3.947863691661002
2025-04-07,3.9426196577174277
2025-04-08,3.9375727465653654
2025-04-09,3.9331796110441797
2025-04-10,3.928956322498034
2025-04-11,3.9248441499201814
2025-04-14,3.921156629391187
2025-04-15,3.9196354279778634
2025-04-16,3.91897911309671
2025-04-17,3.9157480464314
2025-04-22,3.912849136815333
2025-04-23,3.9111743338173355
2025-04-24,3.9100748497327587
2025-04-25,3.9093777077258585
2025-04-28,3.9091106776272033
2025-04-29,3.908240225338866
2025-04-30,3.908667765054208
2025-05-02,3.9085154214360207
2025-05-06,3.905858805263729
2025-05-07,3.9003997666659407
2025-05-08,3.8895142634095103
2025-05-09,3.877481530039284
2025-05-12,3.8652677216553633
2025-05-13,3.85293879051376
2025-05-14,3.8406254317772337
2025-05-15,3.828696659896713
2025-05-16,3.8169847790484157
2025-05-19,3.8050954897925093
2025-05-20,3.791926744833396
2025-05-21,3.7782657486378213
2025-05-22,3.764907997859046
2025-05-23,3.752346607393253
2025-05-26,3.7378077149338607
2025-05-27,3.723713059480005
2025-05-28,3.709662905608102
2025-05-29,3.6960707135541337
2025-05-30,3.683576678998879
2025-06-02,3.6716698070676124
2025-06-03,3.66064429411872
2025-06-04,3.6501516923993504
2025-06-05,3.64002620613344
2025-06-06,3.6299528944998993
2025-06-09,3.6173133455847495
2025-06-10,3.6048356366990886
2025-06-11,3.594197111734876
2025-06-12,3.5840946569673404
2025-06-13,3.5747956856452934
2025-06-16,3.5659916143401693
2025-06-17,3.5561444220185923
2025-06-18,3.544245120277223
2025-06-19,3.5305955931610677
2025-06-20,3.51730133659649
2025-06-23,3.5040056694237265
2025-06-24,3.4908741277497546
2025-06-25,3.479665384829289
2025-06-26,3.4683247276672047
2025-06-27,3.45116241452057
2025-06-30,3.4391399852158333
