,date,rate_pct
29,2015-02-12,0.05367347731524511
30,2015-02-13,0.05361380810836591
31,2015-02-16,0.05340246579455347
32,2015-02-17,0.053429133595347025
33,2015-02-18,0.053509136998268016
34,2015-02-23,0.053526804416418695
35,2015-02-24,0.053505803523405206
36,2015-02-25,0.05346813525418659
37,2015-02-26,0.053536804843438514
38,2015-02-27,0.0539628230021183
39,2015-03-02,0.05438584122352911
40,2015-03-03,0.05482019332560724
41,2015-03-04,0.05534988319108406
42,2015-03-05,0.05582690426568041
43,2015-03-06,0.05606558154732655
44,2015-03-09,0.056471933060353585
45,2015-03-10,0.05676327949893922
46,2015-03-11,0.05673794502563112
47,2015-03-12,0.05677928021815548
48,2015-03-13,0.05693028703118719
49,2015-03-16,0.05691961988342209
50,2015-03-17,0.05643459817203933
51,2015-03-18,0.05617291981353152
52,2015-03-19,0.05608091571464394
53,2015-03-20,0.05606091482359317
54,2015-03-23,0.05631492618232518
55,2015-03-24,0.056484267115342046
56,2015-03-25,0.056733945006433764
57,2015-03-26,0.05708162740531615
58,2015-03-27,0.057224967253421966
59,2015-03-30,0.05747431199378076
60,2015-03-31,0.05762765234022711
61,2015-04-01,0.0579146655313482
62,2015-04-02,0.058179677770490525
63,2015-04-08,0.05845635726850299
64,2015-04-09,0.0588070402819311
65,2015-04-10,0.059204392250333804
66,2015-04-13,0.06015377047107935
67,2015-04-14,0.06091047346394503
68,2015-04-15,0.060928807683617116
69,2015-04-16,0.06078580075526233
70,2015-04-17,0.06035144652274763
71,2015-04-20,0.06012676909270912
72,2015-04-21,0.05982175453926134
73,2015-04-22,0.059632412201090126
74,2015-04-23,0.059336064838488856
75,2015-04-24,0.058942379631299335
76,2015-04-27,0.058578695925615154
77,2015-04-28,0.05810300715245834
78,2015-04-29,0.05776665831870309
79,2015-04-30,0.05746031093512386
80,2015-05-04,0.056875284254653824
81,2015-05-05,0.05653460216992201
82,2015-05-06,0.056204920691393934
83,2015-05-07,0.05584257117579779
84,2015-05-08,0.05539121783465495
85,2015-05-11,0.055107205344258794
86,2015-05-12,0.054631517928357035
87,2015-05-13,0.054205166160492535
88,2015-05-14,0.05390848674857729
89,2015-05-15,0.05368581054734367
90,2015-05-18,0.05324579184843303
91,2015-05-19,0.05272810337538051
92,2015-05-20,0.05236508823640573
93,2015-05-21,0.05187840143296614
94,2015-05-22,0.05152105347894971
95,2015-05-26,0.05230041844266342
96,2015-05-27,0.0524497578732704
97,2015-05-28,0.0527131020175912
98,2015-05-29,0.05381748127332534
99,2015-06-01,0.05459151434405636
100,2015-06-02,0.054834191538188914
101,2015-06-03,0.05490052775963076
102,2015-06-04,0.054974197643979185
103,2015-06-05,0.05497553103576136
104,2015-06-08,0.05507453536802338
105,2015-06-09,0.05543955139702961
106,2015-06-10,0.055797233900367615
107,2015-06-11,0.05605124522343925
108,2015-06-12,0.05600424312421544
109,2015-06-15,0.05601524361479315
110,2015-06-16,0.056241253762578935
111,2015-06-17,0.05646259706073945
112,2015-06-18,0.056707608118145014
113,2015-06-19,0.05692495131336035
114,2015-06-22,0.057337303446551115
115,2015-06-23,0.05738930582871449
116,2015-06-24,0.057598315419034776
117,2015-06-25,0.05788599532684883
118,2015-06-26,0.05818300905872468
119,2015-06-29,0.058591694733004886
120,2015-06-30,0.06072246130947404
121,2015-07-02,0.06155883536877275
122,2015-07-03,0.062068527142807486
123,2015-07-06,0.06247488069117679
124,2015-07-07,0.06259388663201933
125,2015-07-08,0.06145949766263037
126,2015-07-09,0.060473450104277696
127,2015-07-10,0.05961474270896512
128,2015-07-13,0.05820034382322629
129,2015-07-14,0.057406307543791016
130,2015-07-15,0.057072625695135194
131,2015-07-16,0.056958953875507756
132,2015-07-17,0.05695428699643568
133,2015-07-20,0.056946619981531235
134,2015-07-21,0.056876616811118996
135,2015-07-22,0.05677561225610657
136,2015-07-23,0.05675161117458064
137,2015-07-24,0.05680561361199876
138,2015-07-27,0.057085626305804674
139,2015-07-28,0.05737563951659178
140,2015-07-29,0.057455976530858724
141,2015-07-30,0.05784699445253727
142,2015-07-31,0.05902071519550504
143,2015-08-03,0.05949373747092072
144,2015-08-04,0.059434067977948146
145,2015-08-05,0.059490403986602505
146,2015-08-06,0.05954807338974059
147,2015-08-07,0.059428401051257275
148,2015-08-10,0.059348397270390464
149,2015-08-11,0.05905838360250233
150,2015-08-12,0.05722029992994611
151,2015-08-13,0.056742278357653955
152,2015-08-14,0.05641726377008475
153,2015-08-17,0.05618258659705703
154,2015-08-18,0.056014245746779004
155,2015-08-19,0.05600591204273734
156,2015-08-20,0.05585757209944919
157,2015-08-21,0.05554055804195546
158,2015-08-24,0.05547855530409299
159,2015-08-25,0.055937908896782254
160,2015-08-26,0.056264256774555634
161,2015-08-27,0.05642626402710589
162,2015-08-28,0.056360927762511004
163,2015-08-31,0.05637959526610207
164,2015-09-01,0.05643959796032642
165,2015-09-02,0.056182919789123556
166,2015-09-04,0.05626859027704582
167,2015-09-07,0.05605258061949595
168,2015-09-08,0.055766901245650015
169,2015-09-09,0.05552455719360545
170,2015-09-10,0.05552222375663588
171,2015-09-11,0.055059870116995015
172,2015-09-14,0.05376848149026096
173,2015-09-15,0.05328846114270498
174,2015-09-16,0.053076785519849214
175,2015-09-17,0.052957780495099804
176,2015-09-18,0.052684435674136644
177,2015-09-21,0.052371755922301734
178,2015-09-22,0.05216708075785892
179,2015-09-23,0.05206507652750029
180,2015-09-24,0.05189606954973576
181,2015-09-25,0.05165905979801858
182,2015-09-29,0.051539721574989095
183,2015-09-30,0.052348421361606924
184,2015-10-02,0.05246975974714241
185,2015-10-05,0.05238242277478822
186,2015-10-06,0.052508761377075455
187,2015-10-07,0.05256409702689331
188,2015-10-08,0.05255442995619382
189,2015-10-09,0.05215308003635455
190,2015-10-12,0.05183273351032265
191,2015-10-13,0.05160505750972562
192,2015-10-14,0.05149938651545227
193,2015-10-15,0.05144738439101607
194,2015-10-16,0.0511957074601795
195,2015-10-19,0.05121637496796616
196,2015-10-20,0.05066468598188637
197,2015-10-22,0.05070235416519593
198,2015-10-23,0.050659019085182624
199,2015-10-26,0.05049234571323409
200,2015-10-27,0.05032567236235759
201,2015-10-28,0.05022133485171887
202,2015-10-29,0.0502396689163224
203,2015-10-30,0.05040634223045792
204,2015-11-02,0.05058668279955454
205,2015-11-03,0.050664685939201995
206,2015-11-04,0.05080202481702415
207,2015-11-05,0.0509930325644133
208,2015-11-06,0.05093969706791619
209,2015-11-09,0.050793024454372684
210,2015-11-10,0.050724021668191455
211,2015-11-11,0.05072302162813698
212,2015-11-12,0.05055634824376135
213,2015-11-13,0.04956097561191382
214,2015-11-16,0.04934630051996643
215,2015-11-17,0.049227295858844666
216,2015-11-18,0.04917496048425877
217,2015-11-19,0.04893661783919404
218,2015-11-20,0.04874627712322758
219,2015-11-23,0.0484502657188024
220,2015-11-24,0.048082584930767926
221,2015-11-25,0.047834575483266896
222,2015-11-26,0.04776557286431116
223,2015-11-27,0.04760823357631283
224,2015-11-30,0.04801524897697732
225,2015-12-01,0.04784424246238409
226,2015-12-02,0.04821525661208673
227,2015-12-03,0.04840593057063858
228,2015-12-04,0.04868560799543194
229,2015-12-07,0.04889994963272285
230,2015-12-08,0.04909062372392044
231,2015-12-09,0.04929029819857137
232,2015-12-10,0.04936196766944049
233,2015-12-11,0.04932096606854082
234,2015-12-14,0.049094957236406334
235,2015-12-15,0.04883261367677101
236,2015-12-16,0.04861860538580472
237,2015-12-17,0.04841559754813485
238,2015-12-18,0.048290926083242404
239,2015-12-21,0.04848826701205159
240,2015-12-22,0.04858327067404448
241,2015-12-23,0.04872594285073213
242,2015-12-24,0.04894028449855906
243,2015-12-28,0.049035621547940014
244,2015-12-29,0.04917829377757791
245,2015-12-30,0.049275297572629974
246,2015-12-31,0.04915695961415315
247,2016-01-04,0.049116958043582404
248,2016-01-05,0.049071289592247005
249,2016-01-06,0.049116958040880856
250,2016-01-07,0.04949797299689991
251,2016-01-08,0.049616977693952194
252,2016-01-11,0.0494739720493705
253,2016-01-12,0.04942630350712
254,2016-01-13,0.04886061478181676
255,2016-01-14,0.04889628283665977
256,2016-01-15,0.04885794801986476
257,2016-01-18,0.04879594562671914
258,2016-01-19,0.04848793374839418
259,2016-01-20,0.048154587614775604
260,2016-01-21,0.04765456852929839
261,2016-01-22,0.04741122600652551
262,2016-01-25,0.04688720634714223
263,2016-01-26,0.04664253062223548
264,2016-01-27,0.04664719746159488
265,2016-01-28,0.04679486961891947
266,2016-01-29,0.04720255146963466
267,2016-02-01,0.047367224330578196
268,2016-02-02,0.047470228215211
269,2016-02-03,0.047430560056072046
270,2016-02-04,0.0474115593417738
271,2016-02-05,0.04739255862855618
272,2016-02-11,0.04735589058579848
273,2016-02-12,0.047432226788505595
274,2016-02-15,0.04736555761840622
275,2016-02-16,0.047340223333125486
276,2016-02-17,0.047220552166841546
277,2016-02-18,0.047432226811738865
278,2016-02-19,0.04733488980327808
279,2016-02-22,0.047142549244127974
280,2016-02-23,0.04700454409428678
281,2016-02-24,0.0470522125395519
282,2016-02-25,0.04742122636951877
283,2016-02-26,0.0475878993238088
284,2016-02-29,0.048154254148502496
285,2016-03-01,0.04837092911767297
286,2016-03-02,0.04849260044403151
287,2016-03-03,0.04836392884242461
288,2016-03-04,0.04829259276542726
289,2016-03-07,0.04845926585101227
290,2016-03-08,0.0487686111967626
291,2016-03-09,0.048940617882705276
292,2016-03-10,0.049345633761129395
293,2016-03-11,0.04934563376275032
294,2016-03-14,0.04949563965475449
295,2016-03-15,0.04969931434743631
296,2016-03-16,0.04944630440411416
297,2016-03-17,0.04929396508081366
298,2016-03-18,0.04888694911714767
299,2016-03-21,0.04867260745743396
300,2016-03-22,0.048464599420842504
301,2016-03-23,0.04841226407678404
302,2016-03-24,0.04869027475131367
303,2016-03-29,0.04904262169324417
304,2016-03-30,0.049509973222527925
305,2016-03-31,0.05092669562490141
306,2016-04-01,0.051779063600661715
307,2016-04-05,0.051221707269962405
308,2016-04-06,0.050741020922432746
309,2016-04-07,0.04983865101635028
310,2016-04-08,0.04873760736429459
311,2016-04-11,0.04754089437688883
312,2016-04-12,0.04610050691897423
313,2016-04-13,0.04481212655971604
314,2016-04-14,0.043248738193646385
315,2016-04-15,0.04207503149491846
316,2016-04-18,0.04068831903231891
317,2016-04-19,0.03946827992761988
318,2016-04-20,0.03845291490890782
319,2016-04-21,0.03726854569691129
320,2016-04-22,0.036129845576785925
321,2016-04-25,0.03488781037288927
322,2016-04-26,0.03384878198277781
323,2016-04-27,0.03283608847046704
324,2016-04-28,0.03171805986154445
325,2016-04-29,0.031012042475168457
326,2016-05-03,0.030012685009765207
327,2016-05-04,0.02901699496961433
328,2016-05-05,0.028255977550661893
329,2016-05-06,0.027384624987192296
330,2016-05-09,0.026327602467594392
331,2016-05-10,0.025198579582722903
332,2016-05-11,0.02358888219820739
333,2016-05-12,0.021872518475996028
334,2016-05-13,0.020044822165395566
335,2016-05-16,0.017428452306452364
336,2016-05-17,0.015525428689666665
337,2016-05-18,0.014893087816414408
338,2016-05-19,0.014317747878197135
339,2016-05-20,0.014140745872318986
340,2016-05-23,0.014011077751308054
341,2016-05-24,0.013957077148237424
342,2016-05-25,0.01394207698182844
343,2016-05-26,0.013937076925548315
344,2016-05-27,0.014034078003118584
345,2016-05-30,0.014731419049603584
346,2016-05-31,0.015693096960633923
347,2016-06-01,0.015951100188008972
348,2016-06-02,0.015860099031983488
349,2016-06-03,0.01571843056674682
350,2016-06-06,0.015647096335173284
351,2016-06-07,0.015556428531956119
352,2016-06-08,0.015423093559500481
353,2016-06-10,0.015377759673155614
354,2016-06-13,0.015331759113882773
355,2016-06-14,0.014936087802475129
356,2016-06-15,0.014914754218261123
357,2016-06-16,0.01509042297283732
358,2016-06-17,0.015317092375114841
359,2016-06-20,0.015431093759447437
360,2016-06-21,0.015626429505473844
361,2016-06-22,0.015522761553821152
362,2016-06-23,0.015682430208914983
363,2016-06-24,0.016378438990701422
364,2016-06-27,0.017341451708581996
365,2016-06-28,0.0179607936434197
366,2016-06-29,0.01855213549871726
367,2016-06-30,0.01950181634492454
368,2016-07-04,0.019840821682063726
369,2016-07-05,0.020034158112517776
370,2016-07-06,0.020359496704206816
371,2016-07-07,0.02080883741225244
372,2016-07-08,0.021307179117435737
373,2016-07-11,0.021597850779545937
374,2016-07-12,0.021799520941057082
375,2016-07-13,0.021139176467884397
376,2016-07-14,0.02039716447066834
377,2016-07-15,0.020385164276918534
378,2016-07-18,0.020837505042451777
379,2016-07-19,0.02146084891350153
380,2016-07-20,0.021992858159551133
381,2016-07-21,0.022389531895664984
382,2016-07-22,0.02263220293325189
383,2016-07-25,0.022834873282051582
384,2016-07-26,0.023119211825687692
385,2016-07-27,0.023361882973227388
386,2016-07-28,0.02408722987028803
387,2016-07-29,0.024691908193123314
388,2016-08-01,0.02485857815572497
389,2016-08-03,0.024918246010482054
390,2016-08-04,0.025059582168677576
391,2016-08-05,0.025388922167616602
392,2016-08-08,0.025658594344487213
393,2016-08-09,0.025645260740854898
394,2016-08-10,0.025294920390291537
395,2016-08-11,0.02500658131416496
396,2016-08-12,0.024744242808575713
397,2016-08-15,0.02421889936706778
398,2016-08-16,0.02441390313942341
399,2016-08-17,0.02509391648107817
400,2016-08-18,0.026055935772550942
401,2016-08-19,0.02711562440059767
402,2016-08-22,0.02875332640324505
403,2016-08-23,0.030127358095677348
404,2016-08-24,0.030912710412548762
405,2016-08-25,0.03164206190873209
406,2016-08-26,0.03238008066276017
407,2016-08-29,0.03349344297074082
408,2016-08-30,0.03447980276934566
409,2016-08-31,0.036405855939414256
410,2016-09-01,0.03725154732310276
411,2016-09-02,0.03838924816122653
412,2016-09-05,0.039450947704459484
413,2016-09-06,0.04063565206335884
414,2016-09-07,0.04169468671707902
415,2016-09-08,0.04223237141291654
416,2016-09-09,0.042521381127025304
417,2016-09-12,0.04347074667348331
418,2016-09-13,0.044289775398224464
419,2016-09-14,0.045327145889676825
420,2016-09-15,0.04617984380268503
421,2016-09-19,0.04713887959982843
422,2016-09-20,0.04823658807477926
423,2016-09-21,0.04881861066354798
424,2016-09-22,0.04948330349580458
425,2016-09-23,0.0500979947700116
426,2016-09-26,0.05090202737687566
427,2016-09-27,0.052104410211339935
428,2016-09-28,0.052884443049087494
429,2016-09-29,0.053699811003556544
430,2016-09-30,0.05876636104963732
431,2016-10-03,0.05892736857389114
432,2016-10-04,0.0585866861082418
433,2016-10-05,0.058315673518009405
434,2016-10-06,0.058652689254053605
435,2016-10-07,0.05922338280115828
436,2016-10-11,0.05963773580492937
437,2016-10-12,0.06028776668879354
438,2016-10-13,0.06092146379996406
439,2016-10-14,0.05991541575795326
440,2016-10-17,0.06015976078296662
441,2016-10-18,0.060486443106862645
442,2016-10-19,0.0610598041077844
443,2016-10-20,0.06177283876184214
444,2016-10-24,0.06323124388238158
445,2016-10-25,0.06532101668621133
446,2016-10-26,0.06887586945151236
447,2016-10-27,0.06996226233010697
448,2016-10-28,0.0719810423927584
449,2016-10-31,0.07453819000371453
450,2016-11-01,0.07685532891471927
451,2016-11-02,0.07883878472544348
452,2016-11-03,0.08024287351361772
453,2016-11-04,0.08126527293130421
454,2016-11-07,0.08229867393585444
455,2016-11-08,0.0835210885551311
456,2016-11-09,0.08472183610690094
457,2016-11-10,0.08492318312716499
458,2016-11-11,0.08490851545609468
459,2016-11-14,0.08471916922716168
460,2016-11-15,0.07997319833398242
461,2016-11-16,0.08001420095984738
462,2016-11-17,0.07927748715494953
463,2016-11-18,0.07878112221150942
464,2016-11-21,0.07815008230774485
465,2016-11-22,0.07756171210807628
466,2016-11-23,0.07754937800851236
467,2016-11-24,0.07727936134928799
468,2016-11-25,0.07746437272522962
469,2016-11-28,0.07839709738437875
470,2016-11-29,0.08073024400105933
471,2016-11-30,0.08903911379516774
472,2016-12-01,0.09045354790226945
473,2016-12-02,0.09086391085283418
474,2016-12-05,0.09058722428380386
475,2016-12-06,0.09021953130748939
476,2016-12-07,0.08809171592570515
477,2016-12-08,0.08783736486229765
478,2016-12-09,0.08733466340724583
479,2016-12-12,0.0864666041696623
480,2016-12-13,0.08660194668658934
481,2016-12-14,0.08666561769028099
482,2016-12-15,0.08782336367991009
483,2016-12-16,0.08924512990760765
484,2016-12-19,0.09029120438005522
485,2016-12-20,0.09069723363848148
486,2016-12-21,0.09101325647807856
487,2016-12-22,0.09261103974944987
488,2016-12-23,0.09898184935564305
489,2016-12-28,0.10423093505152284
490,2016-12-29,0.10950137796336135
491,2016-12-30,0.12799501029154464
492,2017-01-03,0.1340829768932868
493,2017-01-04,0.14120408734891546
494,2017-01-05,0.14706276139283916
495,2017-01-06,0.15219237576608405
496,2017-01-09,0.15657358368943441
497,2017-01-10,0.1590722339965267
498,2017-01-11,0.15861917575663576
499,2017-01-12,0.15752636910311885
500,2017-01-13,0.15481636111421837
501,2017-01-16,0.14599964862831807
502,2017-01-17,0.1440650891583184
503,2017-01-18,0.14272426710228991
504,2017-01-19,0.14074604004883362
505,2017-01-20,0.13863780166146755
506,2017-01-23,0.13658924006096917
507,2017-01-24,0.13444633816390716
508,2017-01-25,0.13220242934339024
509,2017-01-26,0.12983717903893854
510,2017-01-27,0.13125299206746172
511,2017-02-01,0.12841602817349843
512,2017-02-02,0.12489300260820253
513,2017-02-03,0.12208005655721665
514,2017-02-06,0.11956047802996009
515,2017-02-07,0.11763229334837977
516,2017-02-08,0.11556609882167704
517,2017-02-09,0.11275584071787081
518,2017-02-10,0.10584257897265173
519,2017-02-13,0.09973875029378372
520,2017-02-14,0.0936512875602813
521,2017-02-15,0.07422378777338275
522,2017-02-16,0.06779076839606249
523,2017-02-17,0.0608220949936622
524,2017-02-20,0.054675490105619375
525,2017-02-21,0.04967762536285392
526,2017-02-22,0.04581515415731744
527,2017-02-23,0.04425410141619679
528,2017-02-24,0.04403609388083558
529,2017-02-27,0.044459775305853245
530,2017-02-28,0.045897492666221076
531,2017-03-01,0.04602216386555187
532,2017-03-02,0.04555414686606696
533,2017-03-03,0.04512479805968879
534,2017-03-06,0.045279136979792245
535,2017-03-07,0.04538914097866146
536,2017-03-08,0.04567115126661673
537,2017-03-09,0.04597649584160053
538,2017-03-10,0.046103833892304394
539,2017-03-13,0.04609283348655513
540,2017-03-14,0.04150834706499647
541,2017-03-15,0.04137534262980136
542,2017-03-16,0.04144501161208828
543,2017-03-17,0.04126733907223734
544,2017-03-20,0.04099333003729037
545,2017-03-21,0.04078398983784851
546,2017-03-22,0.04065031880212677
547,2017-03-23,0.04067965309174637
548,2017-03-24,0.040595317014628186
549,2017-03-27,0.04095732879794515
550,2017-03-28,0.04129967332776226
551,2017-03-29,0.04157668246477231
552,2017-03-30,0.0417796892218251
553,2017-03-31,0.04238770937728582
554,2017-04-03,0.04278205615013686
555,2017-04-05,0.04251504708192207
556,2017-04-06,0.041586683127366644
557,2017-04-07,0.03970029019794522
558,2017-04-10,0.03908360441285952
559,2017-04-11,0.038338248408276154
560,2017-04-12,0.036287855517895075
561,2017-04-13,0.03565317085482134
562,2017-04-18,0.035694505353319375
563,2017-04-19,0.035932845428676696
564,2017-04-20,0.036401525458869724
565,2017-04-21,0.036817204165562334
566,2017-04-24,0.03706487806633222
567,2017-04-25,0.03744022246883934
568,2017-04-26,0.037948237676554974
569,2017-04-27,0.03853492213114299
570,2017-04-28,0.041709353710062125
571,2017-05-02,0.043850425700431295
572,2017-05-04,0.04506880193617298
573,2017-05-05,0.04538214660655404
574,2017-05-08,0.04605983806249547
575,2017-05-09,0.046740530005739966
576,2017-05-10,0.04733955258654128
577,2017-05-11,0.04765723134348605
578,2017-05-12,0.04779556997905147
579,2017-05-15,0.04780623705387491
580,2017-05-16,0.04763989738890695
581,2017-05-17,0.04742822268592646
582,2017-05-18,0.04750655899143548
583,2017-05-19,0.04668252820830091
584,2017-05-22,0.04654918990241175
585,2017-05-23,0.04662685946421237
586,2017-05-24,0.04623884505988718
587,2017-05-25,0.0461031733780833
588,2017-05-26,0.045738159955795624
589,2017-05-29,0.04629251352233169
590,2017-05-31,0.04911428535444573
591,2017-06-01,0.050585343340377634
592,2017-06-02,0.05124770344887193
593,2017-06-05,0.05127070438876539
594,2017-06-06,0.051032361346303734
595,2017-06-07,0.05121136862357526
596,2017-06-08,0.051346707482073185
597,2017-06-09,0.051632719186463685
598,2017-06-12,0.05211040552567381
599,2017-06-13,0.05365046940429089
600,2017-06-14,0.05232074853344093
601,2017-06-15,0.05306177860903889
602,2017-06-16,0.054700847094124594
603,2017-06-19,0.05694261203276577
604,2017-06-20,0.05880936368212926
605,2017-06-21,0.0600560890105221
606,2017-06-22,0.06064445067142469
607,2017-06-23,0.0610154687521421
608,2017-06-26,0.061591497088823534
609,2017-06-27,0.06185084325928495
610,2017-06-28,0.06239320356720146
611,2017-06-29,0.06297256602171286
612,2017-06-30,0.07332409019470039
613,2017-07-03,0.07562055959796643
614,2017-07-04,0.07682563332159034
615,2017-07-05,0.07728832872205085
616,2017-07-06,0.07786436480621642
617,2017-07-07,0.07836372963451557
618,2017-07-10,0.07894509993363977
619,2017-07-11,0.0785864105499412
620,2017-07-12,0.07638494184723695
621,2017-07-13,0.07526987425067558
622,2017-07-14,0.07494518804966877
623,2017-07-17,0.07515220053806078
624,2017-07-18,0.07559722748811115
625,2017-07-19,0.07555522493889835
626,2017-07-20,0.07554089073437131
627,2017-07-21,0.07537554738646182
628,2017-07-24,0.0750455274848701
629,2017-07-25,0.07345976716288301
630,2017-07-26,0.07245470873297188
631,2017-07-27,0.07082061636984882
632,2017-07-28,0.07080561554480372
633,2017-07-31,0.08631413875374767
634,2017-08-01,0.08997705496927391
635,2017-08-02,0.08928867231940603
636,2017-08-03,0.08894431429902205
637,2017-08-04,0.0887846361860974
638,2017-08-07,0.08864429281269329
639,2017-08-08,0.08826059870517729
640,2017-08-09,0.08780323290246879
641,2017-08-10,0.08765388901458651
642,2017-08-11,0.0776962675218947
643,2017-08-14,0.07582348669517014
644,2017-08-15,0.0749954367189091
645,2017-08-16,0.07478542407307238
646,2017-08-17,0.07466975045353393
647,2017-08-18,0.07436439878835133
648,2017-08-21,0.07405871383546758
649,2017-08-22,0.07364902274668386
650,2017-08-24,0.07351601486702182
651,2017-08-25,0.07360235330921375
652,2017-08-28,0.07339300761132206
653,2017-08-29,0.07328233442844093
654,2017-08-30,0.07666353275127176
655,2017-08-31,0.08375996989672396
656,2017-09-01,0.08395331627641944
657,2017-09-04,0.0843710111876487
658,2017-09-05,0.0843396757254163
659,2017-09-06,0.08629847559418202
660,2017-09-07,0.08838262046862999
661,2017-09-08,0.0879412558184652
662,2017-09-11,0.08553408945117802
663,2017-09-12,0.06784712393038683
664,2017-09-13,0.062207508945448055
665,2017-09-14,0.06156147704230822
666,2017-09-15,0.06138380163503987
667,2017-09-18,0.061814489477803505
668,2017-09-19,0.06295821275077809
669,2017-09-20,0.06942454074119198
670,2017-09-21,0.08414903035675048
671,2017-09-22,0.09638052620771775
672,2017-09-25,0.09990113333362416
673,2017-09-26,0.10326340481854324
674,2017-09-27,0.1085198441795517
675,2017-09-28,0.11737662302198822
676,2017-09-29,0.14714845755703365
677,2017-10-03,0.15500806616138468
678,2017-10-04,0.16066211383045648
679,2017-10-06,0.1643949365959907
680,2017-10-09,0.1653974041813518
681,2017-10-10,0.16647121539776394
682,2017-10-11,0.16731399630225777
683,2017-10-12,0.16800975770107823
684,2017-10-13,0.1644976213949323
685,2017-10-16,0.15797311993538768
686,2017-10-17,0.15862353672138801
687,2017-10-18,0.15947931347238078
688,2017-10-19,0.16231168086543085
689,2017-10-20,0.1653750805349611
690,2017-10-23,0.16795542315464207
691,2017-10-24,0.17228701531131577
692,2017-10-25,0.17957770560440567
693,2017-10-26,0.18603865151419763
694,2017-10-27,0.19179285776072344
695,2017-10-30,0.20776002173303146
696,2017-10-31,0.2701695980437605
697,2017-11-01,0.28642217964987005
698,2017-11-02,0.299029451857058
699,2017-11-03,0.30706470869641767
700,2017-11-06,0.3083353457763153
701,2017-11-07,0.3167947258104616
702,2017-11-08,0.32627781993130506
703,2017-11-09,0.3386437509560987
704,2017-11-10,0.3457773626716768
705,2017-11-13,0.3479149517802556
706,2017-11-14,0.3289090072070196
707,2017-11-15,0.3312512892421441
708,2017-11-16,0.33484224621473935
709,2017-11-17,0.33910340163689767
710,2017-11-20,0.34250567616121624
711,2017-11-21,0.34471762715592524
712,2017-11-22,0.3472500061805883
713,2017-11-23,0.35050759609341525
714,2017-11-24,0.369632742866736
715,2017-11-27,0.38504672874291046
716,2017-11-28,0.39745829666772237
717,2017-11-29,0.40329752277073283
718,2017-11-30,0.4098233278880703
719,2017-12-01,0.4126769399235249
720,2017-12-04,0.4104088494406429
721,2017-12-05,0.4068436646212592
722,2017-12-06,0.4005782818366166
723,2017-12-07,0.39451332495289054
724,2017-12-08,0.3885877725359939
725,2017-12-11,0.3727422736654199
726,2017-12-12,0.31028776026850535
727,2017-12-13,0.2940311923870268
728,2017-12-14,0.28492944139048015
729,2017-12-15,0.27369562315487184
730,2017-12-18,0.2590825457286579
731,2017-12-19,0.23872625245839513
732,2017-12-20,0.2269880920576413
733,2017-12-21,0.21326706194855216
734,2017-12-22,0.2064102721682041
735,2017-12-27,0.2117721265298929
736,2017-12-28,0.21597948288352523
737,2017-12-29,0.2506826470285476
738,2018-01-02,0.2588485919569024
739,2018-01-03,0.26236964788658446
740,2018-01-04,0.2685306133037968
741,2018-01-05,0.2739844615479492
742,2018-01-08,0.279001904297671
743,2018-01-09,0.28159515359511184
744,2018-01-10,0.2669386805943197
745,2018-01-11,0.25316485951627127
746,2018-01-12,0.24222605115135076
747,2018-01-15,0.23787154916539155
748,2018-01-16,0.23268091478069186
749,2018-01-17,0.2291235956179453
750,2018-01-18,0.23922913083018377
751,2018-01-19,0.24429111608254744
752,2018-01-22,0.2462298346780208
753,2018-01-23,0.24847295185575674
754,2018-01-24,0.2512031731326155
755,2018-01-25,0.2539047272569076
756,2018-01-26,0.25874139710587346
757,2018-01-29,0.2728113656661331
758,2018-01-30,0.2967296048994779
759,2018-01-31,0.32709356261054756
760,2018-02-01,0.33759202676686784
761,2018-02-02,0.3452461374079137
762,2018-02-05,0.3489521795562315
763,2018-02-06,0.3503435743231716
764,2018-02-07,0.3470576475475773
765,2018-02-08,0.3325350527362603
766,2018-02-09,0.3195123376459848
767,2018-02-12,0.277116816984931
768,2018-02-13,0.2617325499208345
769,2018-02-14,0.25244398190150674
770,2018-02-15,0.24583834338203583
771,2018-02-20,0.23934975433592315
772,2018-02-21,0.23231642831078592
773,2018-02-22,0.2270951332873361
774,2018-02-23,0.22379353410668656
775,2018-02-26,0.22317842296627846
776,2018-02-27,0.22308340585006264
777,2018-02-28,0.2316892854785313
778,2018-03-01,0.22898645044370594
779,2018-03-02,0.2246886626124082
780,2018-03-05,0.2111853271216916
781,2018-03-06,0.2040111258912421
782,2018-03-07,0.19995279352771714
783,2018-03-08,0.19628520313192954
784,2018-03-09,0.1927433101226783
785,2018-03-12,0.18907440861527142
786,2018-03-13,0.1835409109745704
787,2018-03-14,0.1682021330912183
788,2018-03-15,0.1388421356405193
789,2018-03-16,0.10489123456021894
790,2018-03-19,0.0925129694769248
791,2018-03-20,0.08377970807625552
792,2018-03-21,0.07768598883651778
793,2018-03-22,0.07341340044677938
794,2018-03-23,0.07212466005346677
795,2018-03-26,0.07523750265685894
796,2018-03-27,0.07910006377351841
797,2018-03-28,0.08085417228506456
798,2018-03-29,0.09734255656200785
799,2018-04-03,0.09996875944417634
800,2018-04-04,0.09978274498624318
801,2018-04-06,0.09908335650944029
802,2018-04-09,0.09890600915617442
803,2018-04-10,0.09719054055231287
804,2018-04-11,0.09507037634142548
805,2018-04-12,0.09238217360772275
806,2018-04-13,0.09066204848358442
807,2018-04-16,0.0815051309802676
808,2018-04-17,0.08290588790261788
809,2018-04-18,0.08488468676514094
810,2018-04-19,0.08754753762922154
811,2018-04-20,0.09098378413611533
812,2018-04-23,0.09509409031109861
813,2018-04-24,0.11073397415998221
814,2018-04-25,0.12996538372859928
815,2018-04-26,0.14892973282026506
816,2018-04-27,0.16731697113571142
817,2018-04-30,0.18583083923598234
818,2018-05-02,0.19616441052690742
819,2018-05-03,0.20723351989676192
820,2018-05-04,0.21827905923432755
821,2018-05-07,0.22948572763368996
822,2018-05-08,0.23400757803147357
823,2018-05-09,0.23747424244593787
824,2018-05-10,0.23864546858303193
825,2018-05-11,0.2341519445806184
826,2018-05-14,0.22827584939441775
827,2018-05-15,0.224323792835468
828,2018-05-16,0.20796971069839315
829,2018-05-17,0.20514424167191736
830,2018-05-18,0.20268217047522868
831,2018-05-21,0.20268817145983054
832,2018-05-23,0.20365866428098123
833,2018-05-24,0.20718258378135124
834,2018-05-25,0.21155865919367428
835,2018-05-28,0.21826615523703832
836,2018-05-29,0.2303769727228492
837,2018-05-30,0.2569332488432015
838,2018-05-31,0.29586432433120013
839,2018-06-01,0.30650788049516225
840,2018-06-04,0.31977451831772435
841,2018-06-05,0.3340965713919175
842,2018-06-06,0.34850680790527255
843,2018-06-07,0.35617790352749923
844,2018-06-08,0.3621298824920238
845,2018-06-11,0.36688922202811425
846,2018-06-12,0.365806245960761
847,2018-06-13,0.35547130285806433
848,2018-06-14,0.3516959013283046
849,2018-06-15,0.34695991269237947
850,2018-06-19,0.34987638213925065
851,2018-06-20,0.353904166616692
852,2018-06-21,0.36919254768522647
853,2018-06-22,0.40579719084621324
854,2018-06-25,0.453803384944218
855,2018-06-26,0.48018651241599947
856,2018-06-27,0.5170943619598134
857,2018-06-28,0.5768466662604295
858,2018-06-29,0.6716976813023782
859,2018-07-03,0.7674049097075734
860,2018-07-04,0.8333796812302507
861,2018-07-05,0.8603981053825833
862,2018-07-06,0.8668926753070664
863,2018-07-09,0.8787857633591837
864,2018-07-10,0.8925963390214786
865,2018-07-11,0.9032003824133642
866,2018-07-12,0.9002832526394888
867,2018-07-13,0.8810565167418922
868,2018-07-16,0.8453903130645571
869,2018-07-17,0.8383625154401867
870,2018-07-18,0.8272987149296918
871,2018-07-19,0.8130592497837911
872,2018-07-20,0.795730946057734
873,2018-07-23,0.7738110460848824
874,2018-07-24,0.7513966047523227
875,2018-07-25,0.7383938394526075
876,2018-07-26,0.7287974950343834
877,2018-07-27,0.7267509514878978
878,2018-07-30,0.7269200514143999
879,2018-07-31,0.7457691941799311
880,2018-08-01,0.7477273697918803
881,2018-08-02,0.7486826104883233
882,2018-08-03,0.7451521652756902
883,2018-08-06,0.7231654452159193
884,2018-08-07,0.6916997560746041
885,2018-08-08,0.6836887241120266
886,2018-08-09,0.6663225181869273
887,2018-08-10,0.6234945678694018
888,2018-08-13,0.5436050961623362
889,2018-08-14,0.4640150114737618
890,2018-08-15,0.41629717889359874
891,2018-08-16,0.4054223953172157
892,2018-08-17,0.4193399151073862
893,2018-08-20,0.4289144162740251
894,2018-08-21,0.4347660537291039
895,2018-08-22,0.44143867236380674
896,2018-08-23,0.4510757444967502
897,2018-08-24,0.4569808785596874
898,2018-08-27,0.468538477355714
899,2018-08-28,0.48248109526743593
900,2018-08-29,0.5048445241846444
901,2018-08-30,0.5291778745448801
902,2018-08-31,0.5603934058746891
903,2018-09-03,0.5972719963460456
904,2018-09-04,0.6249531716046586
905,2018-09-05,0.638913875420514
906,2018-09-06,0.6528407543063275
907,2018-09-07,0.6661331414435293
908,2018-09-10,0.6804285422675489
909,2018-09-11,0.6772761811683218
910,2018-09-12,0.6926918778596228
911,2018-09-13,0.7330466064799701
912,2018-09-14,0.7694326773494464
913,2018-09-17,0.8024203480963887
914,2018-09-18,0.8421585454380098
915,2018-09-19,0.8775084065489805
916,2018-09-20,0.9110883622419444
917,2018-09-21,0.9564846395849869
918,2018-09-24,1.0438359378788749
919,2018-09-26,1.0933556044032713
920,2018-09-27,1.172275769472016
921,2018-09-28,1.2719351223529443
922,2018-10-02,1.2873535861517589
923,2018-10-03,1.2923484247182517
924,2018-10-04,1.2977203484508704
925,2018-10-05,1.3018796961823322
926,2018-10-08,1.320389161998566
927,2018-10-09,1.344980808791359
928,2018-10-10,1.3526124481240132
929,2018-10-11,1.3537330063791688
930,2018-10-12,1.350057672520762
931,2018-10-15,1.3440398078251443
932,2018-10-16,1.3321303195937124
933,2018-10-18,1.3147271714516906
934,2018-10-19,1.3052838843673809
935,2018-10-22,1.3026337660069294
936,2018-10-23,1.3035644108669566
937,2018-10-24,1.305043969941544
938,2018-10-25,1.3018302507011859
939,2018-10-26,1.2927850864310437
940,2018-10-29,1.2725958580797392
941,2018-10-30,1.2239860259111464
942,2018-10-31,1.1929171605569202
943,2018-11-01,1.1559561962853273
944,2018-11-02,1.1095507657784405
945,2018-11-05,1.067134057677447
946,2018-11-06,1.0280125273300613
947,2018-11-07,0.9820091046459237
948,2018-11-08,0.8943300023314041
949,2018-11-09,0.8363316743210003
950,2018-11-12,0.7524365902714547
951,2018-11-13,0.6505759115680927
952,2018-11-14,0.6221713192391805
953,2018-11-15,0.6032971563975049
954,2018-11-16,0.5859920093512253
955,2018-11-19,0.5679860997746311
956,2018-11-20,0.5393863486226428
957,2018-11-21,0.5072718841553692
958,2018-11-22,0.49342642061431424
959,2018-11-23,0.4915016755585033
960,2018-11-26,0.4885075261945482
961,2018-11-27,0.4875641647016445
962,2018-11-28,0.48548703490365697
963,2018-11-29,0.4880723542512566
964,2018-11-30,0.5158006506152908
965,2018-12-03,0.5154194961907794
966,2018-12-04,0.5137718301106393
967,2018-12-05,0.5185304208728387
968,2018-12-06,0.5237122158244345
969,2018-12-07,0.5303363236039711
970,2018-12-10,0.5424574845424838
971,2018-12-11,0.5571752696293175
972,2018-12-12,0.5588009840925112
973,2018-12-13,0.5691339345224589
974,2018-12-14,0.5872835514571924
975,2018-12-17,0.6103310861858261
976,2018-12-18,0.6225457218752598
977,2018-12-19,0.6268795410375764
978,2018-12-20,0.635480842938152
979,2018-12-21,0.6663953750619936
980,2018-12-24,0.7172512136679798
981,2018-12-27,0.7789720474385087
982,2018-12-28,0.8579171735436134
983,2018-12-31,0.9701474505596885
984,2019-01-02,1.0006701120544803
985,2019-01-03,1.0405061640331095
986,2019-01-04,1.0804199127823968
987,2019-01-07,1.097361477106388
988,2019-01-08,1.0980834532516193
989,2019-01-09,1.084215513305442
990,2019-01-10,1.068857774675765
991,2019-01-11,1.0532276603284632
992,2019-01-14,1.0408731651986414
993,2019-01-15,1.0253625442928551
994,2019-01-16,0.9856974131337237
995,2019-01-17,0.9706945427328268
996,2019-01-18,0.9557495618997214
997,2019-01-21,0.9420024024056765
998,2019-01-22,0.9273400119219954
999,2019-01-23,0.9151759526164908
1000,2019-01-24,0.8987829568349462
1001,2019-01-25,0.8838065249943572
1002,2019-01-28,0.868729542888554
1003,2019-01-29,0.8533448845565172
1004,2019-01-30,0.840814428579432
1005,2019-01-31,0.8494241175876049
1006,2019-02-01,0.8414800892407093
1007,2019-02-04,0.8538894388550636
1008,2019-02-08,0.8519871463546158
1009,2019-02-11,0.8320318649158498
1010,2019-02-12,0.7883350673218177
1011,2019-02-13,0.7307281570081906
1012,2019-02-14,0.6581853098750959
1013,2019-02-15,0.5505557909866805
1014,2019-02-18,0.5296537491787712
1015,2019-02-19,0.495150168221381
1016,2019-02-20,0.46057154354522584
1017,2019-02-21,0.449449577177737
1018,2019-02-22,0.4506276654807332
1019,2019-02-25,0.4575905396178618
1020,2019-02-26,0.4645061058813867
1021,2019-02-27,0.47099755374131097
1022,2019-02-28,0.4935204837831164
1023,2019-03-01,0.5068984828776971
1024,2019-03-04,0.5226672593770557
1025,2019-03-05,0.5370109994169684
1026,2019-03-06,0.5487044265243008
1027,2019-03-07,0.5544609617378238
1028,2019-03-08,0.5630441404310941
1029,2019-03-11,0.5755968605293186
1030,2019-03-12,0.5843296005830371
1031,2019-03-13,0.5938170877580973
1032,2019-03-14,0.6040126544935205
1033,2019-03-15,0.6150683841568361
1034,2019-03-18,0.6169453029232663
1035,2019-03-19,0.5949422967665466
1036,2019-03-20,0.6013143077576906
1037,2019-03-21,0.6023271125476255
1038,2019-03-22,0.6351787001127003
1039,2019-03-25,0.6771538537015398
1040,2019-03-26,0.7060820619110508
1041,2019-03-27,0.7341721996061867
1042,2019-03-28,0.7670195368508917
1043,2019-03-29,0.8391413067545428
1044,2019-04-01,0.8633408713350832
1045,2019-04-02,0.9010928095372628
1046,2019-04-03,0.9405044528482787
1047,2019-04-04,0.9871108632703574
1048,2019-04-08,1.0319256401766415
1049,2019-04-09,1.0860235538732756
1050,2019-04-10,1.165702773279842
1051,2019-04-11,1.2486113141171058
1052,2019-04-12,1.2775733177293376
1053,2019-04-15,1.3144907170169324
1054,2019-04-16,1.3480272136731086
1055,2019-04-17,1.3714370399649252
1056,2019-04-18,1.4076479287057388
1057,2019-04-23,1.4431811222873365
1058,2019-04-24,1.4868031701444795
1059,2019-04-25,1.529254588141197
1060,2019-04-26,1.5665435589126955
1061,2019-04-29,1.6033957333003093
1062,2019-04-30,1.6592667292724683
1063,2019-05-02,1.6909616847334088
1064,2019-05-03,1.7149662521730704
1065,2019-05-06,1.722723692003932
1066,2019-05-07,1.722244024065326
1067,2019-05-08,1.711704434686323
1068,2019-05-09,1.6808308528805362
1069,2019-05-10,1.6447399479144789
1070,2019-05-14,1.6184662672772927
1071,2019-05-15,1.5944009360315703
1072,2019-05-16,1.5687931460985052
1073,2019-05-17,1.5039774140997588
1074,2019-05-20,1.4889414269609471
1075,2019-05-21,1.4666755280414945
1076,2019-05-22,1.4394309677368322
1077,2019-05-23,1.4061560062687475
1078,2019-05-24,1.3791247949438274
1079,2019-05-27,1.3560085695376995
1080,2019-05-28,1.3136352789929269
1081,2019-05-29,1.2670580045364366
1082,2019-05-30,1.2467455047193672
1083,2019-05-31,1.2496773648808968
1084,2019-06-03,1.2337844917903424
1085,2019-06-04,1.2298533213039788
1086,2019-06-05,1.213423133660544
1087,2019-06-06,1.1987768556353973
1088,2019-06-10,1.168762155043801
1089,2019-06-11,1.1371924988543964
1090,2019-06-12,1.1350175639462425
1091,2019-06-13,1.1552088055363303
1092,2019-06-14,1.1348087069725528
1093,2019-06-17,1.1323268346941529
1094,2019-06-18,1.1346195483498207
1095,2019-06-19,1.1557250137941584
1096,2019-06-20,1.1929665724670764
1097,2019-06-21,1.2412188412236271
1098,2019-06-24,1.2950051420327604
1099,2019-06-25,1.3512373225161596
1100,2019-06-26,1.4091062943545785
1101,2019-06-27,1.4636195628564441
1102,2019-06-28,1.5363534775739374
1103,2019-07-02,1.576600434097334
1104,2019-07-03,1.6123734660379714
1105,2019-07-04,1.6788527287420787
1106,2019-07-05,1.746733019080134
1107,2019-07-08,1.786700708182687
1108,2019-07-09,1.8156747481261244
1109,2019-07-10,1.8225133558114799
1110,2019-07-11,1.8187435389880398
1111,2019-07-12,1.8051230822691
1112,2019-07-15,1.790502540125712
1113,2019-07-16,1.7540755178502694
1114,2019-07-17,1.7376060550540786
1115,2019-07-18,1.730871344221548
1116,2019-07-19,1.7298839725290596
1117,2019-07-22,1.7291880068141863
1118,2019-07-23,1.7327713336830548
1119,2019-07-24,1.7340170728467865
1120,2019-07-25,1.7189475977902509
1121,2019-07-26,1.681236383927483
1122,2019-07-29,1.6691462401862402
1123,2019-07-30,1.6691412335333333
1124,2019-07-31,1.6718852195595064
1125,2019-08-01,1.6540838811131071
1126,2019-08-02,1.6197276753224576
1127,2019-08-05,1.5868148996467564
1128,2019-08-06,1.5525955887202587
1129,2019-08-07,1.4946317021076256
1130,2019-08-08,1.4322998357000238
1131,2019-08-09,1.3662955401902617
1132,2019-08-12,1.2786068556324026
1133,2019-08-13,1.227122198052255
1134,2019-08-14,1.1715863158395825
1135,2019-08-15,1.1091776297725398
1136,2019-08-16,1.075044569105288
1137,2019-08-19,1.03751521961191
1138,2019-08-20,1.0068786696505163
1139,2019-08-21,0.9854108215872293
1140,2019-08-22,0.9651862244569005
1141,2019-08-23,0.9559601743158619
1142,2019-08-26,0.9609176395156978
1143,2019-08-27,0.9559614973828882
1144,2019-08-28,0.9448193254173823
1145,2019-08-29,0.9283780315512025
1146,2019-08-30,0.9297803912442615
1147,2019-09-02,0.9378713134348422
1148,2019-09-03,0.9264948764695968
1149,2019-09-04,0.9054907969230142
1150,2019-09-05,0.8785592437361063
1151,2019-09-06,0.8517987563691376
1152,2019-09-09,0.8218585171134014
1153,2019-09-10,0.7914152187351104
1154,2019-09-11,0.7623601931445696
1155,2019-09-12,0.7493857640749205
1156,2019-09-13,0.7407102938291646
1157,2019-09-16,0.7123323052415254
1158,2019-09-17,0.6772641196600888
1159,2019-09-18,0.6619412542397951
1160,2019-09-19,0.6490658122868271
1161,2019-09-20,0.6443553537537228
1162,2019-09-23,0.6436193033974617
1163,2019-09-24,0.6408645430306318
1164,2019-09-25,0.6440301785626823
1165,2019-09-26,0.651566945624223
1166,2019-09-27,0.6484694455861639
1167,2019-09-30,0.7072032307553784
1168,2019-10-02,0.7178241291885638
1169,2019-10-03,0.7246503204972516
1170,2019-10-04,0.7319058167832996
1171,2019-10-08,0.7620579793317612
1172,2019-10-09,0.7766547812886252
1173,2019-10-10,0.786041280091454
1174,2019-10-11,0.7931731280586884
1175,2019-10-14,0.8063892103472876
1176,2019-10-15,0.7907013174893729
1177,2019-10-16,0.7665362154029501
1178,2019-10-17,0.7738029838267175
1179,2019-10-18,0.7996221392779557
1180,2019-10-21,0.8315738716269006
1181,2019-10-22,0.8633843196743022
1182,2019-10-23,0.889283421567244
1183,2019-10-24,0.9138659794659405
1184,2019-10-25,0.95147789280741
1185,2019-10-28,0.978857815415098
1186,2019-10-29,0.9932424778742344
1187,2019-10-30,1.036070985888778
1188,2019-10-31,1.0906115534214758
1189,2019-11-01,1.1262251389143088
1190,2019-11-04,1.1483931521517055
1191,2019-11-05,1.1609959433408257
1192,2019-11-06,1.172135813853466
1193,2019-11-07,1.186996658350714
1194,2019-11-08,1.1950357273639836
1195,2019-11-11,1.1903696472861232
1196,2019-11-12,1.1923678369784065
1197,2019-11-13,1.1658508312763567
1198,2019-11-14,1.1894789744558376
1199,2019-11-15,1.2149804483632194
1200,2019-11-18,1.2392149604288174
1201,2019-11-19,1.24123959465533
1202,2019-11-20,1.2641778379953246
1203,2019-11-21,1.2987895895431514
1204,2019-11-22,1.3312666220189597
1205,2019-11-25,1.3472773790721204
1206,2019-11-26,1.378600102003813
1207,2019-11-27,1.4119836028591126
1208,2019-11-28,1.4420233324530203
1209,2019-11-29,1.4716928676892707
1210,2019-12-02,1.480507883300545
1211,2019-12-03,1.4771005275429108
1212,2019-12-04,1.4751659091287617
1213,2019-12-05,1.463471505083617
1214,2019-12-06,1.4386448729898322
1215,2019-12-09,1.4249889537305067
1216,2019-12-10,1.426973886693176
1217,2019-12-11,1.4098389195353518
1218,2019-12-12,1.383184841541011
1219,2019-12-13,1.3831741631526673
1220,2019-12-16,1.4124266453801715
1221,2019-12-17,1.444076116841116
1222,2019-12-18,1.4854321259654615
1223,2019-12-19,1.5206026215470438
1224,2019-12-20,1.5591743695361537
1225,2019-12-23,1.5890670179449264
1226,2019-12-24,1.6173311376240525
1227,2019-12-27,1.637592315024557
1228,2019-12-30,1.6512879896077561
1229,2019-12-31,1.7372147407072491
1230,2020-01-02,1.7425704570245393
1231,2020-01-03,1.749794446892572
1232,2020-01-06,1.7413924986330578
1233,2020-01-07,1.731362358162373
1234,2020-01-08,1.7353408322566044
1235,2020-01-09,1.7489042923645983
1236,2020-01-10,1.7633887716179464
1237,2020-01-13,1.7621236653169836
1238,2020-01-14,1.7442003047537697
1239,2020-01-15,1.7103163416006002
1240,2020-01-16,1.6996407971295941
1241,2020-01-17,1.7030834893512092
1242,2020-01-20,1.7299465713801476
1243,2020-01-21,1.7605658953424992
1244,2020-01-22,1.784126618626125
1245,2020-01-23,1.7890186423197987
1246,2020-01-24,1.7950833666966037
1247,2020-01-29,1.819970592313891
1248,2020-01-30,1.8462005945465911
1249,2020-01-31,1.852968926352146
1250,2020-02-03,1.8438581861381622
1251,2020-02-04,1.8345762125721217
1252,2020-02-05,1.8157411383287116
1253,2020-02-06,1.7900471203479447
1254,2020-02-07,1.7618381057076582
1255,2020-02-10,1.728076179193716
1256,2020-02-11,1.6727290636188459
1257,2020-02-12,1.6217011720943364
1258,2020-02-13,1.5746682824820797
1259,2020-02-14,1.4619108916073948
1260,2020-02-17,1.442483914233746
1261,2020-02-18,1.415458349996468
1262,2020-02-19,1.3964197848792843
1263,2020-02-20,1.3780278509714194
1264,2020-02-21,1.3543895844871403
1265,2020-02-24,1.3286519140385884
1266,2020-02-25,1.2975547461687387
1267,2020-02-26,1.2771909640948875
1268,2020-02-27,1.2688261535140428
1269,2020-02-28,1.279492637809972
1270,2020-03-02,1.2777368505673605
1271,2020-03-03,1.26914046549799
1272,2020-03-04,1.23262664403333
1273,2020-03-05,1.1902122480995203
1274,2020-03-06,1.1534937589923224
1275,2020-03-09,1.1342668399703844
1276,2020-03-10,1.1128933411479283
1277,2020-03-11,1.0695472925789797
1278,2020-03-12,1.0217772316860976
1279,2020-03-13,0.9883132726320798
1280,2020-03-16,0.9703591152472397
1281,2020-03-17,0.9550121053894078
1282,2020-03-18,0.944482549243338
1283,2020-03-19,0.9393790688541551
1284,2020-03-20,0.9234949178487143
1285,2020-03-23,0.9140556934620939
1286,2020-03-24,0.9124218457417621
1287,2020-03-25,0.9292389974224287
1288,2020-03-26,0.9434808249182894
1289,2020-03-27,0.9581687804759912
1290,2020-03-30,0.9618915768256648
1291,2020-03-31,0.977288927913263
1292,2020-04-01,0.9610427294490131
1293,2020-04-02,0.9518831025288166
1294,2020-04-03,0.9465047205036343
1295,2020-04-06,0.9362747287115317
1296,2020-04-07,0.9226136465091109
1297,2020-04-08,0.9122334061543391
1298,2020-04-09,0.902129122298297
1299,2020-04-14,0.8867272708860563
1300,2020-04-15,0.874947392478235
1301,2020-04-16,0.8670222514340649
1302,2020-04-17,0.8659128190569982
1303,2020-04-20,0.8741735533920473
1304,2020-04-21,0.8795963548103006
1305,2020-04-22,0.8881410511552593
1306,2020-04-23,0.8954605979563657
1307,2020-04-24,0.9010726360973293
1308,2020-04-27,0.9066480149777104
1309,2020-04-28,0.9078955906720476
1310,2020-04-29,0.8951827872910896
1311,2020-05-04,0.8823873470263736
1312,2020-05-05,0.8561993930994549
1313,2020-05-06,0.8314445843131864
1314,2020-05-07,0.8177891231028559
1315,2020-05-08,0.7992176991766242
1316,2020-05-11,0.7743513679634809
1317,2020-05-12,0.7337458562955016
1318,2020-05-13,0.6961326160635124
1319,2020-05-14,0.6522223085285828
1320,2020-05-15,0.6076888444229895
1321,2020-05-18,0.5565565556940136
1322,2020-05-19,0.5367648607686015
1323,2020-05-20,0.5122969395841374
1324,2020-05-21,0.48437887545865754
1325,2020-05-22,0.46639174959953733
1326,2020-05-25,0.45089144908608453
1327,2020-05-26,0.4329895013870969
1328,2020-05-27,0.41460966481316286
1329,2020-05-28,0.3915696964091553
1330,2020-05-29,0.3715036724494432
1331,2020-06-01,0.34879389201675215
1332,2020-06-02,0.325592397111063
1333,2020-06-03,0.2984597845509196
1334,2020-06-04,0.27420535612446095
1335,2020-06-05,0.2502248567089323
1336,2020-06-08,0.22697261497925575
1337,2020-06-09,0.20642587095000736
1338,2020-06-10,0.18620849288827715
1339,2020-06-11,0.16679751985202068
1340,2020-06-12,0.14944009423433213
1341,2020-06-15,0.13646466936496995
1342,2020-06-16,0.13341600914055599
1343,2020-06-17,0.13124311270926725
1344,2020-06-18,0.1285068265071539
1345,2020-06-19,0.1230592807711058
1346,2020-06-22,0.1189698921454633
1347,2020-06-23,0.1133820531150483
1348,2020-06-24,0.10788491345807838
1349,2020-06-26,0.10364789225730438
1350,2020-06-29,0.10222010721563368
1351,2020-06-30,0.1037815689554596
1352,2020-07-02,0.10407692699070381
1353,2020-07-03,0.10404725783865383
1354,2020-07-06,0.1052696936817902
1355,2020-07-07,0.10172040633973736
1356,2020-07-08,0.0965423430052903
1357,2020-07-09,0.09376913655519958
1358,2020-07-10,0.08967784160162454
1359,2020-07-13,0.08580757500630623
1360,2020-07-14,0.08103626260257031
1361,2020-07-15,0.07907147040008278
1362,2020-07-16,0.07734036131394524
1363,2020-07-17,0.07587793727232468
1364,2020-07-20,0.07436751202967162
1365,2020-07-21,0.06973324775616888
1366,2020-07-22,0.06510433476002811
1367,2020-07-23,0.061013797439783225
1368,2020-07-24,0.058373671452782716
1369,2020-07-27,0.0573746246056254
1370,2020-07-28,0.05491751432202448
1371,2020-07-29,0.05237207204872307
1372,2020-07-30,0.04973163145167714
1373,2020-07-31,0.04819257180509832
1374,2020-08-03,0.048605587745150405
1375,2020-08-04,0.04896460174432793
1376,2020-08-05,0.04713819991627084
1377,2020-08-06,0.04492278669711765
1378,2020-08-07,0.04238436629600735
1379,2020-08-10,0.04104498832450121
1380,2020-08-11,0.04031229774829429
1381,2020-08-12,0.03718520370456686
1382,2020-08-13,0.03541715303393792
1383,2020-08-14,0.033815442568585485
1384,2020-08-17,0.031082040536693313
1385,2020-08-18,0.02837631189488802
1386,2020-08-19,0.025700590150109132
1387,2020-08-20,0.02306887478925601
1388,2020-08-21,0.02170718449595599
1389,2020-08-24,0.020553499136255482
1390,2020-08-25,0.019859154854617866
1391,2020-08-26,0.01907180953027628
1392,2020-08-27,0.01904580913750046
1393,2020-08-28,0.027501605336447778
1394,2020-08-31,0.036931815939963045
1395,2020-09-01,0.04518839753463455
1396,2020-09-02,0.051467628910428775
1397,2020-09-03,0.057584885971421564
1398,2020-09-04,0.06354816667500929
1399,2020-09-07,0.06804540037344356
1400,2020-09-08,0.06899145304295103
1401,2020-09-09,0.06934680643827147
1402,2020-09-10,0.06966382442650983
1403,2020-09-11,0.0692348002291269
1404,2020-09-14,0.06834241732582846
1405,2020-09-15,0.06738169789810196
1406,2020-09-16,0.06685333596026706
1407,2020-09-17,0.06730436035238632
1408,2020-09-18,0.06883311076454346
1409,2020-09-21,0.07094756285517256
1410,2020-09-22,0.0728010033366755
1411,2020-09-23,0.07415908393155757
1412,2020-09-24,0.07430409270412866
1413,2020-09-25,0.07423608858183606
1414,2020-09-28,0.07465544732782417
1415,2020-09-29,0.0768352468309641
1416,2020-09-30,0.0793134019854517
1417,2020-10-05,0.08153787930394266
1418,2020-10-06,0.08265762045941057
1419,2020-10-07,0.08255161333055039
1420,2020-10-08,0.08232226456497496
1421,2020-10-09,0.0823482663123043
1422,2020-10-12,0.08229192919520696
1423,2020-10-14,0.07510716227450882
1424,2020-10-15,0.06604134204162282
1425,2020-10-16,0.05870632911715671
1426,2020-10-19,0.05273574026133006
1427,2020-10-20,0.047298866792740604
1428,2020-10-21,0.04189401788643835
1429,2020-10-22,0.03782789398093881
1430,2020-10-23,0.03730854503573762
1431,2020-10-27,0.03734821289770688
1432,2020-10-28,0.03888225920289923
1433,2020-10-29,0.038810590281794045
1434,2020-10-30,0.05104930639571181
1435,2020-11-02,0.05417343603664193
1436,2020-11-03,0.05611185411385684
1437,2020-11-04,0.05590551151863169
1438,2020-11-05,0.054091764765829
1439,2020-11-06,0.051663328679067234
1440,2020-11-09,0.049341568124431724
1441,2020-11-10,0.04744349419663433
1442,2020-11-11,0.046893139716452925
1443,2020-11-12,0.04651279187290284
1444,2020-11-13,0.04570042810036663
1445,2020-11-16,0.04313300400416997
1446,2020-11-17,0.040112571374576834
1447,2020-11-18,0.037493491014624805
1448,2020-11-19,0.03593744525816067
1449,2020-11-20,0.03529275993843598
1450,2020-11-23,0.03494208322851744
1451,2020-11-24,0.03445506946952263
1452,2020-11-25,0.03396005568942299
1453,2020-11-26,0.033263370539142
1454,2020-11-27,0.032971362722922226
1455,2020-11-30,0.03219734255502926
1456,2020-12-01,0.03181333260232251
1457,2020-12-02,0.03135532100961106
1458,2020-12-03,0.030958311062456723
1459,2020-12-04,0.03059430202565494
1460,2020-12-07,0.030741972316213523
1461,2020-12-08,0.030948644087121686
1462,2020-12-09,0.02947360918072276
1463,2020-12-10,0.029568278098072533
1464,2020-12-11,0.017271777268638523
1465,2020-12-14,0.014243076776461933
1466,2020-12-15,0.012015389375800526
1467,2020-12-16,0.011308716482242668
1468,2020-12-17,0.011535051850652955
1469,2020-12-18,0.011712053502629011
1470,2020-12-21,0.011743387133485623
1471,2020-12-22,0.011901721988053874
1472,2020-12-23,0.011979722742509283
1473,2020-12-24,0.012054723473786666
1474,2020-12-28,0.012111057361730015
1475,2020-12-29,0.012165724566137737
1476,2020-12-30,0.012241725319369252
1477,2020-12-31,0.01283139784010734
1478,2021-01-04,0.01283573121913702
1479,2021-01-05,0.012927732183154461
1480,2021-01-06,0.013020066489984512
1481,2021-01-07,0.01318040152894125
1482,2021-01-08,0.014368414310487557
1483,2021-01-11,0.015078088784932959
1484,2021-01-12,0.016377104454005455
1485,2021-01-13,0.01751145259389908
1486,2021-01-14,0.018005792928843523
1487,2021-01-15,0.017609787252089355
1488,2021-01-18,0.01734645020877353
1489,2021-01-19,0.017130447197829152
1490,2021-01-20,0.016443104684582543
1491,2021-01-21,0.015750429169099817
1492,2021-01-22,0.015291756821729969
1493,2021-01-25,0.014873418447336473
1494,2021-01-26,0.014462746996265114
1495,2021-01-27,0.014084076032683246
1496,2021-01-28,0.013991075008349766
1497,2021-01-29,0.020263810784086157
1498,2021-02-01,0.024162873821590804
1499,2021-02-02,0.026848593035470415
1500,2021-02-03,0.029644654343585763
1501,2021-02-04,0.02976499058726656
1502,2021-02-05,0.02975365697945505
1503,2021-02-08,0.02975132358949232
1504,2021-02-09,0.02984699258228677
1505,2021-02-10,0.03213904847876684
1506,2021-02-11,0.03496145592660389
1507,2021-02-16,0.03694917848172663
1508,2021-02-17,0.03753319613924259
1509,2021-02-18,0.037874539950377706
1510,2021-02-19,0.03801254422572953
1511,2021-02-22,0.038085546491069724
1512,2021-02-23,0.03708018274387973
1513,2021-02-24,0.03570380937936527
1514,2021-02-25,0.034306770336278714
1515,2021-02-26,0.03319407378648368
1516,2021-03-01,0.032811396922446015
1517,2021-03-02,0.03292539998119477
1518,2021-03-03,0.032994401836694554
1519,2021-03-04,0.03303440291612484
1520,2021-03-05,0.033026736042511086
1521,2021-03-08,0.03299606854805607
1522,2021-03-09,0.03306507040625739
1523,2021-03-10,0.03310073803668804
1524,2021-03-11,0.03304540321057055
1525,2021-03-12,0.03299440183777517
1526,2021-03-15,0.032638725701035945
1527,2021-03-16,0.0260039184554491
1528,2021-03-17,0.021722176084696766
1529,2021-03-18,0.0188944660080681
1530,2021-03-19,0.016122763055907242
1531,2021-03-22,0.01599242803098644
1532,2021-03-23,0.016053428822045596
1533,2021-03-24,0.016185763883580506
1534,2021-03-25,0.016183430519282428
1535,2021-03-26,0.013967738872655566
1536,2021-03-29,0.011209714039169445
1537,2021-03-30,0.008724363402172012
1538,2021-03-31,0.008262027037005588
1539,2021-04-01,0.007934358286939187
1540,2021-04-07,0.007811357517643428
1541,2021-04-08,0.007755690507945297
1542,2021-04-09,0.007705690200439837
1543,2021-04-12,0.00757768942214095
1544,2021-04-13,0.007482355519516926
1545,2021-04-14,0.007184687149275337
1546,2021-04-15,0.006998686111255499
1547,2021-04-16,0.006919352338911425
1548,2021-04-19,0.00680635172107813
1549,2021-04-20,0.006754018104926374
1550,2021-04-21,0.006734684667279259
1551,2021-04-22,0.006755351444838927
1552,2021-04-23,0.006658017595562171
1553,2021-04-26,0.006592683917154099
1554,2021-04-27,0.006552683708160867
1555,2021-04-28,0.006536350290179774
1556,2021-04-29,0.006475349974862284
1557,2021-04-30,0.006446683160258685
1558,2021-05-03,0.006402349600872122
1559,2021-05-04,0.00635501602641216
1560,2021-05-05,0.006336015929146269
1561,2021-05-06,0.006308682459588155
1562,2021-05-07,0.006242682132025686
1563,2021-05-10,0.006253682185493788
1564,2021-05-11,0.0063193491759168845
1565,2021-05-12,0.006316349160843485
1566,2021-05-13,0.006299349075877814
1567,2021-05-14,0.0063246825355670975
1568,2021-05-17,0.006285349006255695
1569,2021-05-18,0.006363016062645628
1570,2021-05-20,0.006429016396151491
1571,2021-05-21,0.006561017066134914
1572,2021-05-24,0.006841685194181046
1573,2021-05-25,0.007247354080860043
1574,2021-05-26,0.007784690521639437
1575,2021-05-27,0.007913691324594
1576,2021-05-28,0.008045692161262608
1577,2021-05-31,0.008545695385442365
1578,2021-06-01,0.008769363592342483
1579,2021-06-02,0.008947364852396333
1580,2021-06-03,0.009155033017897255
1581,2021-06-04,0.009338034364758663
1582,2021-06-07,0.00952836912841611
1583,2021-06-08,0.009726037314002529
1584,2021-06-09,0.009944039021325679
1585,2021-06-10,0.010578044094045058
1586,2021-06-11,0.011303383625079395
1587,2021-06-15,0.011788388053342775
1588,2021-06-16,0.01217272505750951
1589,2021-06-17,0.012381393783111871
1590,2021-06-18,0.012452394495191902
1591,2021-06-21,0.012479394767550556
1592,2021-06-22,0.012518728498126888
1593,2021-06-23,0.012581395793069087
1594,2021-06-24,0.012614396125291508
1595,2021-06-25,0.012708397080266979
1596,2021-06-28,0.01304506719822888
1597,2021-06-29,0.013299069864206961
1598,2021-06-30,0.013532405699404984
1599,2021-07-02,0.013719407738147874
1600,2021-07-05,0.013760741528571577
1601,2021-07-06,0.01359307301851779
1602,2021-07-07,0.013273736249989435
1603,2021-07-08,0.01294673284234123
1604,2021-07-09,0.012507395102656638
1605,2021-07-12,0.012474728109464667
1606,2021-07-13,0.012450727871630521
1607,2021-07-14,0.012040390573294275
1608,2021-07-15,0.011926056145750152
1609,2021-07-16,0.011820388472753388
1610,2021-07-19,0.01160171974859588
1611,2021-07-20,0.011381051046447746
1612,2021-07-21,0.011140382205358327
1613,2021-07-22,0.010899380073596069
1614,2021-07-23,0.010665378056070225
1615,2021-07-26,0.010053039779082487
1616,2021-07-27,0.009819371356693344
1617,2021-07-28,0.010097373445450142
1618,2021-07-29,0.010182374111796417
1619,2021-07-30,0.01049737665084945
1620,2021-08-02,0.010855713002892267
1621,2021-08-03,0.011560719176443671
1622,2021-08-04,0.011901055674971387
1623,2021-08-05,0.011872388736637133
1624,2021-08-06,0.011746387543524564
1625,2021-08-09,0.011564719174839144
1626,2021-08-10,0.011151715443328639
1627,2021-08-11,0.010769712109814922
1628,2021-08-12,0.010465042865933267
1629,2021-08-13,0.010219374178743745
1630,2021-08-16,0.01020204070530939
1631,2021-08-17,0.01041037574662414
1632,2021-08-18,0.011021380882262713
1633,2021-08-19,0.011528718701111124
1634,2021-08-20,0.01189572208541989
1635,2021-08-23,0.01186505512668079
1636,2021-08-24,0.011792721107106718
1637,2021-08-25,0.011765720851767783
1638,2021-08-26,0.011666719917506155
1639,2021-08-27,0.011537052031799592
1640,2021-08-30,0.011592719219259232
1641,2021-08-31,0.01176872087305473
1642,2021-09-01,0.011839388214766414
1643,2021-09-02,0.011952722638186586
1644,2021-09-03,0.01191772229960734
1645,2021-09-06,0.011885721991230131
1646,2021-09-07,0.011391384103072905
1647,2021-09-08,0.010637377637486473
1648,2021-09-09,0.010216374176907905
1649,2021-09-10,0.009724370325732885
1650,2021-09-13,0.009313033909108537
1651,2021-09-14,0.008578362166563231
1652,2021-09-15,0.008154692716403714
1653,2021-09-16,0.007954691432080866
1654,2021-09-17,0.007841690715100953
1655,2021-09-20,0.007822023924645519
1656,2021-09-21,0.007789357052752817
1657,2021-09-23,0.007768690256282351
1658,2021-09-24,0.007725023316063062
1659,2021-09-27,0.007673356331505676
1660,2021-09-28,0.007536355500152117
1661,2021-09-29,0.007276687317148145
1662,2021-09-30,0.006715684328495453
1663,2021-10-04,0.006064681149150116
1664,2021-10-05,0.005460345137708877
1665,2021-10-06,0.005259010947611387
1666,2021-10-07,0.005082676888168436
1667,2021-10-08,0.004887342780357518
1668,2021-10-11,0.004826675878903211
1669,2021-10-12,0.004880009418943102
1670,2021-10-15,0.004862009350925511
1671,2021-10-18,0.004702675423455075
1672,2021-10-19,0.00474934226339189
1673,2021-10-20,0.004726342177726235
1674,2021-10-21,0.004857342672307899
1675,2021-10-22,0.004935676304640424
1676,2021-10-25,0.005147343800175156
1677,2021-10-26,0.005322677844687984
1678,2021-10-27,0.005511011968747
1679,2021-10-28,0.00570701282404847
1680,2021-10-29,0.005909013740294325
1681,2021-11-01,0.006191348404371855
1682,2021-11-02,0.006510683320452385
1683,2021-11-03,0.006724351105195462
1684,2021-11-04,0.006959352380138857
1685,2021-11-05,0.0072850208720646546
1686,2021-11-08,0.007530022313058844
1687,2021-11-09,0.007781023839851612
1688,2021-11-10,0.008077025701077229
1689,2021-11-11,0.008314027242265857
1690,2021-11-12,0.008806697213092907
1691,2021-11-15,0.009285700612449155
1692,2021-11-16,0.00962670314958262
1693,2021-11-17,0.010196374265706668
1694,2021-11-18,0.011141048795889247
1695,2021-11-19,0.012064390520442428
1696,2021-11-22,0.012914398902896806
1697,2021-11-23,0.013830075238333942
1698,2021-11-24,0.014404748384485206
1699,2021-11-25,0.015432760423802112
1700,2021-11-26,0.01649944045063837
1701,2021-11-29,0.0176181221253587
1702,2021-11-30,0.018826139359669664
1703,2021-12-01,0.020220827340651965
1704,2021-12-02,0.020936839080169335
1705,2021-12-03,0.021705852139404975
1706,2021-12-06,0.02238853076499773
1707,2021-12-07,0.022997208441910555
1708,2021-12-08,0.02328321375418089
1709,2021-12-09,0.02354221862551631
1710,2021-12-10,0.02381522381933824
1711,2021-12-13,0.023883891804143964
1712,2021-12-14,0.023942892938696076
1713,2021-12-15,0.024150563630679724
1714,2021-12-16,0.02427856613445393
1715,2021-12-17,0.024329233792704425
1716,2021-12-20,0.024667573787965726
1717,2021-12-21,0.02506858179218696
1718,2021-12-22,0.025369921228820164
1719,2021-12-23,0.025677927549261348
1720,2021-12-24,0.02576392931925945
1721,2021-12-28,0.02611193650192689
1722,2021-12-29,0.028225314192809048
1723,2021-12-30,0.028855328449676566
1724,2021-12-31,0.028891995954827276
1725,2022-01-03,0.02875199274644154
1726,2022-01-04,0.028877328946985692
1727,2022-01-05,0.028740659147004816
1728,2022-01-06,0.02863732343161285
1729,2022-01-07,0.02789864009754191
1730,2022-01-10,0.02775897037244901
1731,2022-01-11,0.02910666635230393
1732,2022-01-12,0.02991335134350977
1733,2022-01-13,0.030267359573184677
1734,2022-01-14,0.03118004820339785
1735,2022-01-17,0.032112404627689564
1736,2022-01-18,0.03345543889003988
1737,2022-01-19,0.033453772178678357
1738,2022-01-20,0.03388378375911808
1739,2022-01-21,0.03397845301010838
1740,2022-01-24,0.03493814595021775
1741,2022-01-25,0.03636818639993026
1742,2022-01-26,0.0386342531315161
1743,2022-01-27,0.0411813328198396
1744,2022-01-28,0.04338840664766345
1745,2022-01-31,0.04632284337554952
1746,2022-02-04,0.0485542603596382
1747,2022-02-07,0.05053267137086204
1748,2022-02-08,0.052189072506762337
1749,2022-02-09,0.05390981197872883
1750,2022-02-10,0.055128531909864886
1751,2022-02-11,0.05527953862726198
1752,2022-02-14,0.0537131375888511
1753,2022-02-15,0.05353079640446993
1754,2022-02-16,0.053387123539897864
1755,2022-02-17,0.053274785358163136
1756,2022-02-18,0.05277643062965298
1757,2022-02-21,0.05234374549612323
1758,2022-02-22,0.052873101346103304
1759,2022-02-23,0.05315911367130832
1760,2022-02-24,0.05306377625992065
1761,2022-02-25,0.05158971517537451
1762,2022-02-28,0.05305610794233232
1763,2022-03-01,0.05253475272319526
1764,2022-03-02,0.05159038009040865
1765,2022-03-03,0.05033732899687078
1766,2022-03-04,0.04873526589806998
1767,2022-03-07,0.04880293522033785
1768,2022-03-08,0.04821757894733676
1769,2022-03-09,0.047948901798078314
1770,2022-03-10,0.04680219147716509
1771,2022-03-11,0.04534113762152773
1772,2022-03-14,0.0429647212084235
1773,2022-03-15,0.04035963588674048
1774,2022-03-16,0.03821790290911009
1775,2022-03-17,0.035479157985174314
1776,2022-03-18,0.03340343581033818
1777,2022-03-21,0.031278048948750005
1778,2022-03-22,0.029519673859220347
1779,2022-03-23,0.027680966252681866
1780,2022-03-24,0.026383272145065934
1781,2022-03-25,0.025835594119161254
1782,2022-03-28,0.025298249871463785
1783,2022-03-29,0.02497057669870184
1784,2022-03-30,0.02493090924790738
1785,2022-03-31,0.025444919462521327
1786,2022-04-01,0.025405585323201585
1787,2022-04-04,0.025579588897380507
1788,2022-04-06,0.025004243996159154
1789,2022-04-07,0.02490657538116725
1790,2022-04-08,0.024388565212733283
1791,2022-04-11,0.02404355862894262
1792,2022-04-12,0.02109584277619388
1793,2022-04-13,0.020467832640132706
1794,2022-04-14,0.0206838361046661
1795,2022-04-19,0.020741503716141065
1796,2022-04-20,0.020610168232426673
1797,2022-04-21,0.02018649475615808
1798,2022-04-22,0.02033683051787157
1799,2022-04-25,0.020513833406884025
1800,2022-04-26,0.02081450502351423
1801,2022-04-27,0.020899173104830616
1802,2022-04-28,0.021079842810708033
1803,2022-04-29,0.021490849759882764
1804,2022-05-03,0.02167518626560542
1805,2022-05-04,0.02151985025688289
1806,2022-05-05,0.021177511111780678
1807,2022-05-06,0.021182844534917145
1808,2022-05-10,0.02135284740748903
1809,2022-05-11,0.021538183903287617
1810,2022-05-12,0.02156718440190867
1811,2022-05-13,0.021499516568460976
1812,2022-05-16,0.021471516087201437
1813,2022-05-17,0.021100509787641553
1814,2022-05-18,0.02072917027980588
1815,2022-05-19,0.020028825743253115
1816,2022-05-20,0.02014582762083217
1817,2022-05-23,0.020118160510481282
1818,2022-05-24,0.02012149389673349
1819,2022-05-25,0.020019825601317688
1820,2022-05-26,0.02009116007954207
1821,2022-05-27,0.019951824539062486
1822,2022-05-30,0.02001549220851014
1823,2022-05-31,0.021440514679097834
1824,2022-06-01,0.02097317356128947
1825,2022-06-02,0.02079850399551164
1826,2022-06-06,0.020745503119386683
1827,2022-06-07,0.02072116938394153
1828,2022-06-08,0.0207648367691049
1829,2022-06-09,0.020713502587051586
1830,2022-06-10,0.020684502112204108
1831,2022-06-13,0.02137851358134194
1832,2022-06-14,0.02407089287654503
1833,2022-06-15,0.026034263565629285
1834,2022-06-16,0.0276869646019288
1835,2022-06-17,0.029984015821316046
1836,2022-06-20,0.032406074465392745
1837,2022-06-21,0.038094889655985543
1838,2022-06-22,0.044414083368656446
1839,2022-06-23,0.050828313422801585
1840,2022-06-24,0.055584842785816324
1841,2022-06-27,0.06163811666365
1842,2022-06-28,0.07337570590802978
1843,2022-06-29,0.09129944696678234
1844,2022-06-30,0.12853055875978736
1845,2022-07-04,0.15223938539261628
1846,2022-07-05,0.17353870602547042
1847,2022-07-06,0.1939399394878823
1848,2022-07-07,0.1984396546302743
1849,2022-07-08,0.20166051179650496
1850,2022-07-11,0.2054091312385986
1851,2022-07-12,0.20972018985779828
1852,2022-07-13,0.2146533699129464
1853,2022-07-14,0.21486340657441705
1854,2022-07-15,0.21645635358079987
1855,2022-07-18,0.218739758606723
1856,2022-07-19,0.22108451220437253
1857,2022-07-20,0.2232365687834988
1858,2022-07-21,0.22840484714111708
1859,2022-07-22,0.23600660349245572
1860,2022-07-25,0.25223974170002583
1861,2022-07-26,0.2770898666141182
1862,2022-07-27,0.30202314277975406
1863,2022-07-28,0.33246195816271823
1864,2022-07-29,0.3586107169706235
1865,2022-08-01,0.3838387581990917
1866,2022-08-02,0.4107871920687215
1867,2022-08-03,0.4355067401757654
1868,2022-08-04,0.4613068211843633
1869,2022-08-05,0.48569325323629303
1870,2022-08-08,0.5125791949803596
1871,2022-08-09,0.5419734144016974
1872,2022-08-10,0.5727964940203445
1873,2022-08-11,0.6005691440038003
1874,2022-08-12,0.6101365678272019
1875,2022-08-15,0.6361077341303496
1876,2022-08-16,0.6685214218242825
1877,2022-08-17,0.6987361612783904
1878,2022-08-18,0.7351635854588274
1879,2022-08-19,0.7649364729250003
1880,2022-08-22,0.7904177260857348
1881,2022-08-23,0.8154768926015372
1882,2022-08-24,0.8400382271241031
1883,2022-08-25,0.8678426882814727
1884,2022-08-26,0.8967799264087823
1885,2022-08-29,0.9215484438419685
1886,2022-08-30,0.9507134465323881
1887,2022-08-31,0.9861066679736111
1888,2022-09-01,1.0105877085758386
1889,2022-09-02,1.033811826448853
1890,2022-09-05,1.045767476557587
1891,2022-09-06,1.0526559112540486
1892,2022-09-07,1.054411388079949
1893,2022-09-08,1.0516040340302586
1894,2022-09-09,1.0551830409686471
1895,2022-09-13,1.0693503239303181
1896,2022-09-14,1.0882981645399838
1897,2022-09-15,1.1075655592005553
1898,2022-09-16,1.1192158403134402
1899,2022-09-19,1.1285301592731962
1900,2022-09-20,1.1311198237277627
1901,2022-09-21,1.1312669560412139
1902,2022-09-22,1.136555681783439
1903,2022-09-23,1.1353539390654679
1904,2022-09-26,1.132323231226573
1905,2022-09-27,1.1273261243211041
1906,2022-09-28,1.1235644765567265
1907,2022-09-29,1.1299087300879362
1908,2022-09-30,1.1616297488219498
1909,2022-10-03,1.1835253649346973
1910,2022-10-05,1.194256531134304
1911,2022-10-06,1.2010837242809231
1912,2022-10-07,1.2008545039291274
1913,2022-10-10,1.2103039199579593
1914,2022-10-11,1.2331110006578605
1915,2022-10-12,1.2599352177614098
1916,2022-10-13,1.2819093703750561
1917,2022-10-14,1.2986481308835025
1918,2022-10-17,1.322912064078189
1919,2022-10-18,1.3480817528503275
1920,2022-10-19,1.3783121601020094
1921,2022-10-20,1.406799957805982
1922,2022-10-21,1.4401423121161328
1923,2022-10-24,1.4675950813200573
1924,2022-10-25,1.4936327650668324
1925,2022-10-26,1.511485035521757
1926,2022-10-27,1.5295420499145673
1927,2022-10-28,1.5598188148678451
1928,2022-10-31,1.6196061804392554
1929,2022-11-01,1.6490172932465093
1930,2022-11-03,1.6741459188328403
1931,2022-11-04,1.691410463922834
1932,2022-11-07,1.694678203984068
1933,2022-11-08,1.693356080393471
1934,2022-11-09,1.695782364462391
1935,2022-11-10,1.691521258516826
1936,2022-11-11,1.7170987079288214
1937,2022-11-14,1.7452427105393444
1938,2022-11-15,1.7660479294774878
1939,2022-11-16,1.8229050896133359
1940,2022-11-17,1.9136294668472293
1941,2022-11-18,1.982788313724393
1942,2022-11-21,2.0535109683054054
1943,2022-11-22,2.117061312561334
1944,2022-11-23,2.1493526394484763
1945,2022-11-24,2.1878845351267087
1946,2022-11-25,2.250157220874412
1947,2022-11-28,2.30890736524378
1948,2022-11-29,2.370641199388053
1949,2022-11-30,2.4548674184782016
1950,2022-12-01,2.5258292014128507
1951,2022-12-02,2.59013418214763
1952,2022-12-05,2.6563433973127992
1953,2022-12-06,2.7228006863186307
1954,2022-12-07,2.7503234976867645
1955,2022-12-08,2.7641319617408935
1956,2022-12-09,2.7673033098286908
1957,2022-12-12,2.755043965551714
1958,2022-12-13,2.7457353972140623
1959,2022-12-14,2.7525209519386307
1960,2022-12-15,2.7579916982150823
1961,2022-12-16,2.762658047986599
1962,2022-12-19,2.768137229176067
1963,2022-12-20,2.7726409583438043
1964,2022-12-21,2.7668764054829613
1965,2022-12-22,2.7651014377643204
1966,2022-12-23,2.7354417009153567
1967,2022-12-28,2.6959622427875196
1968,2022-12-29,2.6774975068575215
1969,2022-12-30,2.6745903906717716
1970,2023-01-03,2.605597140804679
1971,2023-01-04,2.556123379036638
1972,2023-01-05,2.5106093844999213
1973,2023-01-06,2.471532553989782
1974,2023-01-09,2.4532240659863995
1975,2023-01-10,2.417744040327037
1976,2023-01-11,2.3408244904753017
1977,2023-01-12,2.262699743264921
1978,2023-01-13,2.18330125907219
1979,2023-01-16,2.100205999117133
1980,2023-01-17,2.0180802347325146
1981,2023-01-18,1.9326909702520192
1982,2023-01-19,1.8358580063528196
1983,2023-01-20,1.759019071973622
1984,2023-01-26,1.7158113950206721
1985,2023-01-27,1.684758546175369
1986,2023-01-30,1.655345229940186
1987,2023-01-31,1.6325071465946046
1988,2023-02-01,1.574289674141068
1989,2023-02-02,1.5275258659687965
1990,2023-02-03,1.4924751316348184
1991,2023-02-06,1.472771929842346
1992,2023-02-07,1.453090390379145
1993,2023-02-08,1.4411519537786002
1994,2023-02-09,1.4272553128503285
1995,2023-02-10,1.4143496065554724
1996,2023-02-13,1.392681941490085
1997,2023-02-14,1.3698794016279714
1998,2023-02-15,1.3173842826381565
1999,2023-02-16,1.2342508220643569
2000,2023-02-17,1.2138148230055434
2001,2023-02-20,1.266944308655519
2002,2023-02-21,1.3017229078601884
2003,2023-02-22,1.3042251170386043
2004,2023-02-23,1.3107817721544641
2005,2023-02-24,1.329740280293353
2006,2023-02-27,1.3707707458199825
2007,2023-02-28,1.4581778984463778
2008,2023-03-01,1.4931497010813124
2009,2023-03-02,1.4984606261606026
2010,2023-03-03,1.5163048738204177
2011,2023-03-06,1.5398824400324362
2012,2023-03-07,1.5709712376331342
2013,2023-03-08,1.590955228407705
2014,2023-03-09,1.6167677054192864
2015,2023-03-10,1.647490063274737
2016,2023-03-13,1.6824338176003002
2017,2023-03-14,1.6997924735853598
2018,2023-03-15,1.711544180315431
2019,2023-03-16,1.7263355909108027
2020,2023-03-17,1.743301205433608
2021,2023-03-20,1.7547575700915807
2022,2023-03-21,1.8332932618671118
2023,2023-03-22,1.8780923343893696
2024,2023-03-23,1.9137181187528052
2025,2023-03-24,1.9311714846827328
2026,2023-03-27,1.949084506878899
2027,2023-03-28,1.9677827204356437
2028,2023-03-29,1.9893775153124922
2029,2023-03-30,2.005191657459693
2030,2023-03-31,2.0362139695860093
2031,2023-04-03,1.9647025869052128
2032,2023-04-04,1.913601976952406
2033,2023-04-06,1.8866237535405284
2034,2023-04-11,1.8543801374148052
2035,2023-04-12,1.8244885224755165
2036,2023-04-13,1.8026996691282493
2037,2023-04-14,1.740465868598843
2038,2023-04-17,1.7207248337276493
2039,2023-04-18,1.7128644721452664
2040,2023-04-19,1.7120887568163359
2041,2023-04-20,1.7201439868915942
2042,2023-04-21,1.7465054926050623
2043,2023-04-24,1.7793881397502893
2044,2023-04-25,1.8142864843139797
2045,2023-04-26,1.842257111040261
2046,2023-04-27,1.8676352401168939
2047,2023-04-28,1.9285591430800515
2048,2023-05-02,1.98320711827078
2049,2023-05-03,2.0420443589774497
2050,2023-05-04,2.107123206513543
2051,2023-05-05,2.171747628984481
2052,2023-05-08,2.1717032207460796
2053,2023-05-09,2.2061583251138606
2054,2023-05-10,2.291747510811707
2055,2023-05-11,2.4061137578839946
2056,2023-05-12,2.498895296442797
2057,2023-05-15,2.584505480154353
2058,2023-05-16,2.6798013296933134
2059,2023-05-17,2.7831692782982476
2060,2023-05-18,2.8650168600081365
2061,2023-05-19,2.987037696612597
2062,2023-05-22,3.104290441336684
2063,2023-05-23,3.193865826698794
2064,2023-05-24,3.249050731945069
2065,2023-05-25,3.311073885579896
2066,2023-05-29,3.393797087231705
2067,2023-05-30,3.4646446381097187
2068,2023-05-31,3.5408283759993164
2069,2023-06-01,3.5950024658336037
2070,2023-06-02,3.600884815748695
2071,2023-06-05,3.5935933962014404
2072,2023-06-06,3.5666557208249476
2073,2023-06-07,3.5408092983423805
2074,2023-06-08,3.534824102589388
2075,2023-06-09,3.5545974070422552
2076,2023-06-12,3.573099441876019
2077,2023-06-13,3.569712868527375
2078,2023-06-14,3.592844583726429
2079,2023-06-15,3.6307021611178896
2080,2023-06-16,3.6732170726825957
2081,2023-06-19,3.738020060300921
2082,2023-06-20,3.7978499697518058
2083,2023-06-21,3.8496305423628954
2084,2023-06-23,3.86507270855041
2085,2023-06-26,3.8682516975481045
2086,2023-06-27,3.891378094373236
2087,2023-06-28,3.9309036462184532
2088,2023-06-29,3.9715967060713377
2089,2023-06-30,4.014072525910473
2090,2023-07-03,4.023994230073194
2091,2023-07-04,4.0341898371056395
2092,2023-07-05,4.053487479663538
2093,2023-07-06,4.102747844575098
2094,2023-07-07,4.17369295128707
2095,2023-07-10,4.213581441711703
2096,2023-07-11,4.212315886969242
2097,2023-07-12,4.211779761547925
2098,2023-07-13,4.215592180124368
2099,2023-07-14,4.24555128125537
2100,2023-07-18,4.338832907017427
2101,2023-07-19,4.437003888419329
2102,2023-07-20,4.534168585094903
2103,2023-07-21,4.613861611178727
2104,2023-07-24,4.665694308976546
2105,2023-07-25,4.679647896449153
2106,2023-07-26,4.697066267247186
2107,2023-07-27,4.746623973511835
2108,2023-07-28,4.792478768947673
2109,2023-07-31,4.834447237397839
2110,2023-08-01,4.856411718844167
2111,2023-08-02,4.854569999788545
2112,2023-08-03,4.836153454595493
2113,2023-08-04,4.811446678932225
2114,2023-08-07,4.784051768648712
2115,2023-08-08,4.755482304890335
2116,2023-08-09,4.710583318102746
2117,2023-08-10,4.649543912169477
2118,2023-08-11,4.583033525073588
2119,2023-08-14,4.515680439622352
2120,2023-08-15,4.463435279818521
2121,2023-08-16,4.401768468339587
2122,2023-08-17,4.331546739543375
2123,2023-08-18,4.257899551735818
2124,2023-08-21,4.193596818505178
2125,2023-08-22,4.136397618744265
2126,2023-08-23,4.085473578497285
2127,2023-08-24,4.034540578721202
2128,2023-08-25,3.9805295714979887
2129,2023-08-28,3.904556808931947
2130,2023-08-29,3.798945806138987
2131,2023-08-30,3.692291692955163
2132,2023-08-31,3.6071606171561945
2133,2023-09-04,3.5912342141424394
2134,2023-09-05,3.56314764486804
2135,2023-09-06,3.5148599866019072
2136,2023-09-07,3.467731841736769
2137,2023-09-11,3.4138114258034107
2138,2023-09-12,3.375006983238889
2139,2023-09-13,3.33701426108991
2140,2023-09-14,3.3007874166546007
2141,2023-09-15,3.266467206656176
2142,2023-09-18,3.2546049726246378
2143,2023-09-19,3.270526592237462
2144,2023-09-20,3.292041202653188
2145,2023-09-21,3.317372471807656
2146,2023-09-22,3.3669820808431874
2147,2023-09-25,3.4487716846659113
2148,2023-09-26,3.523998624643391
2149,2023-09-27,3.5924642708489456
2150,2023-09-28,3.6700565626167596
2151,2023-09-29,3.743135500172956
2152,2023-10-03,3.7890436802193355
2153,2023-10-04,3.8350278296348552
2154,2023-10-05,3.8824033219587717
2155,2023-10-06,3.933722727892715
2156,2023-10-09,4.020979228193056
2157,2023-10-10,4.101562054258982
2158,2023-10-11,4.181954013333836
2159,2023-10-12,4.270679674059222
2160,2023-10-13,4.364393311805204
2161,2023-10-16,4.45936841573787
2162,2023-10-17,4.531252169113182
2163,2023-10-18,4.5109916162358665
2164,2023-10-19,4.498897469720394
2165,2023-10-20,4.557746085768306
2166,2023-10-24,4.610846696755359
2167,2023-10-25,4.630684711458651
2168,2023-10-26,4.634620538747332
2169,2023-10-27,4.629360537921789
2170,2023-10-30,4.631184575482061
2171,2023-10-31,4.637624576231126
2172,2023-11-01,4.634044741898009
2173,2023-11-02,4.6179808706554875
2174,2023-11-03,4.602424723406536
2175,2023-11-06,4.585048486330312
2176,2023-11-07,4.563320814993317
2177,2023-11-08,4.517118272969944
2178,2023-11-09,4.471717364321204
2179,2023-11-10,4.427950855903932
2180,2023-11-13,4.382953341636623
2181,2023-11-14,4.341823822193076
2182,2023-11-15,4.329254681718534
2183,2023-11-16,4.318585167088388
2184,2023-11-17,4.3222128822482775
2185,2023-11-20,4.340535272714814
2186,2023-11-21,4.321424426369983
2187,2023-11-22,4.308883688036395
2188,2023-11-23,4.321539711625739
2189,2023-11-24,4.335630834818405
2190,2023-11-27,4.34900766978528
2191,2023-11-28,4.3581183280125755
2192,2023-11-29,4.35865651758784
2193,2023-11-30,4.381002795854464
2194,2023-12-01,4.402212004972535
2195,2023-12-04,4.380046736473878
2196,2023-12-05,4.35651641147949
2197,2023-12-06,4.3393734846032554
2198,2023-12-07,4.351043649261632
2199,2023-12-08,4.3576755198927595
2200,2023-12-11,4.340591206195228
2201,2023-12-12,4.310214264935892
2202,2023-12-13,4.2778785360501015
2203,2023-12-14,4.23936106632727
2204,2023-12-15,4.2133374002263535
2205,2023-12-18,4.212886897379478
2206,2023-12-19,4.232151139687145
2207,2023-12-20,4.247018618236893
2208,2023-12-21,4.259893889232187
2209,2023-12-22,4.26966114089979
2210,2023-12-27,4.25703816196823
2211,2023-12-28,4.250876721269421
2212,2023-12-29,4.315011745845894
2213,2024-01-02,4.316902879083669
2214,2024-01-03,4.311764697457206
2215,2024-01-04,4.310642548977846
2216,2024-01-05,4.309928787562878
2217,2024-01-08,4.315844620196303
2218,2024-01-09,4.292962606844542
2219,2024-01-10,4.253561418400819
2220,2024-01-11,4.21143569224411
2221,2024-01-12,4.174644599645479
2222,2024-01-15,4.194231547261751
2223,2024-01-16,4.185866770505571
2224,2024-01-17,4.186531646102324
2225,2024-01-18,4.194050335427846
2226,2024-01-19,4.204570114286757
2227,2024-01-22,4.214957545581665
2228,2024-01-23,4.1859472580868085
2229,2024-01-24,4.135270264123603
2230,2024-01-25,4.111060742954516
2231,2024-01-26,4.099049799150922
2232,2024-01-29,4.121874391141148
2233,2024-01-30,4.16307466333757
2234,2024-01-31,4.215237241919149
2235,2024-02-01,4.207189713810814
2236,2024-02-02,4.176788284095712
2237,2024-02-05,4.149793722751034
2238,2024-02-06,4.122390422610563
2239,2024-02-07,4.102026238054668
2240,2024-02-08,4.119156610294953
2241,2024-02-09,4.148402069966506
2242,2024-02-14,4.078215541961719
2243,2024-02-15,4.069249296442937
2244,2024-02-16,4.051738071410515
2245,2024-02-19,4.049405968862821
2246,2024-02-20,4.022372422322236
2247,2024-02-21,3.9969766041240695
2248,2024-02-22,3.975090259851999
2249,2024-02-23,3.972217535624978
2250,2024-02-26,3.967377273241575
2251,2024-02-27,3.9684844266634136
2252,2024-02-28,3.9311183830184984
2253,2024-02-29,3.9583852556970944
2254,2024-03-01,3.956554180049432
2255,2024-03-04,3.9488480278943765
2256,2024-03-05,3.938238498110173
2257,2024-03-06,3.9286248286259853
2258,2024-03-07,3.9320829528850556
2259,2024-03-08,3.9634411628042043
2260,2024-03-11,3.983753099820771
2261,2024-03-12,3.9972676883636185
2262,2024-03-13,3.98506271033352
2263,2024-03-14,3.9631865541514024
2264,2024-03-15,3.9218945081455883
2265,2024-03-18,3.919677959329722
2266,2024-03-19,3.921025141618528
2267,2024-03-20,3.9279944567275495
2268,2024-03-21,3.942104703381806
2269,2024-03-22,3.9579875826419677
2270,2024-03-25,3.9657631777849978
2271,2024-03-26,3.9452683374397517
2272,2024-03-27,3.94595448074387
2273,2024-03-28,3.9788325209259194
2274,2024-04-02,3.972494548299928
2275,2024-04-03,3.9424024901682286
2276,2024-04-05,3.9412642679094017
2277,2024-04-08,3.94065636900404
2278,2024-04-09,3.9417945926533506
2279,2024-04-10,3.943771108737422
2280,2024-04-11,3.9515611890117945
2281,2024-04-12,3.9515307602704977
2282,2024-04-15,3.948269548821363
2283,2024-04-16,3.9164407393122027
2284,2024-04-17,3.9112011460941525
2285,2024-04-18,3.8979393227842976
2286,2024-04-19,3.8739045775391037
2287,2024-04-22,3.8445636535882066
2288,2024-04-23,3.8073043844204992
2289,2024-04-24,3.7663355310896964
2290,2024-04-25,3.7480977290602957
2291,2024-04-26,3.75486350663801
2292,2024-04-29,3.7889473512261533
2293,2024-04-30,3.8413464091790805
2294,2024-05-02,3.8567389193634116
2295,2024-05-03,3.8693283610627476
2296,2024-05-06,3.865435774334395
2297,2024-05-07,3.8412040760724757
2298,2024-05-08,3.8152915677922894
2299,2024-05-09,3.786197868935955
2300,2024-05-10,3.7497728896711062
2301,2024-05-13,3.724283896436838
2302,2024-05-14,3.708944424785976
2303,2024-05-16,3.659196318821767
2304,2024-05-17,3.6531768905299704
2305,2024-05-20,3.650442322569525
2306,2024-05-21,3.655766021374203
2307,2024-05-22,3.659449002179105
2308,2024-05-23,3.6594222581048457
2309,2024-05-24,3.662184590666754
2310,2024-05-27,3.6806236855034813
2311,2024-05-28,3.694244712973023
2312,2024-05-29,3.6941166719568668
2313,2024-05-30,3.693582778162992
2314,2024-05-31,3.712437938985254
2315,2024-06-03,3.722857028021849
2316,2024-06-04,3.745833662328583
2317,2024-06-05,3.7769401754348912
2318,2024-06-06,3.811842392307481
2319,2024-06-07,3.8520089866549827
2320,2024-06-11,3.8724350579501703
2321,2024-06-12,3.873768817239405
2322,2024-06-13,3.84808053042099
2323,2024-06-14,3.8007360611910013
2324,2024-06-17,3.7859621093042084
2325,2024-06-18,3.7644826514516985
2326,2024-06-19,3.7772486914570136
2327,2024-06-20,3.799968918291985
2328,2024-06-21,3.821654682517435
2329,2024-06-24,3.8431585460161344
2330,2024-06-25,3.8658848582310905
2331,2024-06-26,3.886035071490675
2332,2024-06-27,3.907150928906881
2333,2024-06-28,3.959487484634257
2334,2024-07-02,3.979622487137857
2335,2024-07-03,3.9912609115569966
2336,2024-07-04,4.030391241569967
2337,2024-07-05,4.047245741373806
2338,2024-07-08,4.065889944334203
2339,2024-07-09,4.082711536954742
2340,2024-07-10,4.082155409570132
2341,2024-07-11,4.087746808823182
2342,2024-07-12,4.105835844412697
2343,2024-07-15,4.12478460796228
2344,2024-07-16,4.129707668386458
2345,2024-07-17,4.158140378832605
2346,2024-07-18,4.189457016593952
2347,2024-07-19,4.217274047012882
2348,2024-07-22,4.244135172677535
2349,2024-07-23,4.26416772930528
2350,2024-07-24,4.286912196565491
2351,2024-07-25,4.305802868256577
2352,2024-07-26,4.322488622053566
2353,2024-07-29,4.338683254486398
2354,2024-07-30,4.356103333560105
2355,2024-07-31,4.398126422733828
2356,2024-08-01,4.39488177616734
2357,2024-08-02,4.389042404595171
2358,2024-08-05,4.373743490124145
2359,2024-08-06,4.358667918674515
2360,2024-08-07,4.339052869938845
2361,2024-08-08,4.321260315764911
2362,2024-08-09,4.302059545425858
2363,2024-08-12,4.252982051813758
2364,2024-08-13,4.235251321397511
2365,2024-08-14,4.219072667856782
2366,2024-08-15,4.162855009510728
2367,2024-08-16,4.1316276552248485
2368,2024-08-19,4.102048082624066
2369,2024-08-20,4.070204867224132
2370,2024-08-21,4.037010440180684
2371,2024-08-22,4.001816519321144
2372,2024-08-23,3.9652700234075744
2373,2024-08-26,3.9233936485586742
2374,2024-08-27,3.875845878231532
2375,2024-08-28,3.8245542532320376
2376,2024-08-29,3.77613009730147
2377,2024-08-30,3.7314436166733578
2378,2024-09-02,3.7309882795514504
2379,2024-09-03,3.6927366039085343
2380,2024-09-04,3.6558173130355955
2381,2024-09-05,3.622167904092577
2382,2024-09-09,3.587141433856378
2383,2024-09-10,3.54699449400272
2384,2024-09-11,3.4963830539782097
2385,2024-09-12,3.4219513733995677
2386,2024-09-13,3.370288960058006
2387,2024-09-16,3.321205901653738
2388,2024-09-17,3.2836016835782855
2389,2024-09-19,3.2551925252748117
2390,2024-09-20,3.243799615092424
2391,2024-09-23,3.247445951982586
2392,2024-09-24,3.264738287180117
2393,2024-09-25,3.2825782846332974
2394,2024-09-26,3.3086444749767145
2395,2024-09-27,3.3641956725415403
2396,2024-09-30,3.4477721445608234
2397,2024-10-02,3.5010231729631762
2398,2024-10-03,3.5586988245925544
2399,2024-10-04,3.6219677998573245
2400,2024-10-07,3.688535327237874
2401,2024-10-08,3.7517220311600354
2402,2024-10-09,3.7897104577445586
2403,2024-10-10,3.833364963386887
2404,2024-10-14,3.901489029014593
2405,2024-10-15,3.9582408937540796
2406,2024-10-16,4.002785994331493
2407,2024-10-17,4.0397313220855935
2408,2024-10-18,4.030160135471402
2409,2024-10-21,4.058439316583873
2410,2024-10-22,4.076567627539296
2411,2024-10-23,4.084618094043487
2412,2024-10-24,4.097532473124084
2413,2024-10-25,4.118386356404191
2414,2024-10-28,4.1466722570716374
2415,2024-10-29,4.184309028914305
2416,2024-10-30,4.22744784861642
2417,2024-10-31,4.301163583848118
2418,2024-11-01,4.340983708628665
2419,2024-11-04,4.360260674056693
2420,2024-11-05,4.367838703417193
2421,2024-11-06,4.364478356692292
2422,2024-11-07,4.350663526712695
2423,2024-11-08,4.33568249642446
2424,2024-11-11,4.333398664171713
2425,2024-11-12,4.282828783573715
2426,2024-11-13,4.206756396181302
2427,2024-11-14,4.162727159028434
2428,2024-11-15,4.114986176350532
2429,2024-11-18,4.061806271581532
2430,2024-11-19,4.005989658272716
2431,2024-11-20,3.9558906111478165
2432,2024-11-21,3.9305107197092717
2433,2024-11-22,3.9008848973589174
2434,2024-11-25,3.8554823617776806
2435,2024-11-26,3.8227638085482054
2436,2024-11-27,3.798682249071498
2437,2024-11-28,3.7982994351560384
2438,2024-11-29,3.806028952095027
2439,2024-12-02,3.7936835036166294
2440,2024-12-03,3.785798149969588
2441,2024-12-04,3.7840278352727257
2442,2024-12-05,3.778130144018802
2443,2024-12-06,3.7723384745631154
2444,2024-12-09,3.7706818539044487
2445,2024-12-10,3.770769114483659
2446,2024-12-11,3.772946946743131
2447,2024-12-12,3.747484102839038
2448,2024-12-13,3.7490868587687243
2449,2024-12-16,3.756864328561667
2450,2024-12-17,3.7649938875674764
2451,2024-12-18,3.786382762223413
2452,2024-12-19,3.8051310345476965
2453,2024-12-20,3.818894233287118
2454,2024-12-23,3.805705544265914
2455,2024-12-24,3.8282174370396898
2456,2024-12-27,3.8724419875752147
2457,2024-12-30,3.9480734471682615
2458,2024-12-31,3.994798742756015
2459,2025-01-02,4.004553346424514
2460,2025-01-03,4.014513361709071
2461,2025-01-06,4.023024505960889
2462,2025-01-07,4.037263696863465
2463,2025-01-08,4.051886982316747
2464,2025-01-09,4.057912712573637
2465,2025-01-10,4.061889201721803
2466,2025-01-13,4.058452775476951
2467,2025-01-14,4.027063034572498
2468,2025-01-15,3.980354841004319
2469,2025-01-16,3.9436990508119996
2470,2025-01-17,3.905369301076929
2471,2025-01-20,3.904265544735075
2472,2025-01-21,3.8845523802512716
2473,2025-01-22,3.8554977482309254
2474,2025-01-23,3.8228154166399424
2475,2025-01-24,3.8018001000362527
2476,2025-01-27,3.8031026844805043
2477,2025-01-28,3.816931656241847
2478,2025-02-03,3.810001039928738
2479,2025-02-04,3.8127754135817
2480,2025-02-05,3.8134531262504248
2481,2025-02-06,3.806958922008652
2482,2025-02-07,3.7970123862888374
2483,2025-02-10,3.7768562564176116
2484,2025-02-11,3.7420817616143465
2485,2025-02-12,3.6816193364485272
2486,2025-02-13,3.6112691308500366
2487,2025-02-14,3.5011394265998788
2488,2025-02-17,3.4658712271011654
2489,2025-02-18,3.468264430644459
2490,2025-02-19,3.4732036041844565
2491,2025-02-20,3.473592336006407
2492,2025-02-21,3.4589499320847943
2493,2025-02-24,3.435532754763474
2494,2025-02-25,3.404707534685806
2495,2025-02-26,3.3945428821372894
2496,2025-02-27,3.3834470828963883
2497,2025-02-28,3.400820036869634
2498,2025-03-03,3.40080633311494
2499,2025-03-04,3.413013813267144
2500,2025-03-05,3.4269194508788363
2501,2025-03-06,3.398417509436931
2502,2025-03-07,3.3885123776793016
2503,2025-03-10,3.3969518593948402
2504,2025-03-11,3.4336794544085594
2505,2025-03-12,3.4383291384718033
2506,2025-03-13,3.39593860930395
2507,2025-03-14,3.3392300378064954
2508,2025-03-17,3.3040776370462988
2509,2025-03-18,3.261384194164814
2510,2025-03-19,3.2198485386489764
2511,2025-03-20,3.1770757154005604
2512,2025-03-21,3.1424382507085085
2513,2025-03-24,3.1179033746085327
2514,2025-03-25,3.1081087940920904
2515,2025-03-26,3.10800687500166
2516,2025-03-27,3.098839252873427
2517,2025-03-28,3.104138315703249
2518,2025-03-31,3.0902916418897086
2519,2025-04-01,3.047741234249557
2520,2025-04-02,3.0040679960545416
2521,2025-04-03,2.968856698888337
2522,2025-04-07,2.9478275774571365
2523,2025-04-08,2.937875747112391
2524,2025-04-09,2.9405028651921254
2525,2025-04-10,2.927540506042773
2526,2025-04-11,2.9233715306272128
2527,2025-04-14,2.9001392570248177
2528,2025-04-15,2.90138545284625
2529,2025-04-16,2.9022227092818023
2530,2025-04-17,2.9146499780370316
2531,2025-04-22,2.9327776214282877
2532,2025-04-23,2.9612353421939575
2533,2025-04-24,2.986847455952857
2534,2025-04-25,2.9938418673258487
2535,2025-04-28,3.023148830297284
2536,2025-04-29,3.072302034490996
2537,2025-04-30,3.133654600623044
2538,2025-05-02,3.1884732433609413
2539,2025-05-06,3.213025343124476
2540,2025-05-07,3.2022179855518655
2541,2025-05-08,3.123493301605103
2542,2025-05-09,3.026523072741749
2543,2025-05-12,2.9356597460318747
2544,2025-05-13,2.84758212675054
2545,2025-05-14,2.760965387116672
2546,2025-05-15,2.672606439951393
2547,2025-05-16,2.5763788656239517
2548,2025-05-19,2.4527899418380628
2549,2025-05-20,2.359976294561217
2550,2025-05-21,2.2672685553746756
2551,2025-05-22,2.1723978336515626
2552,2025-05-23,2.0738164643911428
2553,2025-05-26,1.9748354234332484
2554,2025-05-27,1.8748272524929683
2555,2025-05-28,1.7726256028783527
2556,2025-05-29,1.670233268030837
2557,2025-05-30,1.567202446841831
2558,2025-06-02,1.467425950894489
2559,2025-06-03,1.3667259905463505
2560,2025-06-04,1.2591958425584728
2561,2025-06-05,1.1507230374652362
2562,2025-06-06,1.0348869534121914
2563,2025-06-09,0.9108865520770355
2564,2025-06-10,0.7790448885992414
2565,2025-06-11,0.6401288785932564
2566,2025-06-12,0.5013320802292479
2567,2025-06-13,0.3548247339214661
2568,2025-06-16,0.21476905835044652
2569,2025-06-17,0.10423996772381446
2570,2025-06-18,0.027898902539447157
2571,2025-06-19,0.014176079336506811
2572,2025-06-20,0.013676407146671435
2573,2025-06-23,0.01329206972106404
2574,2025-06-24,0.013085400897268801
2575,2025-06-25,0.012989399909191235
2576,2025-06-26,0.013277402802913674
2577,2025-06-27,0.012609729525829097
2578,2025-06-30,0.012435394474252792
