date,rate
2012-01-31 00:00:00,0.09786
2012-02-01 00:00:00,0.09857
2012-02-02 00:00:00,0.09786
2012-02-03 00:00:00,0.09929
2012-02-06 00:00:00,0.09857
2012-02-07 00:00:00,0.09857
2012-02-08 00:00:00,0.09786
2012-02-09 00:00:00,0.09714
2012-02-10 00:00:00,0.09857
2012-02-13 00:00:00,0.09786
2012-02-14 00:00:00,0.09857
2012-02-15 00:00:00,0.09857
2012-02-16 00:00:00,0.09857
2012-02-17 00:00:00,0.09857
2012-02-20 00:00:00,0.09929
2012-02-21 00:00:00,0.09893
2012-02-22 00:00:00,0.09929
2012-02-23 00:00:00,0.09929
2012-02-24 00:00:00,0.09857
2012-02-27 00:00:00,0.09929
2012-02-28 00:00:00,0.09786
2012-02-29 00:00:00,0.09786
2012-03-01 00:00:00,0.09857
2012-03-02 00:00:00,0.09929
2012-03-05 00:00:00,0.09786
2012-03-06 00:00:00,0.09857
2012-03-07 00:00:00,0.09821
2012-03-08 00:00:00,0.09857
2012-03-09 00:00:00,0.09857
2012-03-12 00:00:00,0.09786
2012-03-13 00:00:00,0.09857
2012-03-14 00:00:00,0.09857
2012-03-15 00:00:00,0.09821
2012-03-16 00:00:00,0.09786
2012-03-19 00:00:00,0.09786
2012-03-20 00:00:00,0.09714
2012-03-21 00:00:00,0.0975
2012-03-22 00:00:00,0.09786
2012-03-23 00:00:00,0.09714
2012-03-26 00:00:00,0.09786
2012-03-27 00:00:00,0.09821
2012-03-28 00:00:00,0.09821
2012-03-29 00:00:00,0.09857
2012-03-30 00:00:00,0.09857
2012-04-02 00:00:00,0.09786
2012-04-03 00:00:00,0.09786
2012-04-05 00:00:00,0.09857
2012-04-10 00:00:00,0.09929
2012-04-11 00:00:00,0.09929
2012-04-12 00:00:00,0.09929
2012-04-13 00:00:00,0.09929
2012-04-16 00:00:00,0.09857
2012-04-17 00:00:00,0.09929
2012-04-18 00:00:00,0.09929
2012-04-19 00:00:00,0.09857
2012-04-20 00:00:00,0.09857
2012-04-23 00:00:00,0.09786
2012-04-24 00:00:00,0.09857
2012-04-25 00:00:00,0.09929
2012-04-26 00:00:00,0.09929
2012-04-27 00:00:00,0.09786
2012-04-30 00:00:00,0.09929
2012-05-02 00:00:00,0.09857
2012-05-03 00:00:00,0.13929
2012-05-04 00:00:00,0.145
2012-05-07 00:00:00,0.145
2012-05-08 00:00:00,0.12071
2012-05-09 00:00:00,0.11857
2012-05-10 00:00:00,0.11714
2012-05-11 00:00:00,0.11786
2012-05-14 00:00:00,0.1
2012-05-15 00:00:00,0.09929
2012-05-16 00:00:00,0.09857
2012-05-17 00:00:00,0.09857
2012-05-18 00:00:00,0.09857
2012-05-21 00:00:00,0.09857
2012-05-22 00:00:00,0.09857
2012-05-23 00:00:00,0.09929
2012-05-24 00:00:00,0.09929
2012-05-25 00:00:00,0.09929
2012-05-28 00:00:00,0.09929
2012-05-29 00:00:00,0.09929
2012-05-30 00:00:00,0.09929
2012-05-31 00:00:00,0.09929
2012-06-01 00:00:00,0.09929
2012-06-04 00:00:00,0.09929
2012-06-05 00:00:00,0.09929
2012-06-06 00:00:00,0.09786
2012-06-07 00:00:00,0.09929
2012-06-08 00:00:00,0.09857
2012-06-11 00:00:00,0.09929
2012-06-12 00:00:00,0.09929
2012-06-13 00:00:00,0.09857
2012-06-14 00:00:00,0.09929
2012-06-15 00:00:00,0.09857
2012-06-18 00:00:00,0.09929
2012-06-19 00:00:00,0.09929
2012-06-20 00:00:00,0.09929
2012-06-21 00:00:00,0.09929
2012-06-22 00:00:00,0.09857
2012-06-25 00:00:00,0.09929
2012-06-26 00:00:00,0.09929
2012-06-27 00:00:00,0.09929
2012-06-28 00:00:00,0.09857
2012-06-29 00:00:00,0.09929
2012-07-03 00:00:00,0.09857
2012-07-04 00:00:00,0.09929
2012-07-05 00:00:00,0.09929
2012-07-06 00:00:00,0.11357
2012-07-09 00:00:00,0.11857
2012-07-10 00:00:00,0.11714
2012-07-11 00:00:00,0.11714
2012-07-12 00:00:00,0.11857
2012-07-13 00:00:00,0.11643
2012-07-16 00:00:00,0.11571
2012-07-17 00:00:00,0.11429
2012-07-18 00:00:00,0.10071
2012-07-19 00:00:00,0.09929
2012-07-20 00:00:00,0.09786
2012-07-23 00:00:00,0.09857
2012-07-24 00:00:00,0.09857
2012-07-25 00:00:00,0.09857
2012-07-26 00:00:00,0.09786
2012-07-27 00:00:00,0.09786
2012-07-30 00:00:00,0.09857
2012-07-31 00:00:00,0.09786
2012-08-01 00:00:00,0.09857
2012-08-02 00:00:00,0.09857
2012-08-03 00:00:00,0.09857
2012-08-06 00:00:00,0.09857
2012-08-07 00:00:00,0.09857
2012-08-08 00:00:00,0.09786
2012-08-09 00:00:00,0.09929
2012-08-10 00:00:00,0.09929
2012-08-13 00:00:00,0.09857
2012-08-14 00:00:00,0.09857
2012-08-15 00:00:00,0.09857
2012-08-16 00:00:00,0.09857
2012-08-17 00:00:00,0.09857
2012-08-20 00:00:00,0.09857
2012-08-21 00:00:00,0.09857
2012-08-22 00:00:00,0.09857
2012-08-23 00:00:00,0.09929
2012-08-24 00:00:00,0.09929
2012-08-27 00:00:00,0.09929
2012-08-28 00:00:00,0.09929
2012-08-29 00:00:00,0.09929
2012-08-30 00:00:00,0.09857
2012-08-31 00:00:00,0.09929
2012-09-03 00:00:00,0.09929
2012-09-04 00:00:00,0.09929
2012-09-05 00:00:00,0.09929
2012-09-06 00:00:00,0.09929
2012-09-07 00:00:00,0.09929
2012-09-10 00:00:00,0.09929
2012-09-11 00:00:00,0.09929
2012-09-12 00:00:00,0.09929
2012-09-13 00:00:00,0.09929
2012-09-14 00:00:00,0.12857
2012-09-17 00:00:00,0.12857
2012-09-18 00:00:00,0.12857
2012-09-19 00:00:00,0.12857
2012-09-20 00:00:00,0.14786
2012-09-21 00:00:00,0.14929
2012-09-24 00:00:00,0.14857
2012-09-25 00:00:00,0.14857
2012-09-26 00:00:00,0.14929
2012-09-27 00:00:00,0.16786
2012-09-28 00:00:00,0.16714
2012-10-03 00:00:00,0.16786
2012-10-04 00:00:00,0.15071
2012-10-05 00:00:00,0.15
2012-10-08 00:00:00,0.15
2012-10-09 00:00:00,0.15
2012-10-10 00:00:00,0.15
2012-10-11 00:00:00,0.13071
2012-10-12 00:00:00,0.12929
2012-10-15 00:00:00,0.12929
2012-10-16 00:00:00,0.12929
2012-10-17 00:00:00,0.12821
2012-10-18 00:00:00,0.12929
2012-10-19 00:00:00,0.12929
2012-10-22 00:00:00,0.12214
2012-10-24 00:00:00,0.09857
2012-10-25 00:00:00,0.09714
2012-10-26 00:00:00,0.09857
2012-10-29 00:00:00,0.09857
2012-10-30 00:00:00,0.09857
2012-10-31 00:00:00,0.09857
2012-11-01 00:00:00,0.09857
2012-11-02 00:00:00,0.09786
2012-11-05 00:00:00,0.09786
2012-11-06 00:00:00,0.09786
2012-11-07 00:00:00,0.09786
2012-11-08 00:00:00,0.0975
2012-11-09 00:00:00,0.09786
2012-11-12 00:00:00,0.09786
2012-11-13 00:00:00,0.09857
2012-11-14 00:00:00,0.09786
2012-11-15 00:00:00,0.09786
2012-11-16 00:00:00,0.09786
2012-11-19 00:00:00,0.0975
2012-11-20 00:00:00,0.0975
2012-11-21 00:00:00,0.09786
2012-11-22 00:00:00,0.0975
2012-11-23 00:00:00,0.0975
2012-11-26 00:00:00,0.09786
2012-11-27 00:00:00,0.0975
2012-11-28 00:00:00,0.0975
2012-11-29 00:00:00,0.09786
2012-11-30 00:00:00,0.09786
2012-12-03 00:00:00,0.09714
2012-12-04 00:00:00,0.09714
2012-12-05 00:00:00,0.09714
2012-12-06 00:00:00,0.09714
2012-12-07 00:00:00,0.09714
2012-12-10 00:00:00,0.09714
2012-12-11 00:00:00,0.09714
2012-12-12 00:00:00,0.09714
2012-12-13 00:00:00,0.09714
2012-12-14 00:00:00,0.09714
2012-12-17 00:00:00,0.09643
2012-12-18 00:00:00,0.09643
2012-12-19 00:00:00,0.09643
2012-12-20 00:00:00,0.09357
2012-12-21 00:00:00,0.09286
2012-12-24 00:00:00,0.09357
2012-12-27 00:00:00,0.09429
2012-12-28 00:00:00,0.09429
2012-12-31 00:00:00,0.09643
2013-01-02 00:00:00,0.09643
2013-01-03 00:00:00,0.09643
2013-01-04 00:00:00,0.09643
2013-01-07 00:00:00,0.09714
2013-01-08 00:00:00,0.09714
2013-01-09 00:00:00,0.09714
2013-01-10 00:00:00,0.09714
2013-01-11 00:00:00,0.09357
2013-01-14 00:00:00,0.09643
2013-01-15 00:00:00,0.09571
2013-01-16 00:00:00,0.09571
2013-01-17 00:00:00,0.09571
2013-01-18 00:00:00,0.095
2013-01-21 00:00:00,0.09429
2013-01-22 00:00:00,0.095
2013-01-23 00:00:00,0.095
2013-01-24 00:00:00,0.095
2013-01-25 00:00:00,0.095
2013-01-28 00:00:00,0.095
2013-01-29 00:00:00,0.095
2013-01-30 00:00:00,0.095
2013-01-31 00:00:00,0.095
2013-02-01 00:00:00,0.095
2013-02-04 00:00:00,0.09643
2013-02-05 00:00:00,0.095
2013-02-06 00:00:00,0.095
2013-02-07 00:00:00,0.095
2013-02-08 00:00:00,0.095
2013-02-14 00:00:00,0.095
2013-02-15 00:00:00,0.09286
2013-02-18 00:00:00,0.09429
2013-02-19 00:00:00,0.09357
2013-02-20 00:00:00,0.09357
2013-02-21 00:00:00,0.09071
2013-02-22 00:00:00,0.09071
2013-02-25 00:00:00,0.09071
2013-02-26 00:00:00,0.09071
2013-02-27 00:00:00,0.09071
2013-02-28 00:00:00,0.09071
2013-03-01 00:00:00,0.09071
2013-03-04 00:00:00,0.09071
2013-03-05 00:00:00,0.09071
2013-03-06 00:00:00,0.09071
2013-03-07 00:00:00,0.09071
2013-03-08 00:00:00,0.09
2013-03-11 00:00:00,0.09214
2013-03-12 00:00:00,0.08857
2013-03-13 00:00:00,0.08571
2013-03-14 00:00:00,0.08786
2013-03-15 00:00:00,0.09071
2013-03-18 00:00:00,0.08786
2013-03-19 00:00:00,0.08714
2013-03-20 00:00:00,0.08643
2013-03-21 00:00:00,0.08643
2013-03-22 00:00:00,0.08357
2013-03-25 00:00:00,0.08393
2013-03-26 00:00:00,0.08321
2013-03-27 00:00:00,0.08321
2013-03-28 00:00:00,0.08357
2013-04-02 00:00:00,0.08143
2013-04-03 00:00:00,0.08143
2013-04-05 00:00:00,0.08214
2013-04-08 00:00:00,0.08214
2013-04-09 00:00:00,0.08143
2013-04-10 00:00:00,0.08143
2013-04-11 00:00:00,0.08143
2013-04-12 00:00:00,0.08143
2013-04-15 00:00:00,0.08143
2013-04-16 00:00:00,0.08143
2013-04-17 00:00:00,0.08071
2013-04-18 00:00:00,0.08214
2013-04-19 00:00:00,0.08214
2013-04-22 00:00:00,0.08214
2013-04-23 00:00:00,0.08214
2013-04-24 00:00:00,0.08214
2013-04-25 00:00:00,0.08143
2013-04-26 00:00:00,0.07929
2013-04-29 00:00:00,0.07929
2013-04-30 00:00:00,0.07786
2013-05-02 00:00:00,0.07857
2013-05-03 00:00:00,0.07714
2013-05-06 00:00:00,0.07786
2013-05-07 00:00:00,0.07714
2013-05-08 00:00:00,0.07571
2013-05-09 00:00:00,0.07643
2013-05-10 00:00:00,0.07714
2013-05-13 00:00:00,0.07714
2013-05-14 00:00:00,0.07643
2013-05-15 00:00:00,0.07643
2013-05-16 00:00:00,0.07429
2013-05-20 00:00:00,0.07357
2013-05-21 00:00:00,0.07571
2013-05-22 00:00:00,0.07429
2013-05-23 00:00:00,0.07429
2013-05-24 00:00:00,0.07357
2013-05-27 00:00:00,0.07571
2013-05-28 00:00:00,0.075
2013-05-29 00:00:00,0.07571
2013-05-30 00:00:00,0.07714
2013-05-31 00:00:00,0.07786
2013-06-03 00:00:00,0.07429
2013-06-04 00:00:00,0.07357
2013-06-05 00:00:00,0.075
2013-06-06 00:00:00,0.07857
2013-06-07 00:00:00,0.075
2013-06-10 00:00:00,0.07571
2013-06-11 00:00:00,0.07571
2013-06-13 00:00:00,0.07714
2013-06-14 00:00:00,0.07786
2013-06-17 00:00:00,0.075
2013-06-18 00:00:00,0.075
2013-06-19 00:00:00,0.07929
2013-06-20 00:00:00,0.08357
2013-06-21 00:00:00,0.08786
2013-06-24 00:00:00,0.08357
2013-06-25 00:00:00,0.08143
2013-06-26 00:00:00,0.08071
2013-06-27 00:00:00,0.08071
2013-06-28 00:00:00,0.08643
2013-07-02 00:00:00,0.08357
2013-07-03 00:00:00,0.08643
2013-07-04 00:00:00,0.08643
2013-07-05 00:00:00,0.08286
2013-07-08 00:00:00,0.08286
2013-07-09 00:00:00,0.08357
2013-07-10 00:00:00,0.08143
2013-07-11 00:00:00,0.08286
2013-07-12 00:00:00,0.08143
2013-07-15 00:00:00,0.08143
2013-07-16 00:00:00,0.08179
2013-07-17 00:00:00,0.085
2013-07-18 00:00:00,0.08429
2013-07-19 00:00:00,0.08679
2013-07-22 00:00:00,0.08214
2013-07-23 00:00:00,0.08357
2013-07-24 00:00:00,0.08429
2013-07-25 00:00:00,0.08429
2013-07-26 00:00:00,0.08429
2013-07-29 00:00:00,0.085
2013-07-30 00:00:00,0.085
2013-07-31 00:00:00,0.08357
2013-08-01 00:00:00,0.08143
2013-08-02 00:00:00,0.08286
2013-08-05 00:00:00,0.08286
2013-08-06 00:00:00,0.08071
2013-08-07 00:00:00,0.08
2013-08-08 00:00:00,0.08071
2013-08-09 00:00:00,0.08143
2013-08-12 00:00:00,0.08071
2013-08-13 00:00:00,0.08071
2013-08-15 00:00:00,0.08071
2013-08-16 00:00:00,0.08214
2013-08-19 00:00:00,0.08214
2013-08-20 00:00:00,0.08286
2013-08-21 00:00:00,0.08143
2013-08-22 00:00:00,0.08143
2013-08-23 00:00:00,0.08286
2013-08-26 00:00:00,0.08214
2013-08-27 00:00:00,0.08143
2013-08-28 00:00:00,0.08214
2013-08-29 00:00:00,0.08214
2013-08-30 00:00:00,0.08357
2013-09-02 00:00:00,0.08286
2013-09-03 00:00:00,0.08214
2013-09-04 00:00:00,0.08286
2013-09-05 00:00:00,0.08429
2013-09-06 00:00:00,0.08143
2013-09-09 00:00:00,0.08357
2013-09-10 00:00:00,0.08643
2013-09-11 00:00:00,0.09214
2013-09-12 00:00:00,0.095
2013-09-13 00:00:00,0.09357
2013-09-16 00:00:00,0.09
2013-09-17 00:00:00,0.08929
2013-09-18 00:00:00,0.09071
2013-09-19 00:00:00,0.09429
2013-09-23 00:00:00,0.09357
2013-09-24 00:00:00,0.09929
2013-09-25 00:00:00,0.09929
2013-09-26 00:00:00,0.09429
2013-09-27 00:00:00,0.095
2013-09-30 00:00:00,0.09929
2013-10-02 00:00:00,0.10071
2013-10-03 00:00:00,0.10286
2013-10-04 00:00:00,0.10214
2013-10-07 00:00:00,0.10214
2013-10-08 00:00:00,0.10143
2013-10-09 00:00:00,0.10286
2013-10-10 00:00:00,0.10286
2013-10-11 00:00:00,0.09786
2013-10-15 00:00:00,0.09857
2013-10-16 00:00:00,0.09786
2013-10-17 00:00:00,0.09786
2013-10-18 00:00:00,0.09643
2013-10-21 00:00:00,0.09714
2013-10-22 00:00:00,0.09786
2013-10-23 00:00:00,0.09357
2013-10-24 00:00:00,0.09143
2013-10-25 00:00:00,0.09357
2013-10-28 00:00:00,0.09357
2013-10-29 00:00:00,0.09071
2013-10-30 00:00:00,0.08786
2013-10-31 00:00:00,0.09071
2013-11-01 00:00:00,0.09286
2013-11-04 00:00:00,0.08548
2013-11-05 00:00:00,0.09014
2013-11-06 00:00:00,0.08513
2013-11-07 00:00:00,0.07857
2013-11-08 00:00:00,0.08898
2013-11-11 00:00:00,0.08143
2013-11-12 00:00:00,0.07571
2013-11-13 00:00:00,0.06789
2013-11-14 00:00:00,0.06393
2013-11-15 00:00:00,0.06036
2013-11-18 00:00:00,0.06504
2013-11-19 00:00:00,0.06481
2013-11-20 00:00:00,0.06546
2013-11-21 00:00:00,0.07055
2013-11-22 00:00:00,0.07133
2013-11-25 00:00:00,0.07857
2013-11-26 00:00:00,0.07071
2013-11-27 00:00:00,0.07845
2013-11-28 00:00:00,0.07429
2013-11-29 00:00:00,0.06857
2013-12-02 00:00:00,0.06714
2013-12-03 00:00:00,0.06904
2013-12-04 00:00:00,0.07143
2013-12-05 00:00:00,0.07128
2013-12-06 00:00:00,0.06661
2013-12-09 00:00:00,0.06624
2013-12-10 00:00:00,0.06786
2013-12-11 00:00:00,0.0691
2013-12-12 00:00:00,0.07
2013-12-13 00:00:00,0.07248
2013-12-16 00:00:00,0.07714
2013-12-17 00:00:00,0.07214
2013-12-18 00:00:00,0.07357
2013-12-19 00:00:00,0.07286
2013-12-20 00:00:00,0.06786
2013-12-23 00:00:00,0.07096
2013-12-24 00:00:00,0.07734
2013-12-27 00:00:00,0.07594
2013-12-30 00:00:00,0.075
2013-12-31 00:00:00,0.08286
2014-01-02 00:00:00,0.07929
2014-01-03 00:00:00,0.07357
2014-01-06 00:00:00,0.06429
2014-01-07 00:00:00,0.06524
2014-01-08 00:00:00,0.06357
2014-01-09 00:00:00,0.06068
2014-01-10 00:00:00,0.07008
2014-01-13 00:00:00,0.07165
2014-01-14 00:00:00,0.0697
2014-01-15 00:00:00,0.06873
2014-01-16 00:00:00,0.06307
2014-01-17 00:00:00,0.07143
2014-01-20 00:00:00,0.06857
2014-01-21 00:00:00,0.06429
2014-01-22 00:00:00,0.06357
2014-01-23 00:00:00,0.06429
2014-01-24 00:00:00,0.07
2014-01-27 00:00:00,0.06194
2014-01-28 00:00:00,0.05786
2014-01-29 00:00:00,0.06
2014-01-30 00:00:00,0.06341
2014-02-04 00:00:00,0.06429
2014-02-05 00:00:00,0.06264
2014-02-06 00:00:00,0.06519
2014-02-07 00:00:00,0.06571
2014-02-10 00:00:00,0.06429
2014-02-11 00:00:00,0.0577
2014-02-12 00:00:00,0.05705
2014-02-13 00:00:00,0.05821
2014-02-14 00:00:00,0.05714
2014-02-17 00:00:00,0.05929
2014-02-18 00:00:00,0.06237
2014-02-19 00:00:00,0.06352
2014-02-20 00:00:00,0.05821
2014-02-21 00:00:00,0.06095
2014-02-24 00:00:00,0.06
2014-02-25 00:00:00,0.05786
2014-02-26 00:00:00,0.05654
2014-02-27 00:00:00,0.05949
2014-02-28 00:00:00,0.07119
2014-03-03 00:00:00,0.06429
2014-03-04 00:00:00,0.065
2014-03-05 00:00:00,0.06071
2014-03-06 00:00:00,0.05644
2014-03-07 00:00:00,0.05831
2014-03-10 00:00:00,0.05959
2014-03-11 00:00:00,0.05599
2014-03-12 00:00:00,0.055
2014-03-13 00:00:00,0.0561
2014-03-14 00:00:00,0.05456
2014-03-17 00:00:00,0.05879
2014-03-18 00:00:00,0.05651
2014-03-19 00:00:00,0.05691
2014-03-20 00:00:00,0.05609
2014-03-21 00:00:00,0.055
2014-03-24 00:00:00,0.05834
2014-03-25 00:00:00,0.05599
2014-03-26 00:00:00,0.05927
2014-03-27 00:00:00,0.05654
2014-03-28 00:00:00,0.05286
2014-03-31 00:00:00,0.05941
2014-04-01 00:00:00,0.05809
2014-04-02 00:00:00,0.05456
2014-04-03 00:00:00,0.05661
2014-04-04 00:00:00,0.05431
2014-04-07 00:00:00,0.05661
2014-04-08 00:00:00,0.05934
2014-04-09 00:00:00,0.06406
2014-04-10 00:00:00,0.06643
2014-04-11 00:00:00,0.06429
2014-04-14 00:00:00,0.05544
2014-04-15 00:00:00,0.05846
2014-04-16 00:00:00,0.05714
2014-04-17 00:00:00,0.05929
2014-04-22 00:00:00,0.06786
2014-04-23 00:00:00,0.08
2014-04-24 00:00:00,0.07071
2014-04-25 00:00:00,0.06571
2014-04-28 00:00:00,0.05929
2014-04-29 00:00:00,0.06451
2014-04-30 00:00:00,0.06143
2014-05-02 00:00:00,0.06143
2014-05-05 00:00:00,0.05934
2014-05-07 00:00:00,0.06214
2014-05-08 00:00:00,0.05889
2014-05-09 00:00:00,0.06357
2014-05-12 00:00:00,0.06158
2014-05-13 00:00:00,0.06366
2014-05-14 00:00:00,0.06357
2014-05-15 00:00:00,0.05719
2014-05-16 00:00:00,0.0574
2014-05-19 00:00:00,0.05643
2014-05-20 00:00:00,0.05663
2014-05-21 00:00:00,0.06211
2014-05-22 00:00:00,0.05929
2014-05-23 00:00:00,0.06152
2014-05-26 00:00:00,0.06286
2014-05-27 00:00:00,0.06214
2014-05-28 00:00:00,0.05786
2014-05-29 00:00:00,0.05706
2014-05-30 00:00:00,0.05734
2014-06-03 00:00:00,0.06
2014-06-04 00:00:00,0.05824
2014-06-05 00:00:00,0.06
2014-06-06 00:00:00,0.05945
2014-06-09 00:00:00,0.05676
2014-06-10 00:00:00,0.05731
2014-06-11 00:00:00,0.05429
2014-06-12 00:00:00,0.05929
2014-06-13 00:00:00,0.05507
2014-06-16 00:00:00,0.06176
2014-06-17 00:00:00,0.06857
2014-06-18 00:00:00,0.07245
2014-06-19 00:00:00,0.06214
2014-06-20 00:00:00,0.06933
2014-06-23 00:00:00,0.075
2014-06-24 00:00:00,0.06929
2014-06-25 00:00:00,0.06657
2014-06-26 00:00:00,0.07214
2014-06-27 00:00:00,0.07926
2014-06-30 00:00:00,0.19857
2014-07-02 00:00:00,0.20357
2014-07-03 00:00:00,0.17929
2014-07-04 00:00:00,0.085
2014-07-07 00:00:00,0.08
2014-07-08 00:00:00,0.07214
2014-07-09 00:00:00,0.06786
2014-07-10 00:00:00,0.07108
2014-07-11 00:00:00,0.07143
2014-07-14 00:00:00,0.06714
2014-07-15 00:00:00,0.07029
2014-07-16 00:00:00,0.06809
2014-07-17 00:00:00,0.06786
2014-07-18 00:00:00,0.05981
2014-07-21 00:00:00,0.05964
2014-07-22 00:00:00,0.06073
2014-07-23 00:00:00,0.05611
2014-07-24 00:00:00,0.06286
2014-07-25 00:00:00,0.06231
2014-07-28 00:00:00,0.05929
2014-07-29 00:00:00,0.05578
2014-07-30 00:00:00,0.05634
2014-07-31 00:00:00,0.05931
2014-08-01 00:00:00,0.05214
2014-08-04 00:00:00,0.05364
2014-08-05 00:00:00,0.05681
2014-08-06 00:00:00,0.05385
2014-08-07 00:00:00,0.05401
2014-08-08 00:00:00,0.04838
2014-08-11 00:00:00,0.04929
2014-08-12 00:00:00,0.04475
2014-08-13 00:00:00,0.0452
2014-08-14 00:00:00,0.04142
2014-08-15 00:00:00,0.04137
2014-08-18 00:00:00,0.0457
2014-08-19 00:00:00,0.04934
2014-08-20 00:00:00,0.04021
2014-08-21 00:00:00,0.0362
2014-08-22 00:00:00,0.04267
2014-08-25 00:00:00,0.04409
2014-08-26 00:00:00,0.04929
2014-08-27 00:00:00,0.04857
2014-08-28 00:00:00,0.04881
2014-08-29 00:00:00,0.05071
2014-09-01 00:00:00,0.05162
2014-09-02 00:00:00,0.04857
2014-09-03 00:00:00,0.04055
2014-09-04 00:00:00,0.0375
2014-09-05 00:00:00,0.04099
2014-09-08 00:00:00,0.04084
2014-09-10 00:00:00,0.045
2014-09-11 00:00:00,0.04143
2014-09-12 00:00:00,0.03759
2014-09-15 00:00:00,0.04131
2014-09-16 00:00:00,0.0385
2014-09-17 00:00:00,0.04574
2014-09-18 00:00:00,0.03929
2014-09-19 00:00:00,0.03956
2014-09-22 00:00:00,0.04714
2014-09-23 00:00:00,0.04315
2014-09-24 00:00:00,0.04071
2014-09-25 00:00:00,0.05286
2014-09-26 00:00:00,0.05357
2014-09-29 00:00:00,0.06
2014-09-30 00:00:00,0.05929
2014-10-03 00:00:00,0.05866
2014-10-06 00:00:00,0.05498
2014-10-07 00:00:00,0.05692
2014-10-08 00:00:00,0.04732
2014-10-09 00:00:00,0.04751
2014-10-10 00:00:00,0.0479
2014-10-13 00:00:00,0.04698
2014-10-14 00:00:00,0.04683
2014-10-15 00:00:00,0.03825
2014-10-16 00:00:00,0.04326
2014-10-17 00:00:00,0.04303
2014-10-20 00:00:00,0.04781
2014-10-21 00:00:00,0.04526
2014-10-22 00:00:00,0.04467
2014-10-23 00:00:00,0.0472
2014-10-24 00:00:00,0.04897
2014-10-27 00:00:00,0.05219
2014-10-28 00:00:00,0.05256
2014-10-29 00:00:00,0.05683
2014-10-30 00:00:00,0.05715
2014-10-31 00:00:00,0.04979
2014-11-03 00:00:00,0.05586
2014-11-04 00:00:00,0.04615
2014-11-05 00:00:00,0.05493
2014-11-06 00:00:00,0.05329
2014-11-07 00:00:00,0.05061
2014-11-10 00:00:00,0.05587
2014-11-11 00:00:00,0.05702
2014-11-12 00:00:00,0.04901
2014-11-13 00:00:00,0.04915
2014-11-14 00:00:00,0.05388
2014-11-17 00:00:00,0.05929
2014-11-18 00:00:00,0.05684
2014-11-19 00:00:00,0.05357
2014-11-20 00:00:00,0.04857
2014-11-21 00:00:00,0.05684
2014-11-24 00:00:00,0.05334
2014-11-25 00:00:00,0.04809
2014-11-26 00:00:00,0.05286
2014-11-27 00:00:00,0.05174
2014-11-28 00:00:00,0.05929
2014-12-01 00:00:00,0.06143
2014-12-02 00:00:00,0.05833
2014-12-03 00:00:00,0.14714
2014-12-04 00:00:00,0.11857
2014-12-05 00:00:00,0.10429
2014-12-08 00:00:00,0.16643
2014-12-09 00:00:00,0.13683
2014-12-10 00:00:00,0.09032
2014-12-11 00:00:00,0.05929
2014-12-12 00:00:00,0.05592
2014-12-15 00:00:00,0.05629
2014-12-16 00:00:00,0.06
2014-12-17 00:00:00,0.06
2014-12-18 00:00:00,0.05786
2014-12-19 00:00:00,0.05724
2014-12-22 00:00:00,0.05224
2014-12-23 00:00:00,0.06196
2014-12-24 00:00:00,0.06429
2014-12-29 00:00:00,0.05857
2014-12-30 00:00:00,0.05409
2014-12-31 00:00:00,0.05334
2015-01-02,0.05661
2015-01-05,0.05751
2015-01-06,0.05089
2015-01-07,0.05006
2015-01-08,0.05181
2015-01-09,0.05294
2015-01-12,0.05141
2015-01-13,0.05024
2015-01-14,0.05026
2015-01-15,0.0466
2015-01-16,0.05429
2015-01-19,0.04597
2015-01-20,0.04783
2015-01-21,0.05157
2015-01-22,0.04884
2015-01-23,0.05229
2015-01-26,0.0588
2015-01-27,0.05985
2015-01-28,0.05643
2015-01-29,0.05918
2015-01-30,0.07369
2015-02-02,0.06214
2015-02-03,0.05899
2015-02-04,0.05659
2015-02-05,0.04949
2015-02-06,0.05143
2015-02-09,0.05357
2015-02-10,0.05026
2015-02-11,0.05369
2015-02-12,0.04694
2015-02-13,0.05482
2015-02-16,0.05117
2015-02-17,0.05169
2015-02-18,0.05246
2015-02-23,0.05234
2015-02-24,0.05231
2015-02-25,0.05028
2015-02-26,0.0523
2015-02-27,0.06304
2015-03-02,0.05929
2015-03-03,0.06732
2015-03-04,0.06186
2015-03-05,0.06214
2015-03-06,0.05873
2015-03-09,0.06103
2015-03-10,0.06103
2015-03-11,0.05804
2015-03-12,0.06109
2015-03-13,0.06096
2015-03-16,0.05886
2015-03-17,0.05914
2015-03-18,0.05429
2015-03-19,0.05623
2015-03-20,0.05599
2015-03-23,0.05711
2015-03-24,0.05651
2015-03-25,0.06106
2015-03-26,0.06069
2015-03-27,0.05799
2015-03-30,0.05442
2015-03-31,0.05942
2015-04-01,0.05978
2015-04-02,0.05964
2015-04-08,0.06076
2015-04-09,0.06286
2015-04-10,0.06423
2015-04-13,0.07876
2015-04-14,0.075
2015-04-15,0.06359
2015-04-16,0.055
2015-04-17,0.05429
2015-04-20,0.05512
2015-04-21,0.05299
2015-04-22,0.05305
2015-04-23,0.05214
2015-04-24,0.04922
2015-04-27,0.04713
2015-04-28,0.04682
2015-04-29,0.05087
2015-04-30,0.04967
2015-05-04,0.04159
2015-05-05,0.04407
2015-05-06,0.04634
2015-05-07,0.04512
2015-05-08,0.04357
2015-05-11,0.04799
2015-05-12,0.04679
2015-05-13,0.0479
2015-05-14,0.04909
2015-05-15,0.04774
2015-05-18,0.04622
2015-05-19,0.04425
2015-05-20,0.04875
2015-05-21,0.04616
2015-05-22,0.05214
2015-05-26,0.08761
2015-05-27,0.08324
2015-05-28,0.0829
2015-05-29,0.09672
2015-06-01,0.07822
2015-06-02,0.06157
2015-06-03,0.05711
2015-06-04,0.0552
2015-06-05,0.05309
2015-06-08,0.05511
2015-06-09,0.06017
2015-06-10,0.05786
2015-06-11,0.05444
2015-06-12,0.04946
2015-06-15,0.05
2015-06-16,0.04837
2015-06-17,0.05071
2015-06-18,0.05369
2015-06-19,0.05164
2015-06-22,0.05594
2015-06-23,0.04955
2015-06-24,0.05306
2015-06-25,0.05653
2015-06-26,0.058
2015-06-29,0.06
2015-06-30,0.11014
2015-07-02,0.06934
2015-07-03,0.06404
2015-07-06,0.05835
2015-07-07,0.05571
2015-07-08,0.05358
2015-07-09,0.05366
2015-07-10,0.05714
2015-07-13,0.05429
2015-07-14,0.0544
2015-07-15,0.05156
2015-07-16,0.0537
2015-07-17,0.05506
2015-07-20,0.05286
2015-07-21,0.05301
2015-07-22,0.05714
2015-07-23,0.05714
2015-07-24,0.05606
2015-07-27,0.05786
2015-07-28,0.0587
2015-07-29,0.05078
2015-07-30,0.06244
2015-07-31,0.0889
2015-08-03,0.06583
2015-08-04,0.05415
2015-08-05,0.05124
2015-08-06,0.05479
2015-08-07,0.05294
2015-08-10,0.0556
2015-08-11,0.0513
2015-08-12,0.055
2015-08-13,0.055
2015-08-14,0.05429
2015-08-17,0.05131
2015-08-18,0.05066
2015-08-19,0.05333
2015-08-20,0.04921
2015-08-21,0.04763
2015-08-24,0.05243
2015-08-25,0.06818
2015-08-26,0.06135
2015-08-27,0.05856
2015-08-28,0.0531
2015-08-31,0.05342
2015-09-01,0.05481
2015-09-02,0.04944
2015-09-04,0.05971
2015-09-07,0.04958
2015-09-08,0.04929
2015-09-09,0.05143
2015-09-10,0.05071
2015-09-11,0.04857
2015-09-14,0.05016
2015-09-15,0.05143
2015-09-16,0.0478
2015-09-17,0.04767
2015-09-18,0.04659
2015-09-21,0.04356
2015-09-22,0.04946
2015-09-23,0.04824
2015-09-24,0.04993
2015-09-25,0.04789
2015-09-29,0.05071
2015-09-30,0.07557
2015-10-02,0.0543
2015-10-05,0.05071
2015-10-06,0.053
2015-10-07,0.04929
2015-10-08,0.05214
2015-10-09,0.05614
2015-10-12,0.05174
2015-10-13,0.05173
2015-10-14,0.04993
2015-10-15,0.05186
2015-10-16,0.04726
2015-10-19,0.05006
2015-10-20,0.04316
2015-10-22,0.05071
2015-10-23,0.04799
2015-10-26,0.04643
2015-10-27,0.04571
2015-10-28,0.04544
2015-10-29,0.05071
2015-10-30,0.05643
2015-11-02,0.05321
2015-11-03,0.05001
2015-11-04,0.05071
2015-11-05,0.04929
2015-11-06,0.04786
2015-11-09,0.04384
2015-11-10,0.04786
2015-11-11,0.04786
2015-11-12,0.04571
2015-11-13,0.04571
2015-11-16,0.04786
2015-11-17,0.04714
2015-11-18,0.05143
2015-11-19,0.04214
2015-11-20,0.04643
2015-11-23,0.04726
2015-11-24,0.04071
2015-11-25,0.04429
2015-11-26,0.04786
2015-11-27,0.04714
2015-11-30,0.05947
2015-12-01,0.04493
2015-12-02,0.05429
2015-12-03,0.05643
2015-12-04,0.05638
2015-12-07,0.05286
2015-12-08,0.05143
2015-12-09,0.05143
2015-12-10,0.05286
2015-12-11,0.0552
2015-12-14,0.04643
2015-12-15,0.04214
2015-12-16,0.04429
2015-12-17,0.0432
2015-12-18,0.04412
2015-12-21,0.04976
2015-12-22,0.05071
2015-12-23,0.05214
2015-12-24,0.05214
2015-12-28,0.04857
2015-12-29,0.05214
2015-12-30,0.05005
2015-12-31,0.04788
2016-01-04,0.04094
2016-01-05,0.04506
2016-01-06,0.04863
2016-01-07,0.05214
2016-01-08,0.04786
2016-01-11,0.04357
2016-01-12,0.04571
2016-01-13,0.0425
2016-01-14,0.046
2016-01-15,0.05314
2016-01-18,0.05457
2016-01-19,0.04714
2016-01-20,0.04286
2016-01-21,0.03643
2016-01-22,0.04413
2016-01-25,0.03714
2016-01-26,0.04786
2016-01-27,0.04657
2016-01-28,0.04657
2016-01-29,0.05652
2016-02-01,0.04814
2016-02-02,0.04721
2016-02-03,0.04857
2016-02-04,0.05014
2016-02-05,0.05157
2016-02-11,0.05104
2016-02-12,0.05086
2016-02-15,0.05014
2016-02-16,0.04929
2016-02-17,0.04429
2016-02-18,0.04729
2016-02-19,0.04214
2016-02-22,0.04286
2016-02-23,0.048
2016-02-24,0.04929
2016-02-25,0.05464
2016-02-26,0.05071
2016-02-29,0.05949
2016-03-01,0.0525
2016-03-02,0.05679
2016-03-03,0.05071
2016-03-04,0.045
2016-03-07,0.04786
2016-03-08,0.04571
2016-03-09,0.04929
2016-03-10,0.04929
2016-03-11,0.04786
2016-03-14,0.05107
2016-03-15,0.05268
2016-03-16,0.04893
2016-03-17,0.04357
2016-03-18,0.035
2016-03-21,0.04214
2016-03-22,0.0439
2016-03-23,0.05
2016-03-24,0.05938
2016-03-29,0.06143
2016-03-30,0.06416
2016-03-31,0.09179
2016-04-01,0.06986
2016-04-05 00:00:00,0.03057
2016-04-06 00:00:00,0.02772
2016-04-07 00:00:00,0.01579
2016-04-08 00:00:00,0.01497
2016-04-11 00:00:00,0.01339
2016-04-12 00:00:00,0.01143
2016-04-13 00:00:00,0.01206
2016-04-14 00:00:00,0.01259
2016-04-15 00:00:00,0.01729
2016-04-18 00:00:00,0.01519
2016-04-19 00:00:00,0.01411
2016-04-20 00:00:00,0.01454
2016-04-21 00:00:00,0.01233
2016-04-22 00:00:00,0.01155
2016-04-25 00:00:00,0.01203
2016-04-26 00:00:00,0.01812
2016-04-27 00:00:00,0.01748
2016-04-28 00:00:00,0.01753
2016-04-29 00:00:00,0.0315
2016-05-03 00:00:00,0.01895
2016-05-04 00:00:00,0.0137
2016-05-05 00:00:00,0.01217
2016-05-06 00:00:00,0.016
2016-05-09 00:00:00,0.01219
2016-05-10 00:00:00,0.01613
2016-05-11 00:00:00,0.01109
2016-05-12 00:00:00,0.00994
2016-05-13 00:00:00,0.00933
2016-05-16 00:00:00,0.0133
2016-05-17 00:00:00,0.01277
2016-05-18 00:00:00,0.0116
2016-05-19 00:00:00,0.01046
2016-05-20 00:00:00,0.01048
2016-05-23 00:00:00,0.01108
2016-05-24 00:00:00,0.01177
2016-05-25 00:00:00,0.01098
2016-05-26 00:00:00,0.01191
2016-05-27 00:00:00,0.0155
2016-05-30 00:00:00,0.03821
2016-05-31 00:00:00,0.04404
2016-06-01 00:00:00,0.02185
2016-06-02 00:00:00,0.01181
2016-06-03 00:00:00,0.00808
2016-06-06 00:00:00,0.00941
2016-06-07 00:00:00,0.00931
2016-06-08 00:00:00,0.01412
2016-06-10 00:00:00,0.01612
2016-06-13 00:00:00,0.01615
2016-06-14 00:00:00,0.01963
2016-06-15 00:00:00,0.01831
2016-06-16 00:00:00,0.01897
2016-06-17 00:00:00,0.01897
2016-06-20 00:00:00,0.01942
2016-06-21 00:00:00,0.01805
2016-06-22 00:00:00,0.01302
2016-06-23 00:00:00,0.01588
2016-06-24 00:00:00,0.03082
2016-06-27 00:00:00,0.03822
2016-06-28 00:00:00,0.03188
2016-06-29 00:00:00,0.03051
2016-06-30 00:00:00,0.04009
2016-07-04 00:00:00,0.02063
2016-07-05 00:00:00,0.01628
2016-07-06 00:00:00,0.02084
2016-07-07 00:00:00,0.02525
2016-07-08 00:00:00,0.02593
2016-07-11 00:00:00,0.02063
2016-07-12 00:00:00,0.02155
2016-07-13 00:00:00,0.0184
2016-07-14 00:00:00,0.02178
2016-07-15 00:00:00,0.02149
2016-07-18 00:00:00,0.02538
2016-07-19 00:00:00,0.02678
2016-07-20 00:00:00,0.02537
2016-07-21 00:00:00,0.02121
2016-07-22 00:00:00,0.0214
2016-07-25 00:00:00,0.0222
2016-07-26 00:00:00,0.02468
2016-07-27 00:00:00,0.02691
2016-07-28 00:00:00,0.04007
2016-07-29 00:00:00,0.03711
2016-08-01 00:00:00,0.02397
2016-08-03 00:00:00,0.02121
2016-08-04 00:00:00,0.02229
2016-08-05 00:00:00,0.0229
2016-08-08 00:00:00,0.02397
2016-08-09 00:00:00,0.03042
2016-08-10 00:00:00,0.02771
2016-08-11 00:00:00,0.02323
2016-08-12 00:00:00,0.02264
2016-08-15 00:00:00,0.02433
2016-08-16 00:00:00,0.02648
2016-08-17 00:00:00,0.03668
2016-08-18 00:00:00,0.0497
2016-08-19 00:00:00,0.05704
2016-08-22 00:00:00,0.07506
2016-08-23 00:00:00,0.06185
2016-08-24 00:00:00,0.04511
2016-08-25 00:00:00,0.04028
2016-08-26 00:00:00,0.04392
2016-08-29 00:00:00,0.05489
2016-08-30 00:00:00,0.05497
2016-08-31 00:00:00,0.08456
2016-09-01 00:00:00,0.05074
2016-09-02 00:00:00,0.05534
2016-09-05 00:00:00,0.05325
2016-09-06 00:00:00,0.05774
2016-09-07 00:00:00,0.05645
2016-09-08 00:00:00,0.04304
2016-09-09 00:00:00,0.04874
2016-09-12 00:00:00,0.06559
2016-09-13 00:00:00,0.04854
2016-09-14 00:00:00,0.05233
2016-09-15 00:00:00,0.04787
2016-09-19 00:00:00,0.05167
2016-09-20 00:00:00,0.0569
2016-09-21 00:00:00,0.04788
2016-09-22 00:00:00,0.04765
2016-09-23 00:00:00,0.04167
2016-09-26 00:00:00,0.04676
2016-09-27 00:00:00,0.0604
2016-09-28 00:00:00,0.04988
2016-09-29 00:00:00,0.06114
2016-09-30 00:00:00,0.20169
2016-10-03 00:00:00,0.06187
2016-10-04 00:00:00,0.06484
2016-10-05 00:00:00,0.05372
2016-10-06 00:00:00,0.05522
2016-10-07 00:00:00,0.0574
2016-10-11 00:00:00,0.05635
2016-10-12 00:00:00,0.07439
2016-10-13 00:00:00,0.07398
2016-10-14 00:00:00,0.05438
2016-10-17 00:00:00,0.05807
2016-10-18 00:00:00,0.06514
2016-10-19 00:00:00,0.07045
2016-10-20 00:00:00,0.07913
2016-10-24 00:00:00,0.1002
2016-10-25 00:00:00,0.10573
2016-10-26 00:00:00,0.15538
2016-10-27 00:00:00,0.09818
2016-10-28 00:00:00,0.1091
2016-10-31 00:00:00,0.12904
2016-11-01 00:00:00,0.11738
2016-11-02 00:00:00,0.11117
2016-11-03 00:00:00,0.09902
2016-11-04 00:00:00,0.07855
2016-11-07 00:00:00,0.07865
2016-11-08 00:00:00,0.07834
2016-11-09 00:00:00,0.08278
2016-11-10 00:00:00,0.06644
2016-11-11 00:00:00,0.04944
2016-11-14 00:00:00,0.05546
2016-11-15 00:00:00,0.05932
2016-11-16 00:00:00,0.0631
2016-11-17 00:00:00,0.04274
2016-11-18 00:00:00,0.03883
2016-11-21 00:00:00,0.03629
2016-11-22 00:00:00,0.03975
2016-11-23 00:00:00,0.05598
2016-11-24 00:00:00,0.06629
2016-11-25 00:00:00,0.07953
2016-11-28 00:00:00,0.08236
2016-11-29 00:00:00,0.12806
2016-11-30 00:00:00,0.31439
2016-12-01 00:00:00,0.11288
2016-12-02 00:00:00,0.09144
2016-12-05 00:00:00,0.0919
2016-12-06 00:00:00,0.0947
2016-12-07 00:00:00,0.09155
2016-12-08 00:00:00,0.09055
2016-12-09 00:00:00,0.09402
2016-12-12 00:00:00,0.103
2016-12-13 00:00:00,0.12144
2016-12-14 00:00:00,0.11308
2016-12-15 00:00:00,0.13375
2016-12-16 00:00:00,0.1212
2016-12-19 00:00:00,0.11003
2016-12-20 00:00:00,0.09052
2016-12-21 00:00:00,0.09226
2016-12-22 00:00:00,0.11437
2016-12-23 00:00:00,0.24055
2016-12-28 00:00:00,0.21292
2016-12-29 00:00:00,0.21742
2016-12-30 00:00:00,0.61786
2017-01-03 00:00:00,0.22536
2017-01-04 00:00:00,0.25244
2017-01-05 00:00:00,0.21203
2017-01-06 00:00:00,0.19362
2017-01-09 00:00:00,0.1874
2017-01-10 00:00:00,0.14124
2017-01-11 00:00:00,0.06594
2017-01-12 00:00:00,0.04958
2017-01-13 00:00:00,0.04677
2017-01-16 00:00:00,0.04992
2017-01-17 00:00:00,0.05485
2017-01-18 00:00:00,0.05122
2017-01-19 00:00:00,0.03256
2017-01-20 00:00:00,0.03146
2017-01-23 00:00:00,0.0301
2017-01-24 00:00:00,0.02627
2017-01-25 00:00:00,0.02671
2017-01-26 00:00:00,0.03205
2017-01-27 00:00:00,0.16391
2017-02-01 00:00:00,0.02798
2017-02-02 00:00:00,0.02807
2017-02-03 00:00:00,0.03682
2017-02-06 00:00:00,0.03445
2017-02-07 00:00:00,0.03268
2017-02-08 00:00:00,0.03028
2017-02-09 00:00:00,0.03007
2017-02-10 00:00:00,0.03317
2017-02-13 00:00:00,0.02982
2017-02-14 00:00:00,0.03481
2017-02-15 00:00:00,0.03507
2017-02-16 00:00:00,0.03238
2017-02-17 00:00:00,0.04339
2017-02-20 00:00:00,0.02764
2017-02-21 00:00:00,0.04369
2017-02-22 00:00:00,0.07153
2017-02-23 00:00:00,0.09441
2017-02-24 00:00:00,0.0594
2017-02-27 00:00:00,0.06229
2017-02-28 00:00:00,0.0899
2017-03-01 00:00:00,0.05366
2017-03-02 00:00:00,0.04081
2017-03-03 00:00:00,0.03834
2017-03-06 00:00:00,0.03719
2017-03-07 00:00:00,0.03476
2017-03-08 00:00:00,0.03856
2017-03-09 00:00:00,0.03543
2017-03-10 00:00:00,0.03053
2017-03-13 00:00:00,0.03172
2017-03-14 00:00:00,0.02638
2017-03-15 00:00:00,0.02399
2017-03-16 00:00:00,0.03016
2017-03-17 00:00:00,0.03149
2017-03-20 00:00:00,0.02623
2017-03-21 00:00:00,0.0264
2017-03-22 00:00:00,0.02627
2017-03-23 00:00:00,0.03095
2017-03-24 00:00:00,0.03064
2017-03-27 00:00:00,0.04068
2017-03-28 00:00:00,0.04508
2017-03-29 00:00:00,0.04338
2017-03-30 00:00:00,0.03847
2017-03-31 00:00:00,0.06163
2017-04-03 00:00:00,0.03947
2017-04-05 00:00:00,0.03568
2017-04-06 00:00:00,0.04368
2017-04-07 00:00:00,0.03782
2017-04-10 00:00:00,0.0409
2017-04-11 00:00:00,0.03993
2017-04-12 00:00:00,0.02839
2017-04-13 00:00:00,0.03462
2017-04-18 00:00:00,0.04205
2017-04-19 00:00:00,0.04549
2017-04-20 00:00:00,0.05125
2017-04-21 00:00:00,0.04723
2017-04-24 00:00:00,0.04599
2017-04-25 00:00:00,0.04669
2017-04-26 00:00:00,0.04577
2017-04-27 00:00:00,0.04932
2017-04-28 00:00:00,0.12161
2017-05-02 00:00:00,0.08822
2017-05-04 00:00:00,0.06671
2017-05-05 00:00:00,0.04089
2017-05-08 00:00:00,0.04656
2017-05-09 00:00:00,0.04682
2017-05-10 00:00:00,0.04424
2017-05-11 00:00:00,0.04048
2017-05-12 00:00:00,0.03479
2017-05-15 00:00:00,0.041
2017-05-16 00:00:00,0.04009
2017-05-17 00:00:00,0.03703
2017-05-18 00:00:00,0.04082
2017-05-19 00:00:00,0.03691
2017-05-22 00:00:00,0.03547
2017-05-23 00:00:00,0.03801
2017-05-24 00:00:00,0.03204
2017-05-25 00:00:00,0.03375
2017-05-26 00:00:00,0.02995
2017-05-29 00:00:00,0.05656
2017-05-31 00:00:00,0.11304
2017-06-01 00:00:00,0.07875
2017-06-02 00:00:00,0.06192
2017-06-05 00:00:00,0.04618
2017-06-06 00:00:00,0.0441
2017-06-07 00:00:00,0.0526
2017-06-08 00:00:00,0.05005
2017-06-09 00:00:00,0.05527
2017-06-12 00:00:00,0.0601
2017-06-13 00:00:00,0.09552
2017-06-14 00:00:00,0.08172
2017-06-15 00:00:00,0.11045
2017-06-16 00:00:00,0.11588
2017-06-19 00:00:00,0.10814
2017-06-20 00:00:00,0.10256
2017-06-21 00:00:00,0.08422
2017-06-22 00:00:00,0.06189
2017-06-23 00:00:00,0.05161
2017-06-26 00:00:00,0.05207
2017-06-27 00:00:00,0.04878
2017-06-28 00:00:00,0.05636
2017-06-29 00:00:00,0.05441
2017-06-30 00:00:00,0.35135
2017-07-03 00:00:00,0.1058
2017-07-04 00:00:00,0.07162
2017-07-05 00:00:00,0.05189
2017-07-06 00:00:00,0.04932
2017-07-07 00:00:00,0.04873
2017-07-10 00:00:00,0.04739
2017-07-11 00:00:00,0.0458
2017-07-12 00:00:00,0.047
2017-07-13 00:00:00,0.0453
2017-07-14 00:00:00,0.05218
2017-07-17 00:00:00,0.05239
2017-07-18 00:00:00,0.05745
2017-07-19 00:00:00,0.05134
2017-07-20 00:00:00,0.04962
2017-07-21 00:00:00,0.05031
2017-07-24 00:00:00,0.0502
2017-07-25 00:00:00,0.04795
2017-07-26 00:00:00,0.05157
2017-07-27 00:00:00,0.06143
2017-07-28 00:00:00,0.11543
2017-07-31 00:00:00,0.57337
2017-08-01 00:00:00,0.21244
2017-08-02 00:00:00,0.06357
2017-08-03 00:00:00,0.05156
2017-08-04 00:00:00,0.04682
2017-08-07 00:00:00,0.04786
2017-08-08 00:00:00,0.03727
2017-08-09 00:00:00,0.04264
2017-08-10 00:00:00,0.04993
2017-08-11 00:00:00,0.05264
2017-08-14 00:00:00,0.04962
2017-08-15 00:00:00,0.04678
2017-08-16 00:00:00,0.04559
2017-08-17 00:00:00,0.04585
2017-08-18 00:00:00,0.03957
2017-08-21 00:00:00,0.03822
2017-08-22 00:00:00,0.03351
2017-08-24 00:00:00,0.04301
2017-08-25 00:00:00,0.04789
2017-08-28 00:00:00,0.0459
2017-08-29 00:00:00,0.04907
2017-08-30 00:00:00,0.15888
2017-08-31 00:00:00,0.26422
2017-09-01 00:00:00,0.05542
2017-09-04 00:00:00,0.06284
2017-09-05 00:00:00,0.04926
2017-09-06 00:00:00,0.10671
2017-09-07 00:00:00,0.11409
2017-09-08 00:00:00,0.04819
2017-09-11 00:00:00,0.04322
2017-09-12 00:00:00,0.04279
2017-09-13 00:00:00,0.04326
2017-09-14 00:00:00,0.04419
2017-09-15 00:00:00,0.04623
2017-09-18 00:00:00,0.05974
2017-09-19 00:00:00,0.08217
2017-09-20 00:00:00,0.23125
2017-09-21 00:00:00,0.48435
2017-09-22 00:00:00,0.41685
2017-09-25 00:00:00,0.15825
2017-09-26 00:00:00,0.15048
2017-09-27 00:00:00,0.20446
2017-09-28 00:00:00,0.31127
2017-09-29 00:00:00,0.93892
2017-10-03 00:00:00,0.27533
2017-10-04 00:00:00,0.20782
2017-10-06 00:00:00,0.14548
2017-10-09 00:00:00,0.07308
2017-10-10 00:00:00,0.0801
2017-10-11 00:00:00,0.07118
2017-10-12 00:00:00,0.06994
2017-10-13 00:00:00,0.05353
2017-10-16 00:00:00,0.06851
2017-10-17 00:00:00,0.07493
2017-10-18 00:00:00,0.08851
2017-10-19 00:00:00,0.13422
2017-10-20 00:00:00,0.1986
2017-10-23 00:00:00,0.19149
2017-10-24 00:00:00,0.17812
2017-10-25 00:00:00,0.26191
2017-10-26 00:00:00,0.23659
2017-10-27 00:00:00,0.21586
2017-10-30 00:00:00,0.52313
2017-10-31 00:00:00,1.9182
2017-11-01 00:00:00,0.54721
2017-11-02 00:00:00,0.4603
2017-11-03 00:00:00,0.47225
2017-11-06 00:00:00,0.52246
2017-11-07 00:00:00,0.67057
2017-11-08 00:00:00,0.44267
2017-11-09 00:00:00,0.52136
2017-11-10 00:00:00,0.41841
2017-11-13 00:00:00,0.37538
2017-11-14 00:00:00,0.36889
2017-11-15 00:00:00,0.34558
2017-11-16 00:00:00,0.31552
2017-11-17 00:00:00,0.27328
2017-11-20 00:00:00,0.17512
2017-11-21 00:00:00,0.14644
2017-11-22 00:00:00,0.14713
2017-11-23 00:00:00,0.16764
2017-11-24 00:00:00,0.62712
2017-11-27 00:00:00,0.53079
2017-11-28 00:00:00,0.44716
2017-11-29 00:00:00,0.26363
2017-11-30 00:00:00,0.32993
2017-12-01 00:00:00,0.28418
2017-12-04 00:00:00,0.12347
2017-12-05 00:00:00,0.0712
2017-12-06 00:00:00,0.07401
2017-12-07 00:00:00,0.0547
2017-12-08 00:00:00,0.03815
2017-12-11 00:00:00,0.04791
2017-12-12 00:00:00,0.04504
2017-12-13 00:00:00,0.05963
2017-12-14 00:00:00,0.18731
2017-12-15 00:00:00,0.13531
2017-12-18 00:00:00,0.08416
2017-12-19 00:00:00,0.06
2017-12-20 00:00:00,0.09059
2017-12-21 00:00:00,0.1098
2017-12-22 00:00:00,0.21274
2017-12-27 00:00:00,0.53621
2017-12-28 00:00:00,0.49509
2017-12-29 00:00:00,1.3865
2018-01-02 00:00:00,0.56045
2018-01-03 00:00:00,0.37889
2018-01-04 00:00:00,0.35991
2018-01-05 00:00:00,0.31002
2018-01-08 00:00:00,0.29762
2018-01-09 00:00:00,0.24542
2018-01-10 00:00:00,0.18752
2018-01-11 00:00:00,0.11766
2018-01-12 00:00:00,0.11906
2018-01-15 00:00:00,0.13302
2018-01-16 00:00:00,0.17424
2018-01-17 00:00:00,0.17748
2018-01-18 00:00:00,0.42658
2018-01-19 00:00:00,0.22303
2018-01-22 00:00:00,0.13216
2018-01-23 00:00:00,0.12198
2018-01-24 00:00:00,0.12004
2018-01-25 00:00:00,0.12894
2018-01-26 00:00:00,0.19011
2018-01-29 00:00:00,0.48164
2018-01-30 00:00:00,0.9047
2018-01-31 00:00:00,1.04601
2018-02-01 00:00:00,0.39903
2018-02-02 00:00:00,0.28956
2018-02-05 00:00:00,0.20174
2018-02-06 00:00:00,0.15153
2018-02-07 00:00:00,0.11419
2018-02-08 00:00:00,0.10065
2018-02-09 00:00:00,0.10451
2018-02-12 00:00:00,0.11492
2018-02-13 00:00:00,0.09902
2018-02-14 00:00:00,0.10029
2018-02-15 00:00:00,0.16178
2018-02-20 00:00:00,0.1154
2018-02-21 00:00:00,0.08666
2018-02-22 00:00:00,0.08881
2018-02-23 00:00:00,0.08849
2018-02-26 00:00:00,0.09921
2018-02-27 00:00:00,0.11621
2018-02-28 00:00:00,0.39115
2018-03-01 00:00:00,0.09317
2018-03-02 00:00:00,0.04857
2018-03-05 00:00:00,0.02155
2018-03-06 00:00:00,0.00784
2018-03-07 00:00:00,0.01043
2018-03-08 00:00:00,0.01197
2018-03-09 00:00:00,0.0138
2018-03-12 00:00:00,0.01889
2018-03-13 00:00:00,0.02413
2018-03-14 00:00:00,0.02154
2018-03-15 00:00:00,0.024
2018-03-16 00:00:00,0.02757
2018-03-19 00:00:00,0.02771
2018-03-20 00:00:00,0.02758
2018-03-21 00:00:00,0.01894
2018-03-22 00:00:00,0.02336
2018-03-23 00:00:00,0.07553
2018-03-26 00:00:00,0.19403
2018-03-27 00:00:00,0.22038
2018-03-28 00:00:00,0.16754
2018-03-29 00:00:00,0.59364
2018-04-03 00:00:00,0.17907
2018-04-04 00:00:00,0.1562
2018-04-06 00:00:00,0.09442
2018-04-09 00:00:00,0.08134
2018-04-10 00:00:00,0.03735
2018-04-11 00:00:00,0.02489
2018-04-12 00:00:00,0.01857
2018-04-13 00:00:00,0.06461
2018-04-16 00:00:00,0.11646
2018-04-17 00:00:00,0.13519
2018-04-18 00:00:00,0.10793
2018-04-19 00:00:00,0.10143
2018-04-20 00:00:00,0.11092
2018-04-23 00:00:00,0.13373
2018-04-24 00:00:00,0.48113
2018-04-25 00:00:00,0.59069
2018-04-26 00:00:00,0.58776
2018-04-27 00:00:00,0.57568
2018-04-30 00:00:00,0.57688
2018-05-02 00:00:00,0.33396
2018-05-03 00:00:00,0.35959
2018-05-04 00:00:00,0.35902
2018-05-07 00:00:00,0.36372
2018-05-08 00:00:00,0.15457
2018-05-09 00:00:00,0.12734
2018-05-10 00:00:00,0.11066
2018-05-11 00:00:00,0.05925
2018-05-14 00:00:00,0.04413
2018-05-15 00:00:00,0.049
2018-05-16 00:00:00,0.1031
2018-05-17 00:00:00,0.09432
2018-05-18 00:00:00,0.08235
2018-05-21 00:00:00,0.0946
2018-05-23 00:00:00,0.11045
2018-05-24 00:00:00,0.14305
2018-05-25 00:00:00,0.15615
2018-05-28 00:00:00,0.21976
2018-05-29 00:00:00,0.42787
2018-05-30 00:00:00,0.913
2018-05-31 00:00:00,1.30288
2018-06-01 00:00:00,0.42716
2018-06-04 00:00:00,0.49933
2018-06-05 00:00:00,0.54047
2018-06-06 00:00:00,0.56592
2018-06-07 00:00:00,0.7112
2018-06-08 00:00:00,0.7692
2018-06-11 00:00:00,0.7305
2018-06-12 00:00:00,0.5432
2018-06-13 00:00:00,0.26692
2018-06-14 00:00:00,0.22073
2018-06-15 00:00:00,0.21755
2018-06-19 00:00:00,0.44649
2018-06-20 00:00:00,0.48452
2018-06-21 00:00:00,0.61309
2018-06-22 00:00:00,1.22515
2018-06-25 00:00:00,1.55037
2018-06-26 00:00:00,0.85045
2018-06-27 00:00:00,1.15093
2018-06-28 00:00:00,1.84081
2018-06-29 00:00:00,2.94729
2018-07-03 00:00:00,2.96396
2018-07-04 00:00:00,2.06035
2018-07-05 00:00:00,0.9046
2018-07-06 00:00:00,0.30515
2018-07-09 00:00:00,0.49959
2018-07-10 00:00:00,0.57017
2018-07-11 00:00:00,0.53765
2018-07-12 00:00:00,0.34042
2018-07-13 00:00:00,0.33661
2018-07-16 00:00:00,0.23363
2018-07-17 00:00:00,0.21647
2018-07-18 00:00:00,0.16764
2018-07-19 00:00:00,0.11357
2018-07-20 00:00:00,0.04641
2018-07-23 00:00:00,0.05402
2018-07-24 00:00:00,0.09718
2018-07-25 00:00:00,0.34065
2018-07-26 00:00:00,0.25548
2018-07-27 00:00:00,0.20556
2018-07-30 00:00:00,0.2258
2018-07-31 00:00:00,0.78269
2018-08-01 00:00:00,0.5052
2018-08-02 00:00:00,0.51316
2018-08-03 00:00:00,0.50724
2018-08-06 00:00:00,0.56593
2018-08-07 00:00:00,0.60692
2018-08-08 00:00:00,0.61025
2018-08-09 00:00:00,0.63022
2018-08-10 00:00:00,0.55661
2018-08-13 00:00:00,0.55164
2018-08-14 00:00:00,0.57713
2018-08-15 00:00:00,0.62928
2018-08-16 00:00:00,0.57846
2018-08-17 00:00:00,0.72254
2018-08-20 00:00:00,0.78673
2018-08-21 00:00:00,0.74566
2018-08-22 00:00:00,0.73776
2018-08-23 00:00:00,0.62943
2018-08-24 00:00:00,0.5137
2018-08-27 00:00:00,0.58023
2018-08-28 00:00:00,0.63459
2018-08-29 00:00:00,0.83828
2018-08-30 00:00:00,0.84327
2018-08-31 00:00:00,0.98247
2018-09-03 00:00:00,1.15987
2018-09-04 00:00:00,0.92721
2018-09-05 00:00:00,0.75926
2018-09-06 00:00:00,0.67307
2018-09-07 00:00:00,0.60412
2018-09-10 00:00:00,0.65443
2018-09-11 00:00:00,0.68817
2018-09-12 00:00:00,0.96742
2018-09-13 00:00:00,1.72313
2018-09-14 00:00:00,1.59818
2018-09-17 00:00:00,1.55495
2018-09-18 00:00:00,1.7983
2018-09-19 00:00:00,1.67003
2018-09-20 00:00:00,1.63691
2018-09-21 00:00:00,1.9175
2018-09-24 00:00:00,3.17016
2018-09-26 00:00:00,2.06147
2018-09-27 00:00:00,2.9948
2018-09-28 00:00:00,3.56541
2018-10-02 00:00:00,1.18462
2018-10-03 00:00:00,0.93642
2018-10-04 00:00:00,0.90665
2018-10-05 00:00:00,0.86241
2018-10-08 00:00:00,1.18413
2018-10-09 00:00:00,1.25066
2018-10-10 00:00:00,0.80893
2018-10-11 00:00:00,0.66817
2018-10-12 00:00:00,0.72814
2018-10-15 00:00:00,0.66293
2018-10-16 00:00:00,0.62557
2018-10-18 00:00:00,0.63833
2018-10-19 00:00:00,0.64421
2018-10-22 00:00:00,0.67984
2018-10-23 00:00:00,0.70096
2018-10-24 00:00:00,0.64846
2018-10-25 00:00:00,0.55812
2018-10-26 00:00:00,0.4171
2018-10-29 00:00:00,0.36237
2018-10-30 00:00:00,0.26629
2018-10-31 00:00:00,0.66701
2018-11-01 00:00:00,0.44716
2018-11-02 00:00:00,0.40739
2018-11-05 00:00:00,0.39863
2018-11-06 00:00:00,0.46424
2018-11-07 00:00:00,0.53849
2018-11-08 00:00:00,0.54168
2018-11-09 00:00:00,0.3227
2018-11-12 00:00:00,0.47947
2018-11-13 00:00:00,0.51118
2018-11-14 00:00:00,0.33291
2018-11-15 00:00:00,0.37047
2018-11-16 00:00:00,0.38774
2018-11-19 00:00:00,0.32248
2018-11-20 00:00:00,0.32651
2018-11-21 00:00:00,0.28762
2018-11-22 00:00:00,0.39373
2018-11-23 00:00:00,0.61045
2018-11-26 00:00:00,0.63835
2018-11-27 00:00:00,0.63464
2018-11-28 00:00:00,0.56328
2018-11-29 00:00:00,0.71586
2018-11-30 00:00:00,1.47574
2018-12-03 00:00:00,0.66841
2018-12-04 00:00:00,0.65155
2018-12-05 00:00:00,0.79116
2018-12-06 00:00:00,0.71351
2018-12-07 00:00:00,0.61574
2018-12-10 00:00:00,0.72585
2018-12-11 00:00:00,0.70763
2018-12-12 00:00:00,0.71576
2018-12-13 00:00:00,0.75701
2018-12-14 00:00:00,0.95163
2018-12-17 00:00:00,1.08973
2018-12-18 00:00:00,0.8305
2018-12-19 00:00:00,0.66844
2018-12-20 00:00:00,0.79959
2018-12-21 00:00:00,1.24966
2018-12-24 00:00:00,2.00433
2018-12-27 00:00:00,2.36174
2018-12-28 00:00:00,2.69977
2018-12-31 00:00:00,3.73504
2019-01-02 00:00:00,1.3027
2019-01-03 00:00:00,1.51659
2019-01-04 00:00:00,1.52291
2019-01-07 00:00:00,0.79542
2019-01-08 00:00:00,0.41537
2019-01-09 00:00:00,0.19478
2019-01-10 00:00:00,0.17802
2019-01-11 00:00:00,0.16614
2019-01-14 00:00:00,0.19296
2019-01-15 00:00:00,0.25093
2019-01-16 00:00:00,0.28674
2019-01-17 00:00:00,0.21868
2019-01-18 00:00:00,0.20355
2019-01-21 00:00:00,0.37906
2019-01-22 00:00:00,0.27397
2019-01-23 00:00:00,0.25109
2019-01-24 00:00:00,0.23442
2019-01-25 00:00:00,0.25866
2019-01-28 00:00:00,0.26377
2019-01-29 00:00:00,0.29579
2019-01-30 00:00:00,0.57597
2019-01-31 00:00:00,1.34785
2019-02-01 00:00:00,0.59234
2019-02-04 00:00:00,1.04047
2019-02-08 00:00:00,0.74256
2019-02-11 00:00:00,0.6514
2019-02-12 00:00:00,0.69425
2019-02-13 00:00:00,0.63454
2019-02-14 00:00:00,0.52463
2019-02-15 00:00:00,0.50757
2019-02-18 00:00:00,0.6759
2019-02-19 00:00:00,0.48189
2019-02-20 00:00:00,0.48593
2019-02-21 00:00:00,0.46188
2019-02-22 00:00:00,0.4507
2019-02-25 00:00:00,0.40359
2019-02-26 00:00:00,0.38541
2019-02-27 00:00:00,0.36081
2019-02-28 00:00:00,0.86839
2019-03-01 00:00:00,0.65211
2019-03-04 00:00:00,0.75961
2019-03-05 00:00:00,0.64881
2019-03-06 00:00:00,0.5542
2019-03-07 00:00:00,0.55168
2019-03-08 00:00:00,0.53135
2019-03-11 00:00:00,0.6275
2019-03-12 00:00:00,0.49628
2019-03-13 00:00:00,0.54315
2019-03-14 00:00:00,0.56949
2019-03-15 00:00:00,0.6273
2019-03-18 00:00:00,0.63225
2019-03-19 00:00:00,0.68807
2019-03-20 00:00:00,0.78341
2019-03-21 00:00:00,1.07084
2019-03-22 00:00:00,1.72764
2019-03-25 00:00:00,1.91002
2019-03-26 00:00:00,1.56163
2019-03-27 00:00:00,1.47677
2019-03-28 00:00:00,1.50947
2019-03-29 00:00:00,2.66989
2019-04-01 00:00:00,1.4014
2019-04-02 00:00:00,1.61366
2019-04-03 00:00:00,1.66742
2019-04-04 00:00:00,1.85901
2019-04-08 00:00:00,1.79407
2019-04-09 00:00:00,2.02517
2019-04-10 00:00:00,2.77368
2019-04-11 00:00:00,2.84571
2019-04-12 00:00:00,1.73638
2019-04-15 00:00:00,1.75849
2019-04-16 00:00:00,1.76464
2019-04-17 00:00:00,1.35034
2019-04-18 00:00:00,1.63932
2019-04-23 00:00:00,1.61646
2019-04-24 00:00:00,1.83848
2019-04-25 00:00:00,1.89951
2019-04-26 00:00:00,1.61356
2019-04-29 00:00:00,1.64731
2019-04-30 00:00:00,2.24344
2019-05-02 00:00:00,1.57687
2019-05-03 00:00:00,1.3514
2019-05-06 00:00:00,0.92047
2019-05-07 00:00:00,0.76904
2019-05-08 00:00:00,0.75509
2019-05-09 00:00:00,0.80269
2019-05-10 00:00:00,0.82873
2019-05-14 00:00:00,0.77445
2019-05-15 00:00:00,0.75574
2019-05-16 00:00:00,0.74221
2019-05-17 00:00:00,0.72778
2019-05-20 00:00:00,0.95086
2019-05-21 00:00:00,0.94647
2019-05-22 00:00:00,0.85103
2019-05-23 00:00:00,0.86189
2019-05-24 00:00:00,0.98403
2019-05-27 00:00:00,1.33243
2019-05-28 00:00:00,1.5038
2019-05-29 00:00:00,1.44979
2019-05-30 00:00:00,1.12761
2019-05-31 00:00:00,1.84636
2019-06-03 00:00:00,1.28832
2019-06-04 00:00:00,1.23252
2019-06-05 00:00:00,1.14689
2019-06-06 00:00:00,1.17749
2019-06-10 00:00:00,0.93888
2019-06-11 00:00:00,0.95328
2019-06-12 00:00:00,1.54837
2019-06-13 00:00:00,2.25251
2019-06-14 00:00:00,1.63198
2019-06-17 00:00:00,1.50248
2019-06-18 00:00:00,1.42012
2019-06-19 00:00:00,1.55306
2019-06-20 00:00:00,1.88525
2019-06-21 00:00:00,2.20127
2019-06-24 00:00:00,2.41467
2019-06-25 00:00:00,2.51394
2019-06-26 00:00:00,2.50863
2019-06-27 00:00:00,2.38928
2019-06-28 00:00:00,2.92165
2019-07-02 00:00:00,1.93369
2019-07-03 00:00:00,2.02269
2019-07-04 00:00:00,2.93826
2019-07-05 00:00:00,2.88468
2019-07-08 00:00:00,2.05923
2019-07-09 00:00:00,1.852
2019-07-10 00:00:00,1.53729
2019-07-11 00:00:00,1.39087
2019-07-12 00:00:00,1.04177
2019-07-15 00:00:00,0.68963
2019-07-16 00:00:00,0.7551
2019-07-17 00:00:00,0.79493
2019-07-18 00:00:00,1.03076
2019-07-19 00:00:00,1.11731
2019-07-22 00:00:00,1.15664
2019-07-23 00:00:00,1.04623
2019-07-24 00:00:00,0.9906
2019-07-25 00:00:00,1.09691
2019-07-26 00:00:00,1.1227
2019-07-29 00:00:00,1.26976
2019-07-30 00:00:00,1.50233
2019-07-31 00:00:00,1.50233
2019-08-01 00:00:00,1.01973
2019-08-02 00:00:00,0.85591
2019-08-05 00:00:00,1.21514
2019-08-06 00:00:00,1.38936
2019-08-07 00:00:00,0.77712
2019-08-08 00:00:00,0.64084
2019-08-09 00:00:00,0.41135
2019-08-12 00:00:00,0.29373
2019-08-13 00:00:00,0.39069
2019-08-14 00:00:00,0.3582
2019-08-15 00:00:00,1.06765
2019-08-16 00:00:00,1.86154
2019-08-19 00:00:00,0.93428
2019-08-20 00:00:00,0.93364
2019-08-21 00:00:00,0.89376
2019-08-22 00:00:00,0.7846
2019-08-23 00:00:00,0.7652
2019-08-26 00:00:00,0.83824
2019-08-27 00:00:00,0.60653
2019-08-28 00:00:00,0.46092
2019-08-29 00:00:00,0.53789
2019-08-30 00:00:00,1.15935
2019-09-02 00:00:00,1.39919
2019-09-03 00:00:00,0.70519
2019-09-04 00:00:00,0.36094
2019-09-05 00:00:00,0.28954
2019-09-06 00:00:00,0.32044
2019-09-09 00:00:00,0.37215
2019-09-10 00:00:00,0.58961
2019-09-11 00:00:00,0.63121
2019-09-12 00:00:00,0.63073
2019-09-13 00:00:00,0.5958
2019-09-16 00:00:00,0.36429
2019-09-17 00:00:00,0.33789
2019-09-18 00:00:00,0.31768
2019-09-19 00:00:00,0.25478
2019-09-20 00:00:00,0.27011
2019-09-23 00:00:00,0.27166
2019-09-24 00:00:00,0.30809
2019-09-25 00:00:00,0.45312
2019-09-26 00:00:00,1.29364
2019-09-27 00:00:00,1.76866
2019-09-30 00:00:00,2.6954
2019-10-02 00:00:00,1.25209
2019-10-03 00:00:00,1.09843
2019-10-04 00:00:00,1.00214
2019-10-08 00:00:00,1.66924
2019-10-09 00:00:00,1.27588
2019-10-10 00:00:00,0.88795
2019-10-11 00:00:00,0.67474
2019-10-14 00:00:00,0.93412
2019-10-15 00:00:00,0.68901
2019-10-16 00:00:00,0.67468
2019-10-17 00:00:00,0.92306
2019-10-18 00:00:00,1.13503
2019-10-21 00:00:00,1.24747
2019-10-22 00:00:00,1.27411
2019-10-23 00:00:00,1.14858
2019-10-24 00:00:00,1.32656
2019-10-25 00:00:00,1.75874
2019-10-28 00:00:00,1.4515
2019-10-29 00:00:00,1.027
2019-10-30 00:00:00,1.64811
2019-10-31 00:00:00,1.97273
2019-11-01 00:00:00,1.38514
2019-11-04 00:00:00,0.91921
2019-11-05 00:00:00,0.64784
2019-11-06 00:00:00,0.60554
2019-11-07 00:00:00,0.75349
2019-11-08 00:00:00,0.69406
2019-11-11 00:00:00,1.15379
2019-11-12 00:00:00,1.82855
2019-11-13 00:00:00,1.90061
2019-11-14 00:00:00,1.96028
2019-11-15 00:00:00,1.86275
2019-11-18 00:00:00,1.72847
2019-11-19 00:00:00,1.72992
2019-11-20 00:00:00,1.96335
2019-11-21 00:00:00,1.92525
2019-11-22 00:00:00,1.64803
2019-11-25 00:00:00,1.41393
2019-11-26 00:00:00,1.62767
2019-11-27 00:00:00,1.67507
2019-11-28 00:00:00,1.82323
2019-11-29 00:00:00,2.02409
2019-12-02 00:00:00,1.51161
2019-12-03 00:00:00,1.17201
2019-12-04 00:00:00,1.09061
2019-12-05 00:00:00,0.97614
2019-12-06 00:00:00,1.0148
2019-12-09 00:00:00,1.04229
2019-12-10 00:00:00,1.08648
2019-12-11 00:00:00,1.13464
2019-12-12 00:00:00,1.17399
2019-12-13 00:00:00,1.38482
2019-12-16 00:00:00,1.79581
2019-12-17 00:00:00,1.59624
2019-12-18 00:00:00,1.84477
2019-12-19 00:00:00,1.80734
2019-12-20 00:00:00,1.84979
2019-12-23 00:00:00,2.04945
2019-12-24 00:00:00,2.67541
2019-12-27 00:00:00,2.50767
2019-12-30 00:00:00,2.37062
2019-12-31 00:00:00,4.43719
2020-01-02 00:00:00,1.88892
2020-01-03 00:00:00,1.94634
2020-01-06 00:00:00,1.71164
2020-01-07 00:00:00,1.62476
2020-01-08 00:00:00,1.76722
2020-01-09 00:00:00,1.82027
2020-01-10 00:00:00,2.0616
2020-01-13 00:00:00,1.63717
2020-01-14 00:00:00,1.28628
2020-01-15 00:00:00,1.00897
2020-01-16 00:00:00,1.19178
2020-01-17 00:00:00,1.27515
2020-01-20 00:00:00,1.8954
2020-01-21 00:00:00,1.89344
2020-01-22 00:00:00,1.72062
2020-01-23 00:00:00,1.18884
2020-01-24 00:00:00,1.26816
2020-01-29 00:00:00,1.88018
2020-01-30 00:00:00,1.95974
2020-01-31 00:00:00,1.58757
2020-02-03 00:00:00,1.52289
2020-02-04 00:00:00,1.31819
2020-02-05 00:00:00,1.28054
2020-02-06 00:00:00,1.03763
2020-02-07 00:00:00,1.00472
2020-02-10 00:00:00,1.038
2020-02-11 00:00:00,1.01723
2020-02-12 00:00:00,0.97883
2020-02-13 00:00:00,0.96142
2020-02-14 00:00:00,1.05843
2020-02-17 00:00:00,1.30678
2020-02-18 00:00:00,1.13649
2020-02-19 00:00:00,1.14112
2020-02-20 00:00:00,1.07361
2020-02-21 00:00:00,1.05884
2020-02-24 00:00:00,1.04896
2020-02-25 00:00:00,1.12965
2020-02-26 00:00:00,1.02688
2020-02-27 00:00:00,1.03559
2020-02-28 00:00:00,1.32864
2020-03-02 00:00:00,1.13916
2020-03-03 00:00:00,1.01752
2020-03-04 00:00:00,0.80107
2020-03-05 00:00:00,0.62223
2020-03-06 00:00:00,0.62009
2020-03-09 00:00:00,0.61256
2020-03-10 00:00:00,0.62753
2020-03-11 00:00:00,0.58092
2020-03-12 00:00:00,0.52782
2020-03-13 00:00:00,0.58445
2020-03-16 00:00:00,0.98468
2020-03-17 00:00:00,0.85813
2020-03-18 00:00:00,0.96489
2020-03-19 00:00:00,0.88464
2020-03-20 00:00:00,0.52855
2020-03-23 00:00:00,0.75503
2020-03-24 00:00:00,0.96825
2020-03-25 00:00:00,1.48298
2020-03-26 00:00:00,1.38836
2020-03-27 00:00:00,1.49874
2020-03-30 00:00:00,1.41838
2020-03-31 00:00:00,1.59806
2020-04-01 00:00:00,0.65411
2020-04-02 00:00:00,0.79903
2020-04-03 00:00:00,0.89761
2020-04-06 00:00:00,0.74229
2020-04-07 00:00:00,0.72012
2020-04-08 00:00:00,0.7157
2020-04-09 00:00:00,0.73268
2020-04-14 00:00:00,0.86691
2020-04-15 00:00:00,0.78601
2020-04-16 00:00:00,0.77993
2020-04-17 00:00:00,0.76781
2020-04-20 00:00:00,0.86988
2020-04-21 00:00:00,0.78266
2020-04-22 00:00:00,0.86872
2020-04-23 00:00:00,0.84696
2020-04-24 00:00:00,0.74916
2020-04-27 00:00:00,0.69496
2020-04-28 00:00:00,0.62185
2020-04-29 00:00:00,0.60357
2020-05-04 00:00:00,0.47454
2020-05-05 00:00:00,0.1798
2020-05-06 00:00:00,0.1425
2020-05-07 00:00:00,0.11916
2020-05-08 00:00:00,0.19825
2020-05-11 00:00:00,0.22273
2020-05-12 00:00:00,0.26554
2020-05-13 00:00:00,0.2606
2020-05-14 00:00:00,0.18213
2020-05-15 00:00:00,0.08304
2020-05-18 00:00:00,0.06479
2020-05-19 00:00:00,0.06062
2020-05-20 00:00:00,0.0653
2020-05-21 00:00:00,0.0604
2020-05-22 00:00:00,0.20288
2020-05-25 00:00:00,0.25528
2020-05-26 00:00:00,0.17883
2020-05-27 00:00:00,0.18147
2020-05-28 00:00:00,0.17593
2020-05-29 00:00:00,0.18421
2020-06-01 00:00:00,0.09883
2020-06-02 00:00:00,0.07195
2020-06-03 00:00:00,0.0561
2020-06-04 00:00:00,0.05519
2020-06-05 00:00:00,0.14945
2020-06-08 00:00:00,0.14952
2020-06-09 00:00:00,0.13286
2020-06-10 00:00:00,0.08853
2020-06-11 00:00:00,0.0396
2020-06-12 00:00:00,0.08291
2020-06-15 00:00:00,0.08532
2020-06-16 00:00:00,0.08835
2020-06-17 00:00:00,0.07732
2020-06-18 00:00:00,0.03708
2020-06-19 00:00:00,0.03484
2020-06-22 00:00:00,0.10006
2020-06-23 00:00:00,0.09792
2020-06-24 00:00:00,0.0957
2020-06-26 00:00:00,0.05503
2020-06-29 00:00:00,0.04021
2020-06-30 00:00:00,0.11163
2020-07-02 00:00:00,0.06948
2020-07-03 00:00:00,0.06441
2020-07-06 00:00:00,0.09707
2020-07-07 00:00:00,0.09641
2020-07-08 00:00:00,0.09995
2020-07-09 00:00:00,0.09564
2020-07-10 00:00:00,0.05874
2020-07-13 00:00:00,0.05983
2020-07-14 00:00:00,0.04108
2020-07-15 00:00:00,0.03989
2020-07-16 00:00:00,0.02002
2020-07-17 00:00:00,0.01223
2020-07-20 00:00:00,0.00988
2020-07-21 00:00:00,0.01043
2020-07-22 00:00:00,0.01066
2020-07-23 00:00:00,0.01015
2020-07-24 00:00:00,0.00933
2020-07-27 00:00:00,0.00963
2020-07-28 00:00:00,0.0092
2020-07-29 00:00:00,0.00896
2020-07-30 00:00:00,0.00914
2020-07-31 00:00:00,0.03115
2020-08-03 00:00:00,0.04947
2020-08-04 00:00:00,0.04561
2020-08-05 00:00:00,0.04527
2020-08-06 00:00:00,0.03146
2020-08-07 00:00:00,0.01955
2020-08-10 00:00:00,0.01485
2020-08-11 00:00:00,0.01823
2020-08-12 00:00:00,0.01782
2020-08-13 00:00:00,0.01644
2020-08-14 00:00:00,0.01636
2020-08-17 00:00:00,0.01507
2020-08-18 00:00:00,0.01524
2020-08-19 00:00:00,0.01968
2020-08-20 00:00:00,0.01669
2020-08-21 00:00:00,0.01789
2020-08-24 00:00:00,0.02522
2020-08-25 00:00:00,0.02025
2020-08-26 00:00:00,0.01627
2020-08-27 00:00:00,0.01924
2020-08-28 00:00:00,0.2659
2020-08-31 00:00:00,0.29278
2020-09-01 00:00:00,0.25812
2020-09-02 00:00:00,0.19903
2020-09-03 00:00:00,0.19366
2020-09-04 00:00:00,0.18822
2020-09-07 00:00:00,0.14454
2020-09-08 00:00:00,0.03758
2020-09-09 00:00:00,0.01962
2020-09-10 00:00:00,0.01865
2020-09-11 00:00:00,0.01828
2020-09-14 00:00:00,0.0227
2020-09-15 00:00:00,0.01679
2020-09-16 00:00:00,0.02942
2020-09-17 00:00:00,0.04499
2020-09-18 00:00:00,0.06541
2020-09-21 00:00:00,0.07828
2020-09-22 00:00:00,0.07383
2020-09-23 00:00:00,0.05856
2020-09-24 00:00:00,0.02079
2020-09-25 00:00:00,0.01432
2020-09-28 00:00:00,0.02765
2020-09-29 00:00:00,0.08063
2020-09-30 00:00:00,0.09402
2020-10-05 00:00:00,0.08342
2020-10-06 00:00:00,0.05148
2020-10-07 00:00:00,0.02204
2020-10-08 00:00:00,0.01337
2020-10-09 00:00:00,0.01705
2020-10-12 00:00:00,0.01755
2020-10-14 00:00:00,0.05037
2020-10-15 00:00:00,0.02082
2020-10-16 00:00:00,0.03808
2020-10-19 00:00:00,0.01992
2020-10-20 00:00:00,0.03056
2020-10-21 00:00:00,0.02608
2020-10-22 00:00:00,0.02256
2020-10-23 00:00:00,0.022
2020-10-27 00:00:00,0.02081
2020-10-28 00:00:00,0.06467
2020-10-29 00:00:00,0.01613
2020-10-30 00:00:00,0.38985
2020-11-02 00:00:00,0.11051
2020-11-03 00:00:00,0.08757
2020-11-04 00:00:00,0.0388
2020-11-05 00:00:00,0.011
2020-11-06 00:00:00,0.00543
2020-11-09 00:00:00,0.00418
2020-11-10 00:00:00,0.00162
2020-11-11 00:00:00,0.00428
2020-11-12 00:00:00,0.00291
2020-11-13 00:00:00,0.00328
2020-11-16 00:00:00,0.00361
2020-11-17 00:00:00,0.00341
2020-11-18 00:00:00,0.00485
2020-11-19 00:00:00,0.0048
2020-11-20 00:00:00,0.0027
2020-11-23 00:00:00,0.00285
2020-11-24 00:00:00,0.00244
2020-11-25 00:00:00,0.0027
2020-11-26 00:00:00,0.02947
2020-11-27 00:00:00,0.01206
2020-11-30 00:00:00,0.01486
2020-12-01 00:00:00,0.0084
2020-12-02 00:00:00,0.01682
2020-12-03 00:00:00,0.01417
2020-12-04 00:00:00,0.01164
2020-12-07 00:00:00,0.02643
2020-12-08 00:00:00,0.02701
2020-12-09 00:00:00,0.02042
2020-12-10 00:00:00,0.01897
2020-12-11 00:00:00,0.02096
2020-12-14 00:00:00,0.01965
2020-12-15 00:00:00,0.02074
2020-12-16 00:00:00,0.0176
2020-12-17 00:00:00,0.01779
2020-12-18 00:00:00,0.01074
2020-12-21 00:00:00,0.00512
2020-12-22 00:00:00,0.00637
2020-12-23 00:00:00,0.00662
2020-12-24 00:00:00,0.00516
2020-12-28 00:00:00,0.00497
2020-12-29 00:00:00,0.00525
2020-12-30 00:00:00,0.00569
2020-12-31 00:00:00,0.02254
2021-01-04 00:00:00,0.00493
2021-01-05 00:00:00,0.00546
2021-01-06 00:00:00,0.00562
2021-01-07 00:00:00,0.00725
2021-01-08 00:00:00,0.03834
2021-01-11 00:00:00,0.05076
2021-01-12 00:00:00,0.05103
2021-01-13 00:00:00,0.04889
2021-01-14 00:00:00,0.02323
2021-01-15 00:00:00,0.00494
2021-01-18 00:00:00,0.00627
2021-01-19 00:00:00,0.00516
2021-01-20 00:00:00,0.00581
2021-01-21 00:00:00,0.00623
2021-01-22 00:00:00,0.00666
2021-01-25 00:00:00,0.00642
2021-01-26 00:00:00,0.00864
2021-01-27 00:00:00,0.00829
2021-01-28 00:00:00,0.01795
2021-01-29 00:00:00,0.20578
2021-02-01 00:00:00,0.13476
2021-02-02 00:00:00,0.09131
2021-02-03 00:00:00,0.089
2021-02-04 00:00:00,0.00998
2021-02-05 00:00:00,0.00628
2021-02-08 00:00:00,0.00509
2021-02-09 00:00:00,0.00784
2021-02-10 00:00:00,0.07401
2021-02-11 00:00:00,0.09036
2021-02-16 00:00:00,0.08217
2021-02-17 00:00:00,0.02245
2021-02-18 00:00:00,0.0157
2021-02-19 00:00:00,0.00976
2021-02-22 00:00:00,0.00944
2021-02-23 00:00:00,0.00818
2021-02-24 00:00:00,0.00947
2021-02-25 00:00:00,0.00912
2021-02-26 00:00:00,0.01551
2021-03-01 00:00:00,0.01175
2021-03-02 00:00:00,0.00836
2021-03-03 00:00:00,0.00834
2021-03-04 00:00:00,0.00636
2021-03-05 00:00:00,0.00558
2021-03-08 00:00:00,0.00531
2021-03-09 00:00:00,0.00873
2021-03-10 00:00:00,0.00749
2021-03-11 00:00:00,0.00698
2021-03-12 00:00:00,0.00676
2021-03-15 00:00:00,0.00728
2021-03-16 00:00:00,0.00674
2021-03-17 00:00:00,0.00631
2021-03-18 00:00:00,0.00648
2021-03-19 00:00:00,0.00585
2021-03-22 00:00:00,0.00607
2021-03-23 00:00:00,0.00811
2021-03-24 00:00:00,0.00906
2021-03-25 00:00:00,0.00777
2021-03-26 00:00:00,0.00754
2021-03-29 00:00:00,0.00762
2021-03-30 00:00:00,0.00761
2021-03-31 00:00:00,0.00858
2021-04-01 00:00:00,0.00587
2021-04-07 00:00:00,0.00607
2021-04-08 00:00:00,0.00777
2021-04-09 00:00:00,0.00668
2021-04-12 00:00:00,0.00563
2021-04-13 00:00:00,0.00626
2021-04-14 00:00:00,0.00658
2021-04-15 00:00:00,0.00617
2021-04-16 00:00:00,0.00598
2021-04-19 00:00:00,0.00495
2021-04-20 00:00:00,0.00479
2021-04-21 00:00:00,0.005
2021-04-22 00:00:00,0.00593
2021-04-23 00:00:00,0.00581
2021-04-26 00:00:00,0.00553
2021-04-27 00:00:00,0.00578
2021-04-28 00:00:00,0.00627
2021-04-29 00:00:00,0.00545
2021-04-30 00:00:00,0.00588
2021-05-03 00:00:00,0.00498
2021-05-04 00:00:00,0.00506
2021-05-05 00:00:00,0.00528
2021-05-06 00:00:00,0.00525
2021-05-07 00:00:00,0.00613
2021-05-10 00:00:00,0.00939
2021-05-11 00:00:00,0.00974
2021-05-12 00:00:00,0.00745
2021-05-13 00:00:00,0.00711
2021-05-14 00:00:00,0.00837
2021-05-17 00:00:00,0.0074
2021-05-18 00:00:00,0.0082
2021-05-20 00:00:00,0.00805
2021-05-21 00:00:00,0.01173
2021-05-24 00:00:00,0.0151
2021-05-25 00:00:00,0.0178
2021-05-26 00:00:00,0.02238
2021-05-27 00:00:00,0.01045
2021-05-28 00:00:00,0.01013
2021-05-31 00:00:00,0.02098
2021-06-01 00:00:00,0.01166
2021-06-02 00:00:00,0.01013
2021-06-03 00:00:00,0.01123
2021-06-04 00:00:00,0.01142
2021-06-07 00:00:00,0.01152
2021-06-08 00:00:00,0.01146
2021-06-09 00:00:00,0.01232
2021-06-10 00:00:00,0.02529
2021-06-11 00:00:00,0.02721
2021-06-15 00:00:00,0.02043
2021-06-16 00:00:00,0.01651
2021-06-17 00:00:00,0.01132
2021-06-18 00:00:00,0.00741
2021-06-21 00:00:00,0.00606
2021-06-22 00:00:00,0.00731
2021-06-23 00:00:00,0.01127
2021-06-24 00:00:00,0.01073
2021-06-25 00:00:00,0.01027
2021-06-28 00:00:00,0.01721
2021-06-29 00:00:00,0.01599
2021-06-30 00:00:00,0.0144
2021-07-02 00:00:00,0.01381
2021-07-05 00:00:00,0.00929
2021-07-06 00:00:00,0.0067
2021-07-07 00:00:00,0.00552
2021-07-08 00:00:00,0.00799
2021-07-09 00:00:00,0.0092
2021-07-12 00:00:00,0.00947
2021-07-13 00:00:00,0.00941
2021-07-14 00:00:00,0.00867
2021-07-15 00:00:00,0.00823
2021-07-16 00:00:00,0.00696
2021-07-19 00:00:00,0.00467
2021-07-20 00:00:00,0.0048
2021-07-21 00:00:00,0.0043
2021-07-22 00:00:00,0.00423
2021-07-23 00:00:00,0.0053
2021-07-26 00:00:00,0.00692
2021-07-27 00:00:00,0.0202
2021-07-28 00:00:00,0.02877
2021-07-29 00:00:00,0.01906
2021-07-30 00:00:00,0.02077
2021-08-02 00:00:00,0.01816
2021-08-03 00:00:00,0.02721
2021-08-04 00:00:00,0.01752
2021-08-05 00:00:00,0.01041
2021-08-06 00:00:00,0.00695
2021-08-09 00:00:00,0.00482
2021-08-10 00:00:00,0.00482
2021-08-11 00:00:00,0.00453
2021-08-12 00:00:00,0.00526
2021-08-13 00:00:00,0.00644
2021-08-16 00:00:00,0.00877
2021-08-17 00:00:00,0.01295
2021-08-18 00:00:00,0.02385
2021-08-19 00:00:00,0.02321
2021-08-20 00:00:00,0.02021
2021-08-23 00:00:00,0.00855
2021-08-24 00:00:00,0.00724
2021-08-25 00:00:00,0.00786
2021-08-26 00:00:00,0.00526
2021-08-27 00:00:00,0.00307
2021-08-30 00:00:00,0.00634
2021-08-31 00:00:00,0.01008
2021-09-01 00:00:00,0.00642
2021-09-02 00:00:00,0.00763
2021-09-03 00:00:00,0.00425
2021-09-06 00:00:00,0.00596
2021-09-07 00:00:00,0.00537
2021-09-08 00:00:00,0.00615
2021-09-09 00:00:00,0.00643
2021-09-10 00:00:00,0.00601
2021-09-13 00:00:00,0.00582
2021-09-14 00:00:00,0.00517
2021-09-15 00:00:00,0.00481
2021-09-16 00:00:00,0.00441
2021-09-17 00:00:00,0.00356
2021-09-20 00:00:00,0.00423
2021-09-21 00:00:00,0.00384
2021-09-23 00:00:00,0.00391
2021-09-24 00:00:00,0.00395
2021-09-27 00:00:00,0.00489
2021-09-28 00:00:00,0.00466
2021-09-29 00:00:00,0.00516
2021-09-30 00:00:00,0.00702
2021-10-04 00:00:00,0.00368
2021-10-05 00:00:00,0.00208
2021-10-06 00:00:00,0.00251
2021-10-07 00:00:00,0.00195
2021-10-08 00:00:00,0.002
2021-10-11 00:00:00,0.00344
2021-10-12 00:00:00,0.00467
2021-10-15 00:00:00,0.0058
2021-10-18 00:00:00,0.0053
2021-10-19 00:00:00,0.00782
2021-10-20 00:00:00,0.00694
2021-10-21 00:00:00,0.00818
2021-10-22 00:00:00,0.00831
2021-10-25 00:00:00,0.01172
2021-10-26 00:00:00,0.01141
2021-10-27 00:00:00,0.01208
2021-10-28 00:00:00,0.01189
2021-10-29 00:00:00,0.01188
2021-11-01 00:00:00,0.01364
2021-11-02 00:00:00,0.01439
2021-11-03 00:00:00,0.01082
2021-11-04 00:00:00,0.01061
2021-11-05 00:00:00,0.014
2021-11-08 00:00:00,0.01119
2021-11-09 00:00:00,0.01144
2021-11-10 00:00:00,0.01283
2021-11-11 00:00:00,0.012
2021-11-12 00:00:00,0.01944
2021-11-15 00:00:00,0.01953
2021-11-16 00:00:00,0.01725
2021-11-17 00:00:00,0.02077
2021-11-18 00:00:00,0.03042
2021-11-19 00:00:00,0.03021
2021-11-22 00:00:00,0.02745
2021-11-23 00:00:00,0.02947
2021-11-24 00:00:00,0.02068
2021-11-25 00:00:00,0.03551
2021-11-26 00:00:00,0.0378
2021-11-29 00:00:00,0.03886
2021-11-30 00:00:00,0.04406
2021-12-01 00:00:00,0.04878
2021-12-02 00:00:00,0.02966
2021-12-03 00:00:00,0.03138
2021-12-06 00:00:00,0.0322
2021-12-07 00:00:00,0.02967
2021-12-08 00:00:00,0.02066
2021-12-09 00:00:00,0.01966
2021-12-10 00:00:00,0.02007
2021-12-13 00:00:00,0.0157
2021-12-14 00:00:00,0.01616
2021-12-15 00:00:00,0.01705
2021-12-16 00:00:00,0.01445
2021-12-17 00:00:00,0.01552
2021-12-20 00:00:00,0.02134
2021-12-21 00:00:00,0.02347
2021-12-22 00:00:00,0.02187
2021-12-23 00:00:00,0.02124
2021-12-24 00:00:00,0.02202
2021-12-28 00:00:00,0.02997
2021-12-29 00:00:00,0.08065
2021-12-30 00:00:00,0.03967
2021-12-31 00:00:00,0.03152
2022-01-03 00:00:00,0.02601
2022-01-04 00:00:00,0.03121
2022-01-05 00:00:00,0.02537
2022-01-06 00:00:00,0.01758
2022-01-07 00:00:00,0.01335
2022-01-10 00:00:00,0.03361
2022-01-11 00:00:00,0.07929
2022-01-12 00:00:00,0.06826
2022-01-13 00:00:00,0.0594
2022-01-14 00:00:00,0.05704
2022-01-17 00:00:00,0.05935
2022-01-18 00:00:00,0.07249
2022-01-19 00:00:00,0.02962
2022-01-20 00:00:00,0.03356
2022-01-21 00:00:00,0.0225
2022-01-24 00:00:00,0.04886
2022-01-25 00:00:00,0.0586
2022-01-26 00:00:00,0.08414
2022-01-27 00:00:00,0.09346
2022-01-28 00:00:00,0.08066
2022-01-31 00:00:00,0.10355
2022-02-04 00:00:00,0.08828
2022-02-07 00:00:00,0.08282
2022-02-08 00:00:00,0.07156
2022-02-09 00:00:00,0.07286
2022-02-10 00:00:00,0.05858
2022-02-11 00:00:00,0.0345
2022-02-14 00:00:00,0.03366
2022-02-15 00:00:00,0.0342
2022-02-16 00:00:00,0.02721
2022-02-17 00:00:00,0.02264
2022-02-18 00:00:00,0.01626
2022-02-21 00:00:00,0.01239
2022-02-22 00:00:00,0.03346
2022-02-23 00:00:00,0.02193
2022-02-24 00:00:00,0.03075
2022-02-25 00:00:00,0.03507
2022-02-28 00:00:00,0.11225
2022-03-01 00:00:00,0.04376
2022-03-02 00:00:00,0.02871
2022-03-03 00:00:00,0.02176
2022-03-04 00:00:00,0.02443
2022-03-07 00:00:00,0.03165
2022-03-08 00:00:00,0.016
2022-03-09 00:00:00,0.01444
2022-03-10 00:00:00,0.01446
2022-03-11 00:00:00,0.01477
2022-03-14 00:00:00,0.01285
2022-03-15 00:00:00,0.01531
2022-03-16 00:00:00,0.01641
2022-03-17 00:00:00,0.02139
2022-03-18 00:00:00,0.02601
2022-03-21 00:00:00,0.01906
2022-03-22 00:00:00,0.01881
2022-03-23 00:00:00,0.0177
2022-03-24 00:00:00,0.01965
2022-03-25 00:00:00,0.01807
2022-03-28 00:00:00,0.01754
2022-03-29 00:00:00,0.02437
2022-03-30 00:00:00,0.02602
2022-03-31 00:00:00,0.03806
2022-04-01 00:00:00,0.01508
2022-04-04 00:00:00,0.01761
2022-04-06 00:00:00,0.0162
2022-04-07 00:00:00,0.019
2022-04-08 00:00:00,0.01521
2022-04-11 00:00:00,0.02472
2022-04-12 00:00:00,0.02382
2022-04-13 00:00:00,0.02492
2022-04-14 00:00:00,0.03519
2022-04-19 00:00:00,0.02349
2022-04-20 00:00:00,0.02049
2022-04-21 00:00:00,0.01894
2022-04-22 00:00:00,0.02051
2022-04-25 00:00:00,0.01975
2022-04-26 00:00:00,0.02348
2022-04-27 00:00:00,0.01731
2022-04-28 00:00:00,0.01827
2022-04-29 00:00:00,0.02764
2022-05-03 00:00:00,0.02194
2022-05-04 00:00:00,0.01673
2022-05-05 00:00:00,0.01574
2022-05-06 00:00:00,0.01922
2022-05-10 00:00:00,0.02391
2022-05-11 00:00:00,0.02326
2022-05-12 00:00:00,0.02052
2022-05-13 00:00:00,0.01604
2022-05-16 00:00:00,0.0167
2022-05-17 00:00:00,0.01324
2022-05-18 00:00:00,0.01488
2022-05-19 00:00:00,0.01705
2022-05-20 00:00:00,0.01859
2022-05-23 00:00:00,0.01678
2022-05-24 00:00:00,0.0163
2022-05-25 00:00:00,0.01595
2022-05-26 00:00:00,0.01735
2022-05-27 00:00:00,0.02054
2022-05-30 00:00:00,0.02573
2022-05-31 00:00:00,0.06767
2022-06-01 00:00:00,0.02117
2022-06-02 00:00:00,0.01825
2022-06-06 00:00:00,0.0189
2022-06-07 00:00:00,0.01821
2022-06-08 00:00:00,0.02182
2022-06-09 00:00:00,0.01821
2022-06-10 00:00:00,0.02261
2022-06-13 00:00:00,0.03813
2022-06-14 00:00:00,0.09904
2022-06-15 00:00:00,0.08654
2022-06-16 00:00:00,0.07152
2022-06-17 00:00:00,0.08564
2022-06-20 00:00:00,0.0884
2022-06-21 00:00:00,0.18988
2022-06-22 00:00:00,0.21348
2022-06-23 00:00:00,0.21568
2022-06-24 00:00:00,0.16321
2022-06-27 00:00:00,0.19763
2022-06-28 00:00:00,0.36881
2022-06-29 00:00:00,0.55092
2022-06-30 00:00:00,1.13173
2022-07-04 00:00:00,0.72824
2022-07-05 00:00:00,0.65749
2022-07-06 00:00:00,0.62873
2022-07-07 00:00:00,0.15127
2022-07-08 00:00:00,0.11256
2022-07-11 00:00:00,0.12979
2022-07-12 00:00:00,0.14985
2022-07-13 00:00:00,0.1737
2022-07-14 00:00:00,0.07397
2022-07-15 00:00:00,0.06895
2022-07-18 00:00:00,0.08674
2022-07-19 00:00:00,0.08923
2022-07-20 00:00:00,0.08276
2022-07-21 00:00:00,0.17684
2022-07-22 00:00:00,0.24622
2022-07-25 00:00:00,0.50951
2022-07-26 00:00:00,0.78348
2022-07-27 00:00:00,0.84687
2022-07-28 00:00:00,0.99948
2022-07-29 00:00:00,0.85577
2022-08-01 00:00:00,0.84226
2022-08-02 00:00:00,0.8966
2022-08-03 00:00:00,0.93122
2022-08-04 00:00:00,0.98721
2022-08-05 00:00:00,0.947
2022-08-08 00:00:00,0.96947
2022-08-09 00:00:00,1.07909
2022-08-10 00:00:00,1.2931
2022-08-11 00:00:00,1.38372
2022-08-12 00:00:00,1.41862
2022-08-15 00:00:00,1.507
2022-08-16 00:00:00,1.62941
2022-08-17 00:00:00,1.53469
2022-08-18 00:00:00,1.24347
2022-08-19 00:00:00,1.00521
2022-08-22 00:00:00,0.89375
2022-08-23 00:00:00,0.90114
2022-08-24 00:00:00,0.91005
2022-08-25 00:00:00,0.90753
2022-08-26 00:00:00,0.93645
2022-08-29 00:00:00,0.82925
2022-08-30 00:00:00,0.96352
2022-08-31 00:00:00,1.14373
2022-09-01 00:00:00,0.91068
2022-09-02 00:00:00,0.94237
2022-09-05 00:00:00,0.86788
2022-09-06 00:00:00,0.98996
2022-09-07 00:00:00,0.89949
2022-09-08 00:00:00,0.91533
2022-09-09 00:00:00,0.96305
2022-09-13 00:00:00,1.26692
2022-09-14 00:00:00,1.46455
2022-09-15 00:00:00,1.50874
2022-09-16 00:00:00,1.33641
2022-09-19 00:00:00,1.22618
2022-09-20 00:00:00,1.04709
2022-09-21 00:00:00,1.0835
2022-09-22 00:00:00,1.45162
2022-09-23 00:00:00,1.3477
2022-09-26 00:00:00,1.32778
2022-09-27 00:00:00,1.35722
2022-09-28 00:00:00,1.51666
2022-09-29 00:00:00,1.72485
2022-09-30 00:00:00,2.19425
2022-10-03 00:00:00,1.66147
2022-10-05 00:00:00,1.21538
2022-10-06 00:00:00,1.10576
2022-10-07 00:00:00,0.90318
2022-10-10 00:00:00,1.19074
2022-10-11 00:00:00,1.62
2022-10-12 00:00:00,1.63318
2022-10-13 00:00:00,1.62208
2022-10-14 00:00:00,1.64538
2022-10-17 00:00:00,1.63784
2022-10-18 00:00:00,1.69666
2022-10-19 00:00:00,1.77381
2022-10-20 00:00:00,1.84365
2022-10-21 00:00:00,1.89863
2022-10-24 00:00:00,1.73796
2022-10-25 00:00:00,1.74326
2022-10-26 00:00:00,1.80185
2022-10-27 00:00:00,2.00561
2022-10-28 00:00:00,2.41594
2022-10-31 00:00:00,3.1278
2022-11-01 00:00:00,2.10737
2022-11-03 00:00:00,1.79995
2022-11-04 00:00:00,1.60074
2022-11-07 00:00:00,1.54952
2022-11-08 00:00:00,1.30809
2022-11-09 00:00:00,1.40047
2022-11-10 00:00:00,1.22956
2022-11-11 00:00:00,2.28295
2022-11-14 00:00:00,2.56802
2022-11-15 00:00:00,2.81755
2022-11-16 00:00:00,3.36479
2022-11-17 00:00:00,3.93313
2022-11-18 00:00:00,3.17733
2022-11-21 00:00:00,3.02146
2022-11-22 00:00:00,3.0941
2022-11-23 00:00:00,2.5871
2022-11-24 00:00:00,2.78715
2022-11-25 00:00:00,3.48699
2022-11-28 00:00:00,3.40471
2022-11-29 00:00:00,3.48643
2022-11-30 00:00:00,4.21865
2022-12-01 00:00:00,3.89848
2022-12-02 00:00:00,3.7689
2022-12-05 00:00:00,3.88079
2022-12-06 00:00:00,3.72743
2022-12-07 00:00:00,2.56714
2022-12-08 00:00:00,2.21519
2022-12-09 00:00:00,2.10054
2022-12-12 00:00:00,2.04897
2022-12-13 00:00:00,2.84915
2022-12-14 00:00:00,2.31049
2022-12-15 00:00:00,1.96371
2022-12-16 00:00:00,1.74042
2022-12-19 00:00:00,1.71353
2022-12-20 00:00:00,1.4429
2022-12-21 00:00:00,1.22792
2022-12-22 00:00:00,1.17643
2022-12-23 00:00:00,1.39512
2022-12-28 00:00:00,1.38621
2022-12-29 00:00:00,2.26479
2022-12-30 00:00:00,3.27776
2023-01-03 00:00:00,1.86765
2023-01-04 00:00:00,1.69616
2023-01-05 00:00:00,1.65879
2023-01-06 00:00:00,1.92411
2023-01-09 00:00:00,2.03892
2023-01-10 00:00:00,1.72481
2023-01-11 00:00:00,1.18376
2023-01-12 00:00:00,1.06525
2023-01-13 00:00:00,1.10867
2023-01-16 00:00:00,1.72997
2023-01-17 00:00:00,1.43869
2023-01-18 00:00:00,1.2112
2023-01-19 00:00:00,0.9801
2023-01-20 00:00:00,1.4255
2023-01-26 00:00:00,1.27269
2023-01-27 00:00:00,1.28486
2023-01-30 00:00:00,1.21931
2023-01-31 00:00:00,1.36472
2023-02-01 00:00:00,1.10483
2023-02-02 00:00:00,0.9093
2023-02-03 00:00:00,0.91345
2023-02-06 00:00:00,1.15002
2023-02-07 00:00:00,1.12377
2023-02-08 00:00:00,1.08516
2023-02-09 00:00:00,0.8115
2023-02-10 00:00:00,0.7897
2023-02-13 00:00:00,0.74582
2023-02-14 00:00:00,0.70289
2023-02-15 00:00:00,0.69161
2023-02-16 00:00:00,0.78623
2023-02-17 00:00:00,1.25516
2023-02-20 00:00:00,3.28853
2023-02-21 00:00:00,2.70111
2023-02-22 00:00:00,1.9991
2023-02-23 00:00:00,2.23542
2023-02-24 00:00:00,2.29298
2023-02-27 00:00:00,2.41337
2023-02-28 00:00:00,3.68459
2023-03-01 00:00:00,2.1566
2023-03-02 00:00:00,1.88911
2023-03-03 00:00:00,1.97338
2023-03-06 00:00:00,1.91767
2023-03-07 00:00:00,1.91161
2023-03-08 00:00:00,2.02427
2023-03-09 00:00:00,2.04608
2023-03-10 00:00:00,2.20534
2023-03-13 00:00:00,2.26624
2023-03-14 00:00:00,1.88478
2023-03-15 00:00:00,1.4569
2023-03-16 00:00:00,1.35243
2023-03-17 00:00:00,1.42171
2023-03-20 00:00:00,1.49323
2023-03-21 00:00:00,3.47652
2023-03-22 00:00:00,2.42715
2023-03-23 00:00:00,1.87865
2023-03-24 00:00:00,1.31249
2023-03-27 00:00:00,1.28237
2023-03-28 00:00:00,1.26295
2023-03-29 00:00:00,1.33842
2023-03-30 00:00:00,1.25989
2023-03-31 00:00:00,2.18433
2023-04-03 00:00:00,1.14658
2023-04-04 00:00:00,1.17045
2023-04-06 00:00:00,1.19098
2023-04-11 00:00:00,1.26955
2023-04-12 00:00:00,1.39754
2023-04-13 00:00:00,1.76064
2023-04-14 00:00:00,1.82015
2023-04-17 00:00:00,1.56518
2023-04-18 00:00:00,1.65362
2023-04-19 00:00:00,1.95014
2023-04-20 00:00:00,2.159
2023-04-21 00:00:00,2.70138
2023-04-24 00:00:00,3.00939
2023-04-25 00:00:00,3.09156
2023-04-26 00:00:00,3.04326
2023-04-27 00:00:00,3.02648
2023-04-28 00:00:00,3.70979
2023-05-02 00:00:00,3.09381
2023-05-03 00:00:00,3.11474
2023-05-04 00:00:00,3.37088
2023-05-05 00:00:00,3.42869
2023-05-08 00:00:00,3.47519
2023-05-09 00:00:00,3.45903
2023-05-10 00:00:00,4.44181
2023-05-11 00:00:00,4.73715
2023-05-12 00:00:00,4.06042
2023-05-15 00:00:00,3.82608
2023-05-16 00:00:00,4.19134
2023-05-17 00:00:00,4.35422
2023-05-18 00:00:00,4.6343
2023-05-19 00:00:00,4.79872
2023-05-22 00:00:00,4.67953
2023-05-23 00:00:00,3.87149
2023-05-24 00:00:00,2.92082
2023-05-25 00:00:00,3.25335
2023-05-29 00:00:00,4.23572
2023-05-30 00:00:00,3.93977
2023-05-31 00:00:00,3.8443
2023-06-01 00:00:00,3.2742
2023-06-02 00:00:00,2.1261
2023-06-05 00:00:00,1.94089
2023-06-06 00:00:00,1.89557
2023-06-07 00:00:00,2.2362
2023-06-08 00:00:00,2.91251
2023-06-09 00:00:00,3.63479
2023-06-12 00:00:00,3.57997
2023-06-13 00:00:00,3.60848
2023-06-14 00:00:00,3.78579
2023-06-15 00:00:00,4.24722
2023-06-16 00:00:00,4.64265
2023-06-19 00:00:00,5.36711
2023-06-20 00:00:00,5.26476
2023-06-21 00:00:00,5.00776
2023-06-23 00:00:00,4.90367
2023-06-26 00:00:00,4.83223
2023-06-27 00:00:00,4.75209
2023-06-28 00:00:00,5.00819
2023-06-29 00:00:00,5.40834
2023-06-30 00:00:00,5.6245
2023-07-03 00:00:00,4.93101
2023-07-04 00:00:00,5.10362
2023-07-05 00:00:00,5.25662
2023-07-06 00:00:00,5.34455
2023-07-07 00:00:00,5.04219
2023-07-10 00:00:00,4.44602
2023-07-11 00:00:00,4.19788
2023-07-12 00:00:00,3.92374
2023-07-13 00:00:00,3.95829
2023-07-14 00:00:00,4.16995
2023-07-18 00:00:00,4.91498
2023-07-19 00:00:00,4.87571
2023-07-20 00:00:00,4.80007
2023-07-21 00:00:00,4.61826
2023-07-24 00:00:00,4.46174
2023-07-25 00:00:00,4.05184
2023-07-26 00:00:00,4.10057
2023-07-27 00:00:00,5.08964
2023-07-28 00:00:00,5.15623
2023-07-31 00:00:00,5.50148
2023-08-01 00:00:00,5.29906
2023-08-02 00:00:00,5.31207
2023-08-03 00:00:00,4.71438
2023-08-04 00:00:00,4.26939
2023-08-07 00:00:00,4.08495
2023-08-08 00:00:00,3.97839
2023-08-09 00:00:00,3.41019
2023-08-10 00:00:00,3.18382
2023-08-11 00:00:00,3.42033
2023-08-14 00:00:00,3.61118
2023-08-15 00:00:00,3.36924
2023-08-16 00:00:00,3.26012
2023-08-17 00:00:00,3.15726
2023-08-18 00:00:00,3.14265
2023-08-21 00:00:00,3.11957
2023-08-22 00:00:00,2.73573
2023-08-23 00:00:00,2.67516
2023-08-24 00:00:00,2.4007
2023-08-25 00:00:00,2.34314
2023-08-28 00:00:00,1.89794
2023-08-29 00:00:00,1.75636
2023-08-30 00:00:00,1.68562
2023-08-31 00:00:00,2.25353
2023-09-04 00:00:00,4.14182
2023-09-05 00:00:00,3.62152
2023-09-06 00:00:00,2.60728
2023-09-07 00:00:00,2.69064
2023-09-11 00:00:00,3.4764
2023-09-12 00:00:00,3.99519
2023-09-13 00:00:00,4.36468
2023-09-14 00:00:00,4.21507
2023-09-15 00:00:00,4.2851
2023-09-18 00:00:00,4.35942
2023-09-19 00:00:00,4.74582
2023-09-20 00:00:00,4.72873
2023-09-21 00:00:00,4.73636
2023-09-22 00:00:00,4.89457
2023-09-25 00:00:00,5.63095
2023-09-26 00:00:00,5.67097
2023-09-27 00:00:00,5.65942
2023-09-28 00:00:00,5.69037
2023-09-29 00:00:00,5.44609
2023-10-03 00:00:00,4.5304
2023-10-04 00:00:00,4.51801
2023-10-05 00:00:00,4.53649
2023-10-06 00:00:00,4.27053
2023-10-09 00:00:00,5.28461
2023-10-10 00:00:00,4.81038
2023-10-11 00:00:00,4.74695
2023-10-12 00:00:00,4.55073
2023-10-13 00:00:00,4.55807
2023-10-16 00:00:00,4.52482
2023-10-17 00:00:00,4.4023
2023-10-18 00:00:00,3.53619
2023-10-19 00:00:00,3.26
2023-10-20 00:00:00,4.36636
2023-10-24 00:00:00,4.27783
2023-10-25 00:00:00,4.06935
2023-10-26 00:00:00,4.11283
2023-10-27 00:00:00,4.20746
2023-10-30 00:00:00,4.26959
2023-10-31 00:00:00,4.47759
2023-11-01 00:00:00,4.25242
2023-11-02 00:00:00,4.26567
2023-11-03 00:00:00,4.26375
2023-11-06 00:00:00,4.21697
2023-11-07 00:00:00,4.2451
2023-11-08 00:00:00,4.24984
2023-11-09 00:00:00,4.31377
2023-11-10 00:00:00,4.35103
2023-11-13 00:00:00,4.34513
2023-11-14 00:00:00,4.21645
2023-11-15 00:00:00,4.15462
2023-11-16 00:00:00,4.19902
2023-11-17 00:00:00,4.64495
2023-11-20 00:00:00,4.81832
2023-11-21 00:00:00,4.71324
2023-11-22 00:00:00,4.43544
2023-11-23 00:00:00,5.12534
2023-11-24 00:00:00,4.97202
2023-11-27 00:00:00,4.958
2023-11-28 00:00:00,4.7972
2023-11-29 00:00:00,4.41839
2023-11-30 00:00:00,4.20425
2023-12-01 00:00:00,3.89405
2023-12-04 00:00:00,3.70372
2023-12-05 00:00:00,3.57437
2023-12-06 00:00:00,3.55684
2023-12-07 00:00:00,4.46173
2023-12-08 00:00:00,4.40573
2023-12-11 00:00:00,3.75883
2023-12-12 00:00:00,3.56941
2023-12-13 00:00:00,3.28566
2023-12-14 00:00:00,3.11406
2023-12-15 00:00:00,3.48566
2023-12-18 00:00:00,4.2035
2023-12-19 00:00:00,4.8211
2023-12-20 00:00:00,4.69437
2023-12-21 00:00:00,4.69873
2023-12-22 00:00:00,4.64306
2023-12-27 00:00:00,3.96772
2023-12-28 00:00:00,4.03223
2023-12-29 00:00:00,6.07219
2024-01-02 00:00:00,4.25556
2024-01-03 00:00:00,4.49133
2024-01-04 00:00:00,4.78477
2024-01-05 00:00:00,4.6919
2024-01-08 00:00:00,4.61231
2024-01-09 00:00:00,4.44121
2024-01-10 00:00:00,3.79398
2024-01-11 00:00:00,3.69846
2024-01-12 00:00:00,3.69713
2024-01-15 00:00:00,5.00406
2024-01-16 00:00:00,3.95414
2024-01-17 00:00:00,3.91393
2024-01-18 00:00:00,3.92853
2024-01-19 00:00:00,3.88891
2024-01-22 00:00:00,3.86742
2024-01-23 00:00:00,3.59432
2024-01-24 00:00:00,2.89045
2024-01-25 00:00:00,3.03493
2024-01-26 00:00:00,3.21026
2024-01-29 00:00:00,3.96816
2024-01-30 00:00:00,4.346
2024-01-31 00:00:00,5.04535
2024-02-01 00:00:00,3.96288
2024-02-02 00:00:00,3.91208
2024-02-05 00:00:00,3.8872
2024-02-06 00:00:00,3.87932
2024-02-07 00:00:00,4.03412
2024-02-08 00:00:00,4.47996
2024-02-09 00:00:00,4.90673
2024-02-14 00:00:00,3.9734
2024-02-15 00:00:00,3.98744
2024-02-16 00:00:00,3.96768
2024-02-19 00:00:00,4.71503
2024-02-20 00:00:00,3.88348
2024-02-21 00:00:00,3.85285
2024-02-22 00:00:00,3.78669
2024-02-23 00:00:00,3.70807
2024-02-26 00:00:00,3.55371
2024-02-27 00:00:00,3.73024
2024-02-28 00:00:00,3.88657
2024-02-29 00:00:00,4.7696
2024-03-01 00:00:00,3.85917
2024-03-04 00:00:00,3.69807
2024-03-05 00:00:00,3.57162
2024-03-06 00:00:00,3.57991
2024-03-07 00:00:00,3.69774
2024-03-08 00:00:00,3.82824
2024-03-11 00:00:00,3.64236
2024-03-12 00:00:00,3.61441
2024-03-13 00:00:00,3.60317
2024-03-14 00:00:00,3.69178
2024-03-15 00:00:00,3.81044
2024-03-18 00:00:00,3.89659
2024-03-19 00:00:00,3.95237
2024-03-20 00:00:00,4.09563
2024-03-21 00:00:00,4.30131
2024-03-22 00:00:00,4.50912
2024-03-25 00:00:00,4.7125
2024-03-26 00:00:00,4.2938
2024-03-27 00:00:00,3.99392
2024-03-28 00:00:00,4.9707
2024-04-02 00:00:00,3.77814
2024-04-03 00:00:00,3.81509
2024-04-05 00:00:00,3.84944
2024-04-08 00:00:00,3.83467
2024-04-09 00:00:00,3.82073
2024-04-10 00:00:00,3.76718
2024-04-11 00:00:00,3.78668
2024-04-12 00:00:00,3.72933
2024-04-15 00:00:00,3.78904
2024-04-16 00:00:00,3.8177
2024-04-17 00:00:00,3.70247
2024-04-18 00:00:00,3.30145
2024-04-19 00:00:00,2.85281
2024-04-22 00:00:00,2.70239
2024-04-23 00:00:00,2.58337
2024-04-24 00:00:00,2.60288
2024-04-25 00:00:00,3.09686
2024-04-26 00:00:00,3.81678
2024-04-29 00:00:00,4.62264
2024-04-30 00:00:00,5.25903
2024-05-02 00:00:00,4.27081
2024-05-03 00:00:00,4.27312
2024-05-06 00:00:00,3.83595
2024-05-07 00:00:00,3.3709
2024-05-08 00:00:00,3.52629
2024-05-09 00:00:00,3.63893
2024-05-10 00:00:00,3.623
2024-05-13 00:00:00,3.53139
2024-05-14 00:00:00,3.53509
2024-05-16 00:00:00,3.48259
2024-05-17 00:00:00,3.59808
2024-05-20 00:00:00,3.73329
2024-05-21 00:00:00,4.00869
2024-05-22 00:00:00,3.94484
2024-05-23 00:00:00,3.81993
2024-05-24 00:00:00,3.84981
2024-05-27 00:00:00,4.33825
2024-05-28 00:00:00,4.13677
2024-05-29 00:00:00,3.78521
2024-05-30 00:00:00,3.80173
2024-05-31 00:00:00,4.26647
2024-06-03 00:00:00,3.6131
2024-06-04 00:00:00,3.54006
2024-06-05 00:00:00,3.63279
2024-06-06 00:00:00,3.62727
2024-06-07 00:00:00,3.8042
2024-06-11 00:00:00,3.70776
2024-06-12 00:00:00,3.85667
2024-06-13 00:00:00,3.85434
2024-06-14 00:00:00,3.84297
2024-06-17 00:00:00,3.82892
2024-06-18 00:00:00,3.63066
2024-06-19 00:00:00,4.21779
2024-06-20 00:00:00,4.05046
2024-06-21 00:00:00,4.1749
2024-06-24 00:00:00,4.28209
2024-06-25 00:00:00,4.30271
2024-06-26 00:00:00,4.13404
2024-06-27 00:00:00,4.16661
2024-06-28 00:00:00,5.04781
2024-07-02 00:00:00,4.20023
2024-07-03 00:00:00,4.08134
2024-07-04 00:00:00,5.17889
2024-07-05 00:00:00,4.44886
2024-07-08 00:00:00,4.37746
2024-07-09 00:00:00,4.35283
2024-07-10 00:00:00,4.32162
2024-07-11 00:00:00,4.30397
2024-07-12 00:00:00,4.32612
2024-07-15 00:00:00,4.36834
2024-07-16 00:00:00,4.41368
2024-07-17 00:00:00,4.46328
2024-07-18 00:00:00,4.47645
2024-07-19 00:00:00,4.46452
2024-07-22 00:00:00,4.4304
2024-07-23 00:00:00,4.40315
2024-07-24 00:00:00,4.38778
2024-07-25 00:00:00,4.42146
2024-07-26 00:00:00,4.3532
2024-07-29 00:00:00,4.32714
2024-07-30 00:00:00,4.34972
2024-07-31 00:00:00,4.88698
2024-08-01 00:00:00,4.12079
2024-08-02 00:00:00,3.87589
2024-08-05 00:00:00,3.71753
2024-08-06 00:00:00,3.83139
2024-08-07 00:00:00,3.71629
2024-08-08 00:00:00,3.6021
2024-08-09 00:00:00,3.59256
2024-08-12 00:00:00,3.58047
2024-08-13 00:00:00,3.6701
2024-08-14 00:00:00,3.59761
2024-08-15 00:00:00,3.49795
2024-08-16 00:00:00,3.51512
2024-08-19 00:00:00,3.49297
2024-08-20 00:00:00,3.40063
2024-08-21 00:00:00,3.32899
2024-08-22 00:00:00,3.25152
2024-08-23 00:00:00,3.23319
2024-08-26 00:00:00,3.11598
2024-08-27 00:00:00,2.99166
2024-08-28 00:00:00,2.92923
2024-08-29 00:00:00,3.0281
2024-08-30 00:00:00,3.12791
2024-09-02 00:00:00,4.41678
2024-09-03 00:00:00,3.25897
2024-09-04 00:00:00,3.28342
2024-09-05 00:00:00,3.41488
2024-09-09 00:00:00,3.3054
2024-09-10 00:00:00,3.12613
2024-09-11 00:00:00,2.83561
2024-09-12 00:00:00,2.66013
2024-09-13 00:00:00,2.57509
2024-09-16 00:00:00,2.40731
2024-09-17 00:00:00,2.59236
2024-09-19 00:00:00,2.98132
2024-09-20 00:00:00,3.37538
2024-09-23 00:00:00,3.71121
2024-09-24 00:00:00,4.11
2024-09-25 00:00:00,4.11429
2024-09-26 00:00:00,4.45006
2024-09-27 00:00:00,5.25979
2024-09-30 00:00:00,5.99857
2024-10-02 00:00:00,5.10829
2024-10-03 00:00:00,5.21844
2024-10-04 00:00:00,5.29334
2024-10-07 00:00:00,5.32027
2024-10-08 00:00:00,5.14156
2024-10-09 00:00:00,4.36944
2024-10-10 00:00:00,4.42166
2024-10-14 00:00:00,5.02913
2024-10-15 00:00:00,4.62648
2024-10-16 00:00:00,4.36023
2024-10-17 00:00:00,4.23273
2024-10-18 00:00:00,4.13056
2024-10-21 00:00:00,4.10462
2024-10-22 00:00:00,3.82551
2024-10-23 00:00:00,3.65561
2024-10-24 00:00:00,3.69157
2024-10-25 00:00:00,3.7497
2024-10-28 00:00:00,3.68139
2024-10-29 00:00:00,3.78548
2024-10-30 00:00:00,3.86491
2024-10-31 00:00:00,4.61127
2024-11-01 00:00:00,3.78284
2024-11-04 00:00:00,3.55762
2024-11-05 00:00:00,3.60193
2024-11-06 00:00:00,3.61075
2024-11-07 00:00:00,3.69699
2024-11-08 00:00:00,3.66641
2024-11-11 00:00:00,4.38178
2024-11-12 00:00:00,3.74786
2024-11-13 00:00:00,3.72403
2024-11-14 00:00:00,3.79178
2024-11-15 00:00:00,3.79089
2024-11-18 00:00:00,3.70309
2024-11-19 00:00:00,3.6511
2024-11-20 00:00:00,3.64331
2024-11-21 00:00:00,3.61042
2024-11-22 00:00:00,3.53564
2024-11-25 00:00:00,3.67122
2024-11-26 00:00:00,3.6479
2024-11-27 00:00:00,3.63996
2024-11-28 00:00:00,4.22128
2024-11-29 00:00:00,4.36175
2024-12-02 00:00:00,3.73537
2024-12-03 00:00:00,3.58966
2024-12-04 00:00:00,3.60266
2024-12-05 00:00:00,3.51517
2024-12-06 00:00:00,3.57647
2024-12-09 00:00:00,3.63184
2024-12-10 00:00:00,3.78809
2024-12-11 00:00:00,3.93005
2024-12-12 00:00:00,3.84965
2024-12-13 00:00:00,3.83078
2024-12-16 00:00:00,3.79025
2024-12-17 00:00:00,3.84509
2024-12-18 00:00:00,4.2505
2024-12-19 00:00:00,4.25775
2024-12-20 00:00:00,4.07806
2024-12-23 00:00:00,3.98731
2024-12-24 00:00:00,4.42118
2024-12-27 00:00:00,5.04674
2024-12-30 00:00:00,6.05376
2024-12-31 00:00:00,5.18826
2025-01-02 00:00:00,3.9948
2025-01-03 00:00:00,3.94895
2025-01-06 00:00:00,3.89783
2025-01-07 00:00:00,4.03623
2025-01-08 00:00:00,3.97293
2025-01-09 00:00:00,3.85141
2025-01-10 00:00:00,3.76681
2025-01-13 00:00:00,3.5372
2025-01-14 00:00:00,3.28261
2025-01-15 00:00:00,2.96496
2025-01-16 00:00:00,2.63917
2025-01-17 00:00:00,2.44337
2025-01-20 00:00:00,3.56965
2025-01-21 00:00:00,2.92561
2025-01-22 00:00:00,2.70752
2025-01-23 00:00:00,2.65437
2025-01-24 00:00:00,3.15954
2025-01-27 00:00:00,3.96901
2025-01-28 00:00:00,4.26327
2025-02-03 00:00:00,3.62349
2025-02-04 00:00:00,3.87323
2025-02-05 00:00:00,3.86536
2025-02-06 00:00:00,4.05626
2025-02-07 00:00:00,3.96025
2025-02-10 00:00:00,3.47519
2025-02-11 00:00:00,2.94719
2025-02-12 00:00:00,2.61265
2025-02-13 00:00:00,2.94231
2025-02-14 00:00:00,2.7591
2025-02-17 00:00:00,4.1331
2025-02-18 00:00:00,4.0664
2025-02-19 00:00:00,4.09672
2025-02-20 00:00:00,3.90946
2025-02-21 00:00:00,3.59816
2025-02-24 00:00:00,3.27233
2025-02-25 00:00:00,2.92916
2025-02-26 00:00:00,3.46269
2025-02-27 00:00:00,3.20522
2025-02-28 00:00:00,3.8024
2025-03-03 00:00:00,2.96455
2025-03-04 00:00:00,3.0044
2025-03-05 00:00:00,2.8594
2025-03-06 00:00:00,2.71691
2025-03-07 00:00:00,2.62926
2025-03-10 00:00:00,2.96002
2025-03-11 00:00:00,3.75321
2025-03-12 00:00:00,3.29865
2025-03-13 00:00:00,2.70074
2025-03-14 00:00:00,2.56655
2025-03-17 00:00:00,2.5717
2025-03-18 00:00:00,2.59576
2025-03-19 00:00:00,2.62249
2025-03-20 00:00:00,2.77632
2025-03-21 00:00:00,2.92372
2025-03-24 00:00:00,2.74097
2025-03-25 00:00:00,2.65408
2025-03-26 00:00:00,2.6096
2025-03-27 00:00:00,2.66796
2025-03-28 00:00:00,2.91768
2025-03-31 00:00:00,3.71871
2025-04-01 00:00:00,2.79298
2025-04-02 00:00:00,2.78965
2025-04-03 00:00:00,2.85561
2025-04-07 00:00:00,2.96876
2025-04-08 00:00:00,2.97447
2025-04-09 00:00:00,3.00779
2025-04-10 00:00:00,3.07472
2025-04-11 00:00:00,3.08044
2025-04-14 00:00:00,3.10703
2025-04-15 00:00:00,3.00185
2025-04-16 00:00:00,3.02946
2025-04-17 00:00:00,3.23136
2025-04-22 00:00:00,3.25948
2025-04-23 00:00:00,3.481
2025-04-24 00:00:00,3.72658
2025-04-25 00:00:00,3.96255
2025-04-28 00:00:00,4.17578
2025-04-29 00:00:00,4.17179
2025-04-30 00:00:00,4.40262
2025-05-02 00:00:00,4.21215
2025-05-06 00:00:00,3.33045
2025-05-07 00:00:00,2.2991
2025-05-08 00:00:00,0.4206
2025-05-09 00:00:00,0.02183
2025-05-12 00:00:00,0.02163
2025-05-13 00:00:00,0.01792
2025-05-14 00:00:00,0.01698
2025-05-15 00:00:00,0.023
2025-05-16 00:00:00,0.03695
2025-05-19 00:00:00,0.0185
2025-05-20 00:00:00,0.01396
2025-05-21 00:00:00,0.01359
2025-05-22 00:00:00,0.01456
2025-05-23 00:00:00,0.01635
2025-05-26 00:00:00,0.00985
2025-05-27 00:00:00,0.01216
2025-05-28 00:00:00,0.01313
2025-05-29 00:00:00,0.01288
2025-05-30 00:00:00,0.02008
2025-06-02 00:00:00,0.01216
2025-06-03 00:00:00,0.01185
2025-06-04 00:00:00,0.00879
2025-06-05 00:00:00,0.00837
2025-06-06 00:00:00,0.00887
2025-06-09 00:00:00,0.00935
2025-06-10 00:00:00,0.00983
2025-06-11 00:00:00,0.01049
2025-06-12 00:00:00,0.0096
2025-06-13 00:00:00,0.00868
2025-06-16 00:00:00,0.01122
2025-06-17 00:00:00,0.01486
2025-06-18 00:00:00,0.00892
2025-06-19 00:00:00,0.00892
2025-06-20 00:00:00,0.00684
2025-06-23 00:00:00,0.0101
2025-06-24 00:00:00,0.01172
2025-06-25 00:00:00,0.0141
2025-06-26 00:00:00,0.03164
2025-06-27 00:00:00,0.01692
2025-06-30 00:00:00,0.01327
