Date,rate_pct
2014-06-17,0.052735489048783
2014-06-18,0.05278592656616787
2014-06-19,0.05286706522065199
2014-06-20,0.052980823889003936
2014-06-23,0.053206696742935655
2014-06-24,0.05340515826846026
2014-06-25,0.05365159103976058
2014-06-26,0.054029875822569906
2014-06-27,0.05422587195242912
2014-06-30,0.05436485129473034
2014-07-01,0.054479434015397565
2014-07-02,0.054563315243782995
2014-07-03,0.05461622077052031
2014-07-04,0.05457044242191955
2014-07-07,0.054508216799509235
2014-07-08,0.054450103044367815
2014-07-09,0.05427082790741
2014-07-10,0.05416529139254944
2014-07-11,0.054169677324233945
2014-07-14,0.05415871249720983
2014-07-15,0.054137605211068696
2014-07-16,0.05416803259181702
2014-07-17,0.05421490719215161
2014-07-18,0.054326200194165786
2014-07-21,0.05453206499539398
2014-07-22,0.05477329218444016
2014-07-23,0.0548144105593007
2014-07-24,0.05479823732892353
2014-07-25,0.05472477259043096
2014-07-29,0.05467296354417783
2014-07-30,0.05454604519705697
2014-07-31,0.05441446697342922
2014-08-01,0.05452603436904013
2014-08-04,0.05462636290856082
2014-08-05,0.05469379694884591
2014-08-06,0.054674334276749725
2014-08-07,0.05469708640952753
2014-08-08,0.054730529321389554
2014-08-11,0.05479138446227161
2014-08-12,0.05477438887930841
2014-08-13,0.054758763915208064
2014-08-14,0.054726143381711445
2014-08-15,0.05474478368858726
2014-08-18,0.05483634053038422
2014-08-19,0.05490925710498473
2014-08-20,0.055035901864219916
2014-08-21,0.055206406479291203
2014-08-22,0.05539801886365048
2014-08-25,0.05574917185917627
2014-08-26,0.05591063158381093
2014-08-27,0.05618859498248696
2014-08-28,0.056384046999813364
2014-08-29,0.056794963043804714
2014-09-01,0.05704332261284861
2014-09-02,0.057297987659588046
2014-09-03,0.05752222527348749
2014-09-04,0.05751674268603679
2014-09-05,0.05777305409850886
2014-09-08,0.057876127222367124
2014-09-09,0.05800414641190521
2014-09-10,0.05808199969199457
2014-09-11,0.058180687054631974
2014-09-12,0.058227837717583775
2014-09-15,0.05842795406705292
2014-09-16,0.05861902443302647
2014-09-17,0.05884819960380039
2014-09-18,0.05896854428251164
2014-09-19,0.05902529000398893
2014-09-22,0.05905955673559671
2014-09-23,0.05908971148009812
2014-09-24,0.05915358474850585
2014-09-25,0.05930819658335196
2014-09-26,0.05946280864057574
2014-09-29,0.059664297892148
2014-09-30,0.05970980442313589
2014-10-01,0.05981589502306317
2014-10-02,0.059947754554889876
2014-10-03,0.0600722125916997
2014-10-07,0.06020023453892076
2014-10-08,0.06023395342098503
2014-10-09,0.06024491891178929
2014-10-10,0.06016624156832684
2014-10-13,0.06004589556456441
2014-10-14,0.060010257818610135
2014-10-15,0.0599916165464176
2014-10-16,0.060085645327689896
2014-10-17,0.06017199846826138
2014-10-20,0.06027123612255547
2014-10-21,0.06034525324181139
2014-10-23,0.0604850634936982
2014-10-24,0.060563741131325344
2014-10-27,0.06074220518696993
2014-10-28,0.06085323140849752
2014-10-29,0.06098783369132832
2014-10-30,0.06109118419237447
2014-10-31,0.06110324632848663
2014-11-03,0.06114793102647287
2014-11-04,0.061494443236420615
2014-11-05,0.061564897232435634
2014-11-06,0.0618184774284769
2014-11-07,0.06229383886724449
2014-11-10,0.06250794441708951
2014-11-11,0.06257648023839657
2014-11-12,0.06273795084326128
2014-11-13,0.06284267393978915
2014-11-14,0.06290051842507971
2014-11-17,0.06299427588016826
2014-11-18,0.06318508082188146
2014-11-19,0.06337917589072095
2014-11-20,0.06364043713478207
2014-11-21,0.0638772999194348
2014-11-24,0.06414952829161269
2014-11-25,0.06441079141987771
2014-11-26,0.06475676726240831
2014-11-27,0.06494127007741213
2014-11-28,0.0651753944132194
2014-12-01,0.06560964935136138
2014-12-02,0.0657382266124662
2014-12-03,0.06580100747397566
2014-12-04,0.06594082520638977
2014-12-05,0.06609298006570175
2014-12-08,0.06628077509145403
2014-12-09,0.06661551687963119
2014-12-10,0.06692969822543748
2014-12-11,0.06708103205386173
2014-12-12,0.0670843219249706
2014-12-15,0.06707554893716772
2014-12-16,0.06711831725656481
2014-12-17,0.06726170095952
2014-12-18,0.06743661292973879
2014-12-19,0.06789664852573374
2014-12-22,0.06871281827287579
2014-12-23,0.06923482003842185
2014-12-24,0.06958108658678963
2014-12-26,0.06962275935857853
2014-12-29,0.06986073288575145
2014-12-30,0.07042989696259827
2014-12-31,0.07102291646734482
2015-01-02,0.07158495853043512
2015-01-05,0.07195700511140046
2015-01-06,0.07266545888682252
2015-01-07,0.07298157821884477
2015-01-08,0.07315403255869768
2015-01-09,0.07325136386995279
2015-01-12,0.07340928735075636
2015-01-13,0.07365330160897798
2015-01-14,0.07381341922509943
2015-01-15,0.07396476360133075
2015-01-16,0.07416299214617617
2015-01-19,0.07420932781416756
2015-01-20,0.0742071344097539
2015-01-21,0.07426142116577772
2015-01-22,0.0742564860036321
2015-01-23,0.07436341458346707
2015-01-26,0.07447006907945752
2015-01-27,0.07459783521945873
2015-01-28,0.07486981848519036
2015-01-29,0.07574499304907611
2015-01-30,0.07640878248540428
2015-02-02,0.07726861533547957
2015-02-03,0.077798612628599
2015-02-04,0.078036605436127
2015-02-05,0.07827240547171321
2015-02-06,0.07880679550322789
2015-02-09,0.0791829815664391
2015-02-10,0.07988188983856226
2015-02-11,0.08059999665916973
2015-02-12,0.08119362481193715
2015-02-13,0.08180754694615544
2015-02-16,0.08227779378253697
2015-02-17,0.08272034912497617
2015-02-18,0.0834532833255075
2015-02-23,0.08471159165248654
2015-02-24,0.08590876844358775
2015-02-25,0.08698777570281813
2015-02-26,0.08768180305094297
2015-02-27,0.08833497726177253
2015-03-02,0.08921712512719449
2015-03-03,0.09030165247727595
2015-03-04,0.09120027078455273
2015-03-05,0.09184359616223325
2015-03-06,0.09209451115992362
2015-03-09,0.0924446960980152
2015-03-10,0.09294406117987819
2015-03-11,0.09334086775321104
2015-03-12,0.09377771319150074
2015-03-13,0.09403960222131857
2015-03-16,0.0941742490790265
2015-03-17,0.09443449376980162
2015-03-18,0.0947874289483508
2015-03-19,0.09555335801527676
2015-03-20,0.0963480866269073
2015-03-23,0.09760106845242422
2015-03-24,0.09890535093690644
2015-03-25,0.09918946664120298
2015-03-26,0.09918480450288314
2015-03-27,0.09936690210543553
2015-03-30,0.09933646108868377
2015-03-31,0.09957258543722425
2015-04-01,0.10020663957686082
2015-04-02,0.1006207519630209
2015-04-06,0.10123424489418831
2015-04-07,0.1023806087934176
2015-04-08,0.10364162350300354
2015-04-09,0.10462346116977272
2015-04-10,0.10542457176925257
2015-04-13,0.1059393598112468
2015-04-14,0.10637324302258389
2015-04-15,0.10664010166892002
2015-04-16,0.10687898607351087
2015-04-17,0.10693877588756617
2015-04-20,0.10702242680697971
2015-04-21,0.10721770393329333
2015-04-22,0.1076979440872261
2015-04-23,0.10821795523208166
2015-04-24,0.10868448639089756
2015-04-27,0.10924811086143738
2015-04-28,0.10937509810042823
2015-04-29,0.10931366177278079
2015-04-30,0.10981667539118334
2015-05-04,0.11033477744422093
2015-05-05,0.11145491353807824
2015-05-06,0.11252541723436593
2015-05-07,0.1139212290813818
2015-05-08,0.11524410318162204
2015-05-11,0.1157893878219518
2015-05-12,0.11598715056184705
2015-05-13,0.1160754719605972
2015-05-14,0.11612511853977825
2015-05-15,0.1161377359033322
2015-05-18,0.116200548413814
2015-05-19,0.1162858528246602
2015-05-20,0.11628694998713218
2015-05-21,0.11627378404479582
2015-05-22,0.116402700642948
2015-05-25,0.11668000907223419
2015-05-26,0.11706785801395281
2015-05-27,0.11758270624815381
2015-05-28,0.11831946106550806
2015-05-29,0.11887436314859112
2015-06-02,0.11985415573749769
2015-06-03,0.12069132155103635
2015-06-04,0.121531237291439
2015-06-05,0.1219868581969763
2015-06-08,0.12217996993071356
2015-06-09,0.12221014367368443
2015-06-10,0.1221467788257602
2015-06-11,0.12203787913016573
2015-06-12,0.12215061920650694
2015-06-15,0.12223839745539866
2015-06-16,0.12238515188192078
2015-06-17,0.12236265867662244
2015-06-18,0.12244577385149835
2015-06-19,0.12261557042676507
2015-06-22,0.12298643519133012
2015-06-23,0.12381814093693766
2015-06-24,0.12442875841927048
2015-06-25,0.12501277140413158
2015-06-26,0.12538583953694005
2015-06-29,0.12622853742569884
2015-06-30,0.12883949740094547
2015-07-01,0.13150511635391382
2015-07-02,0.13299721149115928
2015-07-03,0.13429811583656193
2015-07-06,0.1348986465050217
2015-07-07,0.13545062227964255
2015-07-08,0.1357482847795799
2015-07-09,0.13574993084424225
2015-07-10,0.13568738038911565
2015-07-13,0.13567613228706588
2015-07-14,0.13569561070096992
2015-07-15,0.13589094358470444
2015-07-16,0.1363565062956651
2015-07-20,0.13704593713164126
2015-07-21,0.13777131309529178
2015-07-22,0.13828187822277904
2015-07-23,0.13861548948126412
2015-07-24,0.1389287995663846
2015-07-27,0.13939821749626713
2015-07-28,0.1400799879294201
2015-07-29,0.14064132065338963
2015-07-30,0.14117906164319294
2015-07-31,0.1417393028797509
2015-08-03,0.14224440072410083
2015-08-04,0.14253824234466972
2015-08-05,0.14288832913120775
2015-08-06,0.14327216413425603
2015-08-11,0.14349439970620104
2015-08-12,0.1438258332980169
2015-08-13,0.14405081381589913
2015-08-14,0.14429637228510206
2015-08-17,0.14430542640522237
2015-08-18,0.1441419037649494
2015-08-19,0.1443817003995429
2015-08-20,0.14459268911188872
2015-08-21,0.14474578659298132
2015-08-24,0.14540893607455363
2015-08-25,0.14709604124516495
2015-08-26,0.15032873035254468
2015-08-27,0.15221786302257456
2015-08-28,0.15281959820447888
2015-08-31,0.15313158039127472
2015-09-01,0.1543361603240534
2015-09-02,0.15477162525749932
2015-09-03,0.1550207769224654
2015-09-04,0.15504876539738088
2015-09-07,0.15507922346935654
2015-09-08,0.15515385947437732
2015-09-09,0.155566552876385
2015-09-10,0.1556540859060096
2015-09-14,0.15627120801189331
2015-09-15,0.1565686576489922
2015-09-16,0.15657990805362232
2015-09-17,0.15654505925524198
2015-09-18,0.15696845988224517
2015-09-21,0.1572952728345678
2015-09-22,0.15756802966311323
2015-09-23,0.15795521366854803
2015-09-25,0.15819696457641808
2015-09-28,0.1586187262523131
2015-09-29,0.15910552428002323
2015-09-30,0.15930721432908523
2015-10-01,0.15975093312294852
2015-10-02,0.1600783042420728
2015-10-05,0.1608101577606158
2015-10-06,0.16136200161505077
2015-10-07,0.16193909462447476
2015-10-08,0.16215231566654165
2015-10-09,0.16212761819915933
2015-10-12,0.1619665359367195
2015-10-13,0.16181533292642936
2015-10-14,0.1617245014023272
2015-10-15,0.16158180558238922
2015-10-16,0.16150167650665903
2015-10-19,0.1616158326478212
2015-10-20,0.16194650219940598
2015-10-21,0.16206587307956433
2015-10-22,0.1622659223203593
2015-10-23,0.16290558740081895
2015-10-26,0.16420111594976916
2015-10-27,0.1650556657991853
2015-10-28,0.16584847667537872
2015-10-29,0.16742670144558325
2015-10-30,0.16948136523957658
2015-11-02,0.1720758879596218
2015-11-03,0.1738734938540265
2015-11-04,0.17449704108531972
2015-11-05,0.1746408529620158
2015-11-06,0.1750130075783396
2015-11-09,0.17528581250332298
2015-11-11,0.1757650066789962
2015-11-12,0.17578806078486497
2015-11-13,0.17603616657537735
2015-11-16,0.17743780331236358
2015-11-17,0.17871512883496088
2015-11-18,0.18007316516315264
2015-11-19,0.18116691025724663
2015-11-20,0.18165491572226244
2015-11-23,0.18244731104684053
2015-11-24,0.18363632472027103
2015-11-25,0.1855549080563179
2015-11-26,0.18654605812256086
2015-11-27,0.18756905797221446
2015-11-30,0.18937517702684037
2015-12-01,0.19106302332103642
2015-12-02,0.1920792066745447
2015-12-03,0.19315579005318995
2015-12-04,0.1937857708304458
2015-12-07,0.1944226178813624
2015-12-08,0.19474406257289356
2015-12-09,0.195181075102413
2015-12-10,0.19544377783928812
2015-12-11,0.19535538663644214
2015-12-14,0.1957770295676564
2015-12-15,0.19625412520201113
2015-12-16,0.19686216433116854
2015-12-17,0.197693385216402
2015-12-18,0.1984870048767906
2015-12-21,0.19890619102214124
2015-12-22,0.1992067874603265
2015-12-23,0.19962268235032
2015-12-24,0.20021344773000216
2015-12-28,0.2006787607389926
2015-12-29,0.20140349913830846
2015-12-30,0.20185838555708546
2015-12-31,0.20247716561232476
2016-01-04,0.2042739439952923
2016-01-05,0.20517001510829136
2016-01-06,0.2054654136534939
2016-01-07,0.20637824060441012
2016-01-08,0.2077621824311926
2016-01-11,0.20947092892245056
2016-01-12,0.2119300401457913
2016-01-13,0.21353013420037925
2016-01-14,0.21484691035160708
2016-01-15,0.21521811666118662
2016-01-18,0.21550915222965372
2016-01-19,0.2161994021395941
2016-01-20,0.21675402214000883
2016-01-21,0.21733912253356635
2016-01-22,0.21758595898608846
2016-01-25,0.21787755057889324
2016-01-26,0.21816557367562162
2016-01-27,0.21843492670370335
2016-01-28,0.2186784709062417
2016-01-29,0.21904886754990915
2016-02-01,0.21943711282526035
2016-02-02,0.21971250991734692
2016-02-03,0.22026303077933296
2016-02-04,0.22069933122330632
2016-02-05,0.22123036261392226
2016-02-10,0.22182290201124832
2016-02-11,0.22193300840687158
2016-02-12,0.22172762300509685
2016-02-15,0.2219670562951137
2016-02-16,0.22199588717672913
2016-02-17,0.22230204385540464
2016-02-18,0.22275043335853173
2016-02-19,0.22320541498570545
2016-02-22,0.22344183067659618
2016-02-23,0.22407062731379934
2016-02-24,0.22462117159336437
2016-02-25,0.2252801803201976
2016-02-26,0.22601360831082662
2016-02-29,0.2267885050330376
2016-03-01,0.2280079746609598
2016-03-02,0.2291972535868103
2016-03-03,0.2302506198371912
2016-03-04,0.23113648824810706
2016-03-07,0.23164286017933744
2016-03-08,0.2321313849440454
2016-03-09,0.23296482047228118
2016-03-10,0.23362992702098406
2016-03-11,0.2343257941534782
2016-03-14,0.2349851427048355
2016-03-15,0.23562994090255973
2016-03-16,0.2361747820831761
2016-03-17,0.23668941807990507
2016-03-18,0.2367934990727072
2016-03-21,0.23726447389806893
2016-03-22,0.23784063101637276
2016-03-23,0.2383316580429451
2016-03-24,0.23876858645937027
2016-03-28,0.23930383284347378
2016-03-29,0.23999644429735234
2016-03-30,0.24031748645607642
2016-03-31,0.24047100498880702
2016-04-01,0.2406799991780062
2016-04-04,0.2411823001784663
2016-04-05,0.24173760762813412
2016-04-06,0.2422481523517206
2016-04-07,0.24264225471333223
2016-04-08,0.2429979093855783
2016-04-11,0.24336372706295073
2016-04-12,0.2437347640620091
2016-04-13,0.2439226177861853
2016-04-14,0.244070374212213
2016-04-15,0.24476686323604557
2016-04-18,0.24554547492632306
2016-04-19,0.24600825110057123
2016-04-20,0.24663719053681366
2016-04-21,0.24728810497109954
2016-04-22,0.2480038387721928
2016-04-25,0.2494207625195921
2016-04-26,0.2506201797211727
2016-04-27,0.25181521452160016
2016-04-28,0.25318577529336306
2016-04-29,0.25381228730261274
2016-05-03,0.25463601402995195
2016-05-04,0.25582725648232163
2016-05-05,0.2562134467823496
2016-05-06,0.25639171019045115
2016-05-09,0.25696358221478643
2016-05-10,0.25751980100177096
2016-05-11,0.2575840754872383
2016-05-12,0.2574313548285412
2016-05-13,0.2573717499324113
2016-05-16,0.2572734156568668
2016-05-17,0.2570544986571832
2016-05-18,0.2570105504756004
2016-05-19,0.25701741737163
2016-05-20,0.2569668771261524
2016-05-23,0.2570981721851773
2016-05-24,0.2575920402326348
2016-05-25,0.25790572192285754
2016-05-26,0.2585242977080515
2016-05-27,0.25890637760861424
2016-05-30,0.25905552918557007
2016-05-31,0.25958923460520644
2016-06-01,0.2598911111171276
2016-06-02,0.2603698855803138
2016-06-03,0.2604737166777671
2016-06-06,0.2605737022491672
2016-06-07,0.2607750469703962
2016-06-08,0.26069044356329396
2016-06-09,0.2602855574479035
2016-06-10,0.2595680846258608
2016-06-13,0.2592576939108415
2016-06-14,0.2590420688435957
2016-06-15,0.25904399161735814
2016-06-16,0.2588094137375263
2016-06-17,0.2583699258680072
2016-06-20,0.2578771525350243
2016-06-21,0.2574074544442473
2016-06-22,0.25710421155862306
2016-06-23,0.2563889585742274
2016-06-24,0.25599315387299093
2016-06-27,0.25593327512201114
2016-06-28,0.25595195290000206
2016-06-29,0.25580939770382116
2016-06-30,0.25592530944800185
2016-07-01,0.25683337817345997
2016-07-04,0.2570012049671888
2016-07-05,0.25709129867947933
2016-07-07,0.257256653989657
2016-07-08,0.2573530656317713
2016-07-11,0.25735883385171743
2016-07-12,0.25738053336097355
2016-07-13,0.25737641320184856
2016-07-14,0.2573305421105232
2016-07-15,0.2572753320531751
2016-07-18,0.2572187487111188
2016-07-19,0.25645735050203733
2016-07-20,0.2558484001549788
2016-07-21,0.2552183056883095
2016-07-22,0.2558470250483724
2016-07-25,0.2563947218373608
2016-07-26,0.25778649546313037
2016-07-27,0.25928540856698934
2016-07-28,0.26119417045835647
2016-07-29,0.26241405072933155
2016-08-01,0.2626299565524626
2016-08-02,0.26246926277098126
2016-08-03,0.2619577904571013
2016-08-04,0.2614284653760013
2016-08-05,0.2609914376170641
2016-08-08,0.2602462158433072
2016-08-10,0.258929116148221
2016-08-11,0.257703500638895
2016-08-12,0.25656936591829105
2016-08-15,0.25585906043239515
2016-08-16,0.25522429463817886
2016-08-17,0.2544686795219686
2016-08-18,0.25362325590063683
2016-08-19,0.25295060181245166
2016-08-22,0.25242626894868003
2016-08-23,0.25227438014103765
2016-08-24,0.25204750884604277
2016-08-25,0.2516099728492094
2016-08-26,0.2513902443018745
2016-08-29,0.25139546284138614
2016-08-30,0.2520648103851997
2016-08-31,0.25217714731873286
2016-09-01,0.2528923687640905
2016-09-02,0.25263802983497285
2016-09-05,0.25186622950488236
2016-09-06,0.25096974074099165
2016-09-07,0.2494379862197249
2016-09-08,0.2479842542931321
2016-09-09,0.24752421451654794
2016-09-13,0.24727016341175023
2016-09-14,0.2468477538812408
2016-09-15,0.24654783877433584
2016-09-16,0.24624105810020502
2016-09-19,0.24554675563861483
2016-09-20,0.2450699742303053
2016-09-21,0.24450119036412143
2016-09-22,0.24339329622113937
2016-09-23,0.24217913157442705
2016-09-26,0.24126130744586138
2016-09-27,0.24057170857070265
2016-09-28,0.24012873049239492
2016-09-29,0.2399216602937182
2016-09-30,0.24005650309411042
2016-10-03,0.24007270622841137
2016-10-04,0.24006666436937607
2016-10-05,0.23998345153590783
2016-10-06,0.2398433905584474
2016-10-07,0.2394860991899117
2016-10-10,0.23922849895283704
2016-10-11,0.23886297119894984
2016-10-12,0.23841917732509987
2016-10-13,0.23808523449528884
2016-10-14,0.23717650991514905
2016-10-17,0.23662534705739535
2016-10-18,0.2360829741613557
2016-10-19,0.23481644652529887
2016-10-20,0.23357767096241489
2016-10-21,0.23208188117203044
2016-10-24,0.2311169206427932
2016-10-25,0.23096918368408215
2016-10-26,0.23089009757837342
2016-10-27,0.23086620697714277
2016-10-28,0.23095133448152172
2016-10-31,0.2311136260751967
2016-11-01,0.23112351186469482
2016-11-02,0.2311482263448461
2016-11-03,0.2311578375306267
2016-11-04,0.23101723966028054
2016-11-07,0.23090684859230493
2016-11-08,0.23067480806482354
2016-11-09,0.23042052541957236
2016-11-10,0.23006409164882946
2016-11-11,0.2294314119384966
2016-11-14,0.22893191540340752
2016-11-15,0.22812624816550553
2016-11-16,0.22740763288098265
2016-11-17,0.22667941209977283
2016-11-18,0.22621864671021896
2016-11-21,0.22602478512789848
2016-11-22,0.22607970336321337
2016-11-23,0.22611128137934866
2016-11-24,0.22616345379680158
2016-11-25,0.22617031858995773
2016-11-28,0.22688755230000357
2016-11-29,0.22720772849227355
2016-11-30,0.22770364638724505
2016-12-01,0.22767618679897517
2016-12-02,0.22756113119555277
2016-12-05,0.22722502720620152
2016-12-06,0.2265585909984713
2016-12-07,0.22615658927191973
2016-12-08,0.22566781837749517
2016-12-09,0.22548851140287152
2016-12-12,0.22481275116819077
2016-12-13,0.2225285112907427
2016-12-14,0.22081516532745926
2016-12-15,0.22024679876957443
2016-12-16,0.21988518729749718
2016-12-19,0.2198349404341604
2016-12-20,0.22017788214185874
2016-12-21,0.220547734169374
2016-12-22,0.221033734536058
2016-12-23,0.22124268833838556
2016-12-27,0.2216770713451055
2016-12-28,0.22227208495904094
2016-12-29,0.22302965282798848
2016-12-30,0.22356508775716044
2017-01-03,0.22397394150657224
2017-01-04,0.22384790739797822
2017-01-05,0.22361698199628854
2017-01-06,0.2235346067231747
2017-01-09,0.2234258715049231
2017-01-10,0.2230043863233444
2017-01-11,0.2223256208862212
2017-01-12,0.2217896408018838
2017-01-13,0.221303911440196
2017-01-16,0.22098210712402366
2017-01-17,0.2206594799630368
2017-01-18,0.2206638731785171
2017-01-19,0.22051752429379512
2017-01-20,0.22031406387559294
2017-01-23,0.22017348128702263
2017-01-24,0.21999473313978335
2017-01-25,0.21994833004084224
2017-01-26,0.21979649046974803
2017-01-27,0.22005513927423337
2017-01-31,0.2212391059284391
2017-02-01,0.22114163094217876
2017-02-02,0.22106749505557133
2017-02-03,0.22128276369444144
2017-02-06,0.22163229984613064
2017-02-07,0.22074844336410493
2017-02-08,0.2177023841221315
2017-02-09,0.21599707186412687
2017-02-10,0.21610744584221742
2017-02-13,0.21707061355240587
2017-02-14,0.21764143139593184
2017-02-15,0.21811780564082728
2017-02-16,0.21809419270901742
2017-02-17,0.21814965575557288
2017-02-20,0.21845552655979095
2017-02-21,0.2186625527204722
2017-02-22,0.21948900864239285
2017-02-23,0.22085940299154672
2017-02-24,0.22159828538985682
2017-02-27,0.22165292645079937
2017-02-28,0.2219686916104191
2017-03-01,0.22271801832933757
2017-03-02,0.22292422870517914
2017-03-03,0.22285805445567686
2017-03-06,0.22297777226187865
2017-03-07,0.22312165329074762
2017-03-08,0.2231609186583272
2017-03-09,0.2228020391979335
2017-03-10,0.22258100107801493
2017-03-13,0.22269824741396604
2017-03-14,0.22238989282548083
2017-03-15,0.2223487057195772
2017-03-16,0.2217740111075006
2017-03-17,0.22202936880417745
2017-03-20,0.22260488597836137
2017-03-21,0.2239135408284243
2017-03-22,0.224678261666722
2017-03-23,0.2254655052710941
2017-03-24,0.2256964354697466
2017-03-27,0.22634529340237464
2017-03-28,0.22688569138822334
2017-03-29,0.22726435620818997
2017-03-30,0.2280112509622123
2017-03-31,0.22857334808155105
2017-04-03,0.22984199097233482
2017-04-04,0.23131577511275037
2017-04-05,0.2314983867846898
2017-04-06,0.2308014453320073
2017-04-07,0.2303343472608521
2017-04-10,0.22974532886479437
2017-04-11,0.2285955917298077
2017-04-12,0.22739974006036334
2017-04-13,0.22597819760539206
2017-04-17,0.22597819760543647
2017-04-18,0.22640134025362357
2017-04-19,0.22706008635569042
2017-04-20,0.2270869964601019
2017-04-21,0.22764167544151448
2017-04-24,0.2283825319165267
2017-04-25,0.22938179308504836
2017-04-26,0.230130351211133
2017-04-27,0.23005950482593018
2017-04-28,0.22943287165311244
2017-05-02,0.22911022029925565
2017-05-03,0.22908193682162903
2017-05-04,0.22993209440234086
2017-05-05,0.23017593941976333
2017-05-08,0.2301885710070506
2017-05-09,0.2295270650924941
2017-05-11,0.2298280250778051
2017-05-12,0.2301075670989361
2017-05-15,0.22976459448151854
2017-05-16,0.22939992938075804
2017-05-17,0.23026903211731398
2017-05-18,0.23068779749153556
2017-05-19,0.2313506879962679
2017-05-22,0.23207152405049225
2017-05-23,0.2329867881807557
2017-05-24,0.23341078437533191
2017-05-25,0.2339789535740655
2017-05-26,0.2345331219202551
2017-05-29,0.23508784078074552
2017-05-30,0.23539238860850187
2017-05-31,0.2358034877518067
2017-06-01,0.2360514659376589
2017-06-02,0.23613604791423715
2017-06-05,0.23718536382151267
2017-06-06,0.23850409552508278
2017-06-07,0.23993269271007645
2017-06-08,0.24149669944069085
2017-06-09,0.24223958110678456
2017-06-12,0.2421289036047325
2017-06-13,0.24220470270470695
2017-06-14,0.24171832561654671
2017-06-15,0.24006148609523326
2017-06-16,0.2393323509241041
2017-06-19,0.2391571390580438
2017-06-20,0.23827504604638783
2017-06-21,0.23699503870235894
2017-06-22,0.23594050965842772
2017-06-23,0.23464928364849147
2017-06-27,0.23602425951003703
2017-06-28,0.23654602835523342
2017-06-29,0.23857876050454863
2017-06-30,0.24143046713986926
2017-07-03,0.24277478852814394
2017-07-04,0.24428336213102586
2017-07-05,0.24691056775336673
2017-07-06,0.24994295788398624
2017-07-07,0.2520685222531682
2017-07-10,0.2549060563045824
2017-07-11,0.2577304856109963
2017-07-12,0.2602874601521643
2017-07-13,0.2624945481196628
2017-07-14,0.26347491778402343
2017-07-17,0.2641168759531576
2017-07-18,0.2642058768552946
2017-07-19,0.264284164838835
2017-07-20,0.2647258738875502
2017-07-21,0.26546123394286525
2017-07-24,0.2669772965925077
2017-07-25,0.2688526966077909
2017-07-26,0.27053143667203905
2017-07-27,0.2721920755454077
2017-07-28,0.27317473705636974
2017-07-31,0.2742205898900174
2017-08-01,0.2759889709990748
2017-08-02,0.2776724958948318
2017-08-03,0.2792156573226734
2017-08-04,0.28001651057159016
2017-08-07,0.28087506347933555
2017-08-08,0.28131629526586543
2017-08-10,0.2815514733184532
2017-08-11,0.281239917967091
2017-08-14,0.2811536497882017
2017-08-15,0.2817852761932471
2017-08-16,0.2825814770412771
2017-08-17,0.28394476036963656
2017-08-18,0.2849852323393076
2017-08-21,0.2862276545618103
2017-08-22,0.2877602355435327
2017-08-23,0.2893433941496548
2017-08-24,0.2912024410543834
2017-08-25,0.2931824205565148
2017-08-28,0.29582821665670167
2017-08-29,0.29819572990530396
2017-08-30,0.29932236176761773
2017-08-31,0.29947184802292526
2017-09-04,0.3001148587957525
2017-09-05,0.30180703337900905
2017-09-06,0.3036382854717523
2017-09-07,0.30491858992975907
2017-09-08,0.3057108548321752
2017-09-11,0.30719262438201334
2017-09-12,0.30915863978260294
2017-09-13,0.31076440491963897
2017-09-14,0.3113198204393486
2017-09-15,0.31141793239302107
2017-09-18,0.3113640669736295
2017-09-19,0.3122157467667641
2017-09-20,0.3130531429576644
2017-09-21,0.31440942320850596
2017-09-22,0.31560934152545794
2017-09-25,0.317212461950267
2017-09-26,0.31843522771468624
2017-09-27,0.3190970487233935
2017-09-28,0.3199177331483005
2017-09-29,0.3207216609275587
2017-10-02,0.3215324655110541
2017-10-03,0.32217341768838725
2017-10-04,0.32242380752258715
2017-10-05,0.3215536297094701
2017-10-06,0.3211869810577195
2017-10-09,0.3210341658140825
2017-10-10,0.3210212479884733
2017-10-11,0.32171716726183686
2017-10-12,0.32243177963682257
2017-10-13,0.3229570221285005
2017-10-16,0.32429749436320154
2017-10-17,0.3258235171675228
2017-10-19,0.326903453969285
2017-10-20,0.32888166482298864
2017-10-23,0.3322766165675395
2017-10-24,0.3359784591751458
2017-10-25,0.339025365446477
2017-10-26,0.342429736010863
2017-10-27,0.3453190421101704
2017-10-30,0.3481836884618339
2017-10-31,0.35108002986841136
2017-11-01,0.3535931932412417
2017-11-02,0.35604126099852973
2017-11-03,0.35740114418811864
2017-11-06,0.3590329728861974
2017-11-07,0.3600852209882488
2017-11-08,0.36138081938612565
2017-11-09,0.3629546959332153
2017-11-10,0.36422833062663695
2017-11-13,0.3663535641582394
2017-11-14,0.36761377233003323
2017-11-15,0.3691671285725784
2017-11-16,0.3703858538971705
2017-11-17,0.3714352010172117
2017-11-20,0.37280080034254315
2017-11-21,0.37399289737818364
2017-11-22,0.374525016202365
2017-11-23,0.37468478995226207
2017-11-24,0.3754415856661586
2017-11-27,0.37677341466442194
2017-11-28,0.3784949431270501
2017-11-29,0.38045465745679685
2017-11-30,0.38354224396763836
2017-12-01,0.3867924636568043
2017-12-04,0.3899484539797493
2017-12-05,0.3925624402338457
2017-12-06,0.3947251410242769
2017-12-07,0.39654379423557096
2017-12-08,0.3983044429680449
2017-12-11,0.40022685982363804
2017-12-12,0.4020087485414159
2017-12-13,0.40333073818903387
2017-12-14,0.4052463709670828
2017-12-15,0.406954079125299
2017-12-18,0.4086896012666319
2017-12-19,0.41074233524778236
2017-12-20,0.41312412839671353
2017-12-21,0.41552963797457654
2017-12-22,0.41810604834746634
2017-12-26,0.4214476276207968
2017-12-27,0.42453179779831096
2017-12-28,0.4268434804619581
2017-12-29,0.4287317765002907
2018-01-02,0.43094615786987145
2018-01-03,0.43269144758997236
2018-01-04,0.4341981929790739
2018-01-05,0.4348990243276507
2018-01-08,0.4340955591023876
2018-01-09,0.4320852689810195
2018-01-10,0.42979629858788115
2018-01-11,0.4281038846782437
2018-01-12,0.4272638740421053
2018-01-15,0.4279742899481409
2018-01-16,0.42822577210201995
2018-01-17,0.42843213134409197
2018-01-18,0.4287455228746406
2018-01-19,0.4289472057326993
2018-01-22,0.43075795274361006
2018-01-23,0.4324641742087687
2018-01-24,0.4329066271502313
2018-01-25,0.433174356361099
2018-01-26,0.43320627480698537
2018-01-29,0.4335587534149976
2018-01-30,0.43401111565926076
2018-01-31,0.4355415603171098
2018-02-01,0.4376209845774248
2018-02-02,0.43958295454125107
2018-02-05,0.4421024694716502
2018-02-06,0.44350287850325465
2018-02-07,0.44495228853052016
2018-02-08,0.44623247357336027
2018-02-09,0.44746946351137407
2018-02-12,0.45074211187572377
2018-02-13,0.45352965989540195
2018-02-14,0.4563387738560243
2018-02-15,0.457769103820338
2018-02-19,0.45914440874159634
2018-02-20,0.46110239624572724
2018-02-21,0.4635426357427752
2018-02-22,0.4665584671995182
2018-02-23,0.4698733105665154
2018-02-26,0.47414644087080404
2018-02-27,0.47848911759189594
2018-02-28,0.4825729449491112
2018-03-01,0.4840727485518448
2018-03-02,0.4849671932799726
2018-03-05,0.48644308165850525
2018-03-06,0.4886493758676558
2018-03-07,0.4905663664242388
2018-03-08,0.49304669024032854
2018-03-09,0.4950994976618661
2018-03-12,0.49718593687770873
2018-03-13,0.4989519274998022
2018-03-14,0.5000904510423787
2018-03-15,0.5013583999027293
2018-03-16,0.5028147039410014
2018-03-19,0.5034994991396147
2018-03-20,0.5049621674361182
2018-03-21,0.5066388076371497
2018-03-22,0.5088207582703008
2018-03-23,0.51069131964665
2018-03-26,0.512460302119333
2018-03-27,0.5139944204114011
2018-03-28,0.5158592972923204
2018-03-29,0.5172406298598942
2018-04-02,0.5193184435039244
2018-04-03,0.5210996994174266
2018-04-04,0.5226083401504988
2018-04-05,0.5236187972953443
2018-04-06,0.5235956631943539
2018-04-09,0.5235650931590285
2018-04-10,0.5238429781965648
2018-04-11,0.5243973730765683
2018-04-12,0.5249812397615683
2018-04-13,0.5255158109208402
2018-04-16,0.5263332332041015
2018-04-17,0.5271008121831233
2018-04-18,0.5279623137875777
2018-04-19,0.5290496670647515
2018-04-20,0.5317829497760718
2018-04-23,0.5353026585939835
2018-04-24,0.5381917338615594
2018-04-25,0.540370790901501
2018-04-26,0.5425256554616453
2018-04-27,0.5451623459906685
2018-04-30,0.5497325935519992
2018-05-02,0.5535793703697944
2018-05-03,0.5564262702760558
2018-05-04,0.5593162305060684
2018-05-07,0.5624162082917161
2018-05-08,0.5659656376749478
2018-05-09,0.5700364833906235
2018-05-10,0.5740658894830553
2018-05-11,0.5766237723959344
2018-05-14,0.5781437058961059
2018-05-15,0.580344564560753
2018-05-16,0.581611317370867
2018-05-17,0.5831586180377268
2018-05-18,0.5841862183853852
2018-05-21,0.5853066971337251
2018-05-22,0.5869044836255943
2018-05-23,0.5884752878610566
2018-05-24,0.5918308032883957
2018-05-25,0.5943825209299591
2018-05-28,0.597955952840068
2018-05-30,0.601685777943417
2018-05-31,0.6049066515705137
2018-06-01,0.6069683420415695
2018-06-04,0.6086447395314609
2018-06-05,0.6119055400257922
2018-06-06,0.6150633433529729
2018-06-07,0.6182788646052817
2018-06-08,0.6206823861215849
2018-06-11,0.6234848705121587
2018-06-12,0.6259472373322694
2018-06-13,0.6273372429961954
2018-06-14,0.6278337575835069
2018-06-18,0.6287683452864901
2018-06-19,0.6289439609534098
2018-06-20,0.629407678192262
2018-06-21,0.6304200341167743
2018-06-22,0.6316912821843657
2018-06-25,0.6326661659283417
2018-06-26,0.6344149661664078
2018-06-27,0.6369024262841583
2018-06-28,0.6390654281528185
2018-06-29,0.6411998002649355
2018-07-02,0.6445454879243862
2018-07-03,0.6469717033787292
2018-07-04,0.6490549486597219
2018-07-05,0.6509920912787459
2018-07-06,0.6531438106655685
2018-07-09,0.6569531812150586
2018-07-10,0.6606769287864855
2018-07-11,0.6643169757073908
2018-07-12,0.667918820946678
2018-07-13,0.6708243857480145
2018-07-16,0.6726869073798714
2018-07-17,0.6755131788865221
2018-07-18,0.677305472912515
2018-07-19,0.6791176544366895
2018-07-20,0.6806645095271513
2018-07-23,0.682630660657213
2018-07-24,0.6861892975090766
2018-07-25,0.6896459917589137
2018-07-26,0.6914468025048359
2018-07-27,0.6932233592113812
2018-07-30,0.6954369127821769
2018-07-31,0.698684237382885
2018-08-01,0.7030396442057718
2018-08-02,0.7077597072202568
2018-08-03,0.7119058127287969
2018-08-06,0.716493565334031
2018-08-07,0.7201198598776992
2018-08-08,0.7224250702854151
2018-08-10,0.7244797754110577
2018-08-13,0.7277818624643828
2018-08-14,0.7318106634886856
2018-08-15,0.7344555981744438
2018-08-16,0.7382713322705792
2018-08-17,0.7406299772693137
2018-08-20,0.7423406273902922
2018-08-21,0.7437521150390092
2018-08-23,0.7467597879910359
2018-08-24,0.7498812766868035
2018-08-27,0.753819066014616
2018-08-28,0.7575447333793228
2018-08-29,0.7611049152141725
2018-08-30,0.7644609370686339
2018-08-31,0.7672105561658871
2018-09-03,0.7691414023411891
2018-09-04,0.770424052108698
2018-09-05,0.7716316200893969
2018-09-06,0.7723519234215992
2018-09-07,0.7733546686421677
2018-09-10,0.775187080883466
2018-09-11,0.7762392766849091
2018-09-12,0.7773279292904389
2018-09-13,0.7791736630933022
2018-09-14,0.7801524506166668
2018-09-17,0.7817477952530405
2018-09-18,0.7836098816020654
2018-09-19,0.7851630240476304
2018-09-20,0.7877295677330531
2018-09-21,0.7907136877723486
2018-09-24,0.7940342390131194
2018-09-25,0.7966057165260665
2018-09-26,0.7992391121088849
2018-09-27,0.8011904549452886
2018-09-28,0.8026433536244326
2018-10-01,0.8037502280417108
2018-10-02,0.8058375315407762
2018-10-03,0.8078331911072434
2018-10-04,0.8102174873667822
2018-10-05,0.8127335749641862
2018-10-08,0.8149279492533301
2018-10-09,0.8166859746953747
2018-10-10,0.8185478823060643
2018-10-11,0.819663497170886
2018-10-12,0.8216204824876394
2018-10-15,0.8236007050484107
2018-10-16,0.8254141265574333
2018-10-17,0.8265991538430884
2018-10-18,0.8283090439325624
2018-10-19,0.8300946489058436
2018-10-22,0.8323266930840623
2018-10-23,0.8343115434800819
2018-10-24,0.8362502980220787
2018-10-25,0.838361748237415
2018-10-26,0.8406749199341146
2018-10-29,0.8422247965000906
2018-10-30,0.844223927195098
2018-10-31,0.8464720306531337
2018-11-01,0.8489337520494855
2018-11-02,0.8516030303133304
2018-11-05,0.8547680765070176
2018-11-07,0.857350481999819
2018-11-08,0.8598964851970425
2018-11-09,0.8622084971458888
2018-11-12,0.8647068156681925
2018-11-13,0.8669003893179816
2018-11-14,0.8691365670945972
2018-11-15,0.8713628510530924
2018-11-16,0.8738826612686434
2018-11-19,0.8773457544859697
2018-11-20,0.8807130576069744
2018-11-21,0.8826297479533229
2018-11-22,0.886084588577063
2018-11-23,0.8895752220668074
2018-11-26,0.8932520016401213
2018-11-27,0.8970397735819979
2018-11-28,0.9005169789187972
2018-11-29,0.9038154447748248
2018-11-30,0.9084116646356444
2018-12-03,0.9134097887380177
2018-12-04,0.9182373001944244
2018-12-05,0.9219292208330065
2018-12-06,0.9241273562220931
2018-12-07,0.9222665389984952
2018-12-10,0.9233691963946633
2018-12-11,0.923901450045439
2018-12-12,0.9242321378064577
2018-12-13,0.9264242179483739
2018-12-14,0.928523716484686
2018-12-17,0.9294599702250217
2018-12-18,0.9300929010872538
2018-12-19,0.9318683959308904
2018-12-20,0.9338692709261798
2018-12-21,0.9361715943534188
2018-12-24,0.9389238911240883
2018-12-26,0.9415407648499574
2018-12-27,0.9460343930077775
2018-12-28,0.9496794737877678
2018-12-31,0.9539353658250649
2019-01-02,0.9580844042204717
2019-01-03,0.96044458314688
2019-01-04,0.9614975978603058
2019-01-07,0.9630634392573167
2019-01-08,0.9641045815798721
2019-01-09,0.9650550069222996
2019-01-10,0.9663301837057992
2019-01-11,0.9677080064625088
2019-01-14,0.9688039681556182
2019-01-15,0.9691920651564434
2019-01-16,0.969749456824931
2019-01-17,0.9709425290731932
2019-01-18,0.9735464299915675
2019-01-21,0.9761667131545027
2019-01-22,0.9788053366322602
2019-01-23,0.9824103755233793
2019-01-24,0.9864546084038084
2019-01-25,0.9904704985724155
2019-01-28,0.9935012643968122
2019-01-29,0.9966159545101272
2019-01-30,0.9997105360854741
2019-01-31,1.0031663230294363
2019-02-01,1.0061437739911305
2019-02-04,1.008342335813528
2019-02-07,1.0106950801070491
2019-02-08,1.0125265072148393
2019-02-11,1.0147340536621474
2019-02-12,1.0161952580362899
2019-02-13,1.0179974415228665
2019-02-14,1.0211278422166625
2019-02-15,1.0249068329526434
2019-02-18,1.0277739620824455
2019-02-19,1.0296646584720737
2019-02-20,1.0319010957949626
2019-02-21,1.0341309491370465
2019-02-22,1.036739248381835
2019-02-25,1.0395034491940347
2019-02-26,1.041792703843103
2019-02-27,1.0441653399570594
2019-02-28,1.046859448529469
2019-03-01,1.0505591154344351
2019-03-04,1.0547841041220307
2019-03-05,1.0572974253572065
2019-03-06,1.059519270563758
2019-03-07,1.0609515200219688
2019-03-08,1.0626174733502358
2019-03-11,1.0637008989800023
2019-03-12,1.06522762840211
2019-03-13,1.0664943853910591
2019-03-14,1.0676047121212395
2019-03-15,1.0689938859469006
2019-03-18,1.0707737786883387
2019-03-19,1.0725359815834778
2019-03-20,1.0748833196646546
2019-03-21,1.0782694332710951
2019-03-22,1.0815252197584169
2019-03-25,1.0843856407046326
2019-03-26,1.0870151739760914
2019-03-27,1.0900477360433758
2019-03-28,1.0933265936455383
2019-03-29,1.0965291136747712
2019-04-01,1.1008138637899068
2019-04-02,1.1031621276632375
2019-04-03,1.1054946580514535
2019-04-04,1.1068311525716856
2019-04-05,1.107017569943225
2019-04-08,1.1079211271538991
2019-04-09,1.1095102692424863
2019-04-10,1.1107681364036948
2019-04-11,1.1123753324463248
2019-04-12,1.1138146851736197
2019-04-15,1.1151698437120272
2019-04-16,1.1165662992044911
2019-04-17,1.118250880903271
2019-04-18,1.1205812617359312
2019-04-22,1.1231646267465534
2019-04-23,1.1261165344464086
2019-04-24,1.1288380195801029
2019-04-25,1.131311050235695
2019-04-26,1.133932370349866
2019-04-29,1.1357754510056273
2019-04-30,1.1389942779887807
2019-05-02,1.1429006653747686
2019-05-03,1.146740157396886
2019-05-06,1.1506787251541306
2019-05-07,1.154673146321783
2019-05-08,1.1592851832299633
2019-05-09,1.1641050436013378
2019-05-10,1.168346432782208
2019-05-13,1.1723047084445382
2019-05-14,1.1755230492718427
2019-05-15,1.1788157672520505
2019-05-16,1.1814385983691889
2019-05-17,1.1831569632251293
2019-05-21,1.1853186044270991
2019-05-22,1.1866627998896817
2019-05-23,1.1887452479800276
2019-05-24,1.1904620908882224
2019-05-27,1.193118217090161
2019-05-28,1.1957472452754025
2019-05-29,1.1986477582220711
2019-05-30,1.2016467741453152
2019-05-31,1.2034852705083532
2019-06-03,1.2063452425813193
2019-06-04,1.2092039161058832
2019-06-06,1.2116170828093686
2019-06-07,1.2130939069234126
2019-06-10,1.2159233641400258
2019-06-11,1.2187642701289914
2019-06-12,1.2218196065019615
2019-06-13,1.223382805215456
2019-06-14,1.2233026611083941
2019-06-17,1.2242227983549236
2019-06-18,1.2255958139874679
2019-06-19,1.2270822698853712
2019-06-20,1.2283296932896537
2019-06-21,1.2289617284094945
2019-06-24,1.2316787795820572
2019-06-25,1.2350490694926997
2019-06-26,1.2388538384259906
2019-06-27,1.2424260389687802
2019-06-28,1.2460077891403243
2019-07-01,1.250465379286192
2019-07-02,1.2535039650631852
2019-07-03,1.2574342478095968
2019-07-04,1.2614770441265133
2019-07-05,1.2648028468585926
2019-07-08,1.2687912834166148
2019-07-09,1.2709126174808238
2019-07-10,1.273136376906514
2019-07-11,1.276578259398642
2019-07-12,1.279801063902597
2019-07-15,1.2833891377311835
2019-07-16,1.2866504451967353
2019-07-17,1.289624086929786
2019-07-18,1.2918732306003378
2019-07-19,1.2939611833037157
2019-07-22,1.2966896794743388
2019-07-23,1.2988279529736024
2019-07-24,1.3020048029449116
2019-07-25,1.304830109939692
2019-07-26,1.3073890520694187
2019-07-29,1.3096963112019022
2019-07-30,1.3107834772456695
2019-07-31,1.3123091872568882
2019-08-01,1.3146093229142286
2019-08-02,1.317640661668329
2019-08-05,1.3207487039539112
2019-08-06,1.323547041634665
2019-08-07,1.3262607789992442
2019-08-08,1.32767874815638
2019-08-13,1.3292774506164617
2019-08-14,1.3294731602663257
2019-08-15,1.3295986365729595
2019-08-16,1.3295719866083022
2019-08-19,1.332441926496597
2019-08-20,1.3353008602899674
2019-08-21,1.3372356397038931
2019-08-22,1.3385699286785124
2019-08-23,1.339972536955858
2019-08-26,1.340894012509719
2019-08-27,1.3423521781952719
2019-08-28,1.3440333123150738
2019-08-29,1.346423870070601
2019-08-30,1.3500753360221163
2019-09-02,1.3532929410641215
2019-09-03,1.3556881730303783
2019-09-04,1.359070371995763
2019-09-05,1.3616656786049175
2019-09-06,1.364174125438744
2019-09-09,1.366116381074023
2019-09-10,1.3688096087928203
2019-09-11,1.371233800347893
2019-09-12,1.3738685708383436
2019-09-13,1.3759457223651017
2019-09-16,1.378445640838577
2019-09-17,1.3805756534772229
2019-09-18,1.382638223847299
2019-09-19,1.3843005942408615
2019-09-20,1.3851991542108921
2019-09-23,1.386678260872154
2019-09-24,1.3882471081310355
2019-09-25,1.3910665203071826
2019-09-26,1.3945340694070163
2019-09-27,1.3981581325161363
2019-09-30,1.4017609331917313
2019-10-01,1.4055127603241013
2019-10-02,1.4084496023373472
2019-10-03,1.4114187542552115
2019-10-04,1.4138362068909949
2019-10-07,1.413950120466101
2019-10-08,1.4133502719102298
2019-10-09,1.412928794393542
2019-10-10,1.4134444598370655
2019-10-11,1.414258526577905
2019-10-14,1.4150684293183557
2019-10-15,1.4131546940136408
2019-10-16,1.4121128200724309
2019-10-17,1.4124326057916692
2019-10-18,1.4128796405690425
2019-10-21,1.4131127437682522
2019-10-22,1.4129424318295225
2019-10-23,1.4125098477400622
2019-10-24,1.412665155155346
2019-10-25,1.4140529425751058
2019-10-29,1.4164584817537795
2019-10-30,1.4185131512306492
2019-10-31,1.4212408399919996
2019-11-01,1.4240661371953012
2019-11-04,1.4266203271101618
2019-11-05,1.4283390005424668
2019-11-06,1.4288919831610292
2019-11-07,1.429190150717341
2019-11-08,1.4271549690523688
2019-11-11,1.4263852560626455
2019-11-12,1.424355695337809
2019-11-13,1.4228102189664638
2019-11-14,1.4210183070496596
2019-11-15,1.4204481439237249
2019-11-18,1.4207457284077352
2019-11-19,1.4196704327954945
2019-11-20,1.4184748418725412
2019-11-21,1.4182122757802729
2019-11-22,1.419443150226063
2019-11-25,1.4206076318119987
2019-11-26,1.42185854091621
2019-11-27,1.423921111278581
2019-11-28,1.4262010289156857
2019-11-29,1.4280652875275024
2019-12-02,1.431130872122366
2019-12-03,1.4342310178315554
2019-12-04,1.43632803802618
2019-12-05,1.4379554406030337
2019-12-06,1.4402262322647852
2019-12-09,1.4419915369125347
2019-12-10,1.4432051968084503
2019-12-11,1.4446556630024698
2019-12-12,1.4458949272178057
2019-12-13,1.4449647164747725
2019-12-16,1.4454093946479007
2019-12-17,1.4447168039191327
2019-12-18,1.4437493491606945
2019-12-19,1.4420573637353717
2019-12-20,1.4406836423886071
2019-12-23,1.4406808633007584
2019-12-24,1.4420698523095021
2019-12-26,1.4435816991033024
2019-12-27,1.4438924116414675
2019-12-30,1.4439043621743197
2019-12-31,1.4435199993042325
2020-01-02,1.445147508103073
2020-01-03,1.4474359456703167
2020-01-06,1.4481407780976507
2020-01-07,1.4478981433548421
2020-01-08,1.4468522975367826
2020-01-09,1.4457294769556928
2020-01-10,1.445838146006051
2020-01-13,1.4458100756082892
2020-01-14,1.4445947212627264
2020-01-15,1.442534233497783
2020-01-16,1.4400894454102975
2020-01-17,1.4376249902090743
2020-01-20,1.4362610639985673
2020-01-21,1.4333726366953847
2020-01-22,1.4312020712575313
2020-01-23,1.430084704947543
2020-01-24,1.4292257760140092
2020-01-28,1.4287772817523692
2020-01-29,1.427140050605824
2020-01-30,1.4261652767609156
2020-01-31,1.4252449810664425
2020-02-03,1.4270002835660378
2020-02-04,1.4288570515380572
2020-02-05,1.4299352320905845
2020-02-06,1.4296278957983244
2020-02-07,1.4290140580850874
2020-02-10,1.4269252646440078
2020-02-11,1.4254003110893976
2020-02-12,1.4238436990189118
2020-02-13,1.4222473748983777
2020-02-14,1.4216813725680844
2020-02-17,1.421687485477685
2020-02-18,1.4217438911352076
2020-02-19,1.421947562309911
2020-02-20,1.4232735281352271
2020-02-21,1.4231301488633497
2020-02-24,1.4230078880052455
2020-02-25,1.423787580980207
2020-02-26,1.4247367802318056
2020-02-27,1.4249046133599563
2020-02-28,1.425217495067188
2020-03-02,1.42590105429099
2020-03-03,1.424800968079798
2020-03-04,1.423030680067927
2020-03-05,1.4208416881153818
2020-03-06,1.418406291219676
2020-03-09,1.4163699442591549
2020-03-10,1.4152396725385374
2020-03-11,1.413564571099557
2020-03-12,1.411665831943365
2020-03-13,1.410291950306064
2020-03-16,1.4086447082159559
2020-03-17,1.406407956204725
2020-03-18,1.4050038664900288
2020-03-19,1.4033164274276588
2020-03-20,1.4010314597837636
2020-03-23,1.3989093353624638
2020-03-24,1.3968400252099
2020-03-25,1.3942329590062696
2020-03-26,1.3920765157446002
2020-03-27,1.3897298460663343
2020-03-30,1.3869357457494846
2020-03-31,1.3844542018458084
2020-04-01,1.382582109777597
2020-04-02,1.3804706331637329
2020-04-03,1.3780403536824526
2020-04-06,1.3751116049547152
2020-04-07,1.3723987306963004
2020-04-08,1.3702119365115673
2020-04-09,1.3681604453109841
2020-04-13,1.3661106626958741
2020-04-14,1.3634471884226063
2020-04-15,1.3609237454125678
2020-04-16,1.3584400769752314
2020-04-17,1.3554355433805343
2020-04-20,1.351736363624445
2020-04-21,1.347704958690299
2020-04-22,1.3441168270510895
2020-04-23,1.3408367221919626
2020-04-24,1.3374612195150348
2020-04-27,1.3341782770073474
2020-04-28,1.3311386320682628
2020-04-29,1.3279683261145703
2020-04-30,1.3251403948323137
2020-05-04,1.3212715971292255
2020-05-05,1.3162976724303777
2020-05-06,1.3111388637331078
2020-05-08,1.3070380146928073
2020-05-11,1.302387546195849
2020-05-12,1.298283166935854
2020-05-13,1.294082382210715
2020-05-14,1.2900998804242114
2020-05-15,1.2863542299202058
2020-05-18,1.2826936259910715
2020-05-19,1.2777249151288528
2020-05-20,1.2723089295418655
2020-05-21,1.2670827178894672
2020-05-22,1.2627561687349687
2020-05-26,1.2594176635297494
2020-05-27,1.2583853853365135
2020-05-28,1.2554864335446503
2020-05-29,1.2526458183529599
2020-06-01,1.2493434366573242
2020-06-02,1.245010156692694
2020-06-03,1.2407117300764714
2020-06-04,1.2364847634492415
2020-06-05,1.2325500108369525
2020-06-08,1.2282928800839477
2020-06-09,1.2231424313984274
2020-06-10,1.2176447937818802
2020-06-11,1.2121197319358235
2020-06-12,1.207005880770895
2020-06-15,1.2013061867267805
2020-06-16,1.1968840353198562
2020-06-17,1.1920592673534403
2020-06-18,1.187347826493812
2020-06-19,1.1840497888912838
2020-06-22,1.1816946184613597
2020-06-23,1.178575003778204
2020-06-24,1.1758133312680386
2020-06-25,1.1729702398367792
2020-06-26,1.170192370594747
2020-06-29,1.1676770489763344
2020-06-30,1.1649716595860893
2020-07-01,1.1623065298596247
2020-07-02,1.1595591546650574
2020-07-03,1.155956900633548
2020-07-06,1.151949631218252
2020-07-07,1.1475407124778236
2020-07-08,1.1435648022320999
2020-07-09,1.1388029680368783
2020-07-13,1.1336908690745995
2020-07-14,1.1284402274187588
2020-07-15,1.1236367193600882
2020-07-16,1.1186148666539886
2020-07-17,1.1134464493541163
2020-07-20,1.1081879955052276
2020-07-21,1.1029904738590002
2020-07-22,1.0985083512224714
2020-07-23,1.0937743986724646
2020-07-24,1.0899039272114885
2020-07-27,1.0856287293306455
2020-07-28,1.081452295637897
2020-07-29,1.0772428055494165
2020-07-30,1.0727983850786993
2020-08-03,1.0685028472027902
2020-08-04,1.0645613434890455
2020-08-05,1.0605023209420361
2020-08-06,1.055881164668726
2020-08-07,1.0517319583255968
2020-08-11,1.0479234369151547
2020-08-12,1.0434293676678807
2020-08-13,1.0391104402712292
2020-08-14,1.0349749356347804
2020-08-17,1.0313308986604541
2020-08-18,1.0270357395309793
2020-08-19,1.0224141885655902
2020-08-20,1.0188259574620107
2020-08-21,1.0153820311615158
2020-08-24,1.0122016737202921
2020-08-25,1.0089140465969981
2020-08-26,1.006011995670697
2020-08-27,1.0029669671774544
2020-08-28,1.0004120785347181
2020-08-31,0.9979928434417973
2020-09-01,0.9956544617985674
2020-09-02,0.992574060695528
2020-09-03,0.9894237513776494
2020-09-04,0.9856712412888768
2020-09-07,0.981501128967821
2020-09-08,0.9771015765836166
2020-09-09,0.9726695728518475
2020-09-10,0.9685069127628454
2020-09-11,0.9640982494415917
2020-09-14,0.959402689541422
2020-09-15,0.9545015668614543
2020-09-16,0.9484499226255494
2020-09-17,0.9443361017779095
2020-09-18,0.9401765402551776
2020-09-21,0.9364297389031107
2020-09-22,0.9328896368798745
2020-09-23,0.9282505390629803
2020-09-24,0.9236940590181097
2020-09-25,0.9191176009911484
2020-09-28,0.9147296218625423
2020-09-29,0.9106105508561058
2020-09-30,0.9062151955793851
2020-10-01,0.9020068998444986
2020-10-02,0.8975815099987905
2020-10-05,0.8933666639341142
2020-10-06,0.8889195531741612
2020-10-07,0.8844485950787462
2020-10-08,0.8802829533502976
2020-10-09,0.8757692538458262
2020-10-12,0.8714821028941389
2020-10-13,0.8672755397611143
2020-10-14,0.8624098397072011
2020-10-15,0.8569901064881869
2020-10-16,0.8520851258564832
2020-10-19,0.8469654311407782
2020-10-20,0.8416818916826774
2020-10-21,0.8360270791601065
2020-10-22,0.8306830610841143
2020-10-23,0.8262947827889722
2020-10-26,0.8216708124985539
2020-10-27,0.8172685628830889
2020-10-28,0.8124776383501731
2020-10-29,0.8080506614983163
2020-10-30,0.8033778195102981
2020-11-02,0.7985911692421244
2020-11-03,0.7943108798933007
2020-11-04,0.7897590605145499
2020-11-05,0.7859587470827822
2020-11-06,0.7813934940679834
2020-11-09,0.7769811279565442
2020-11-10,0.7722078513494601
2020-11-11,0.7671040756773273
2020-11-12,0.7629777729190046
2020-11-13,0.7580213173089101
2020-11-16,0.7533438895489963
2020-11-17,0.7493097932095738
2020-11-18,0.7458140607596642
2020-11-19,0.7406039875432535
2020-11-20,0.7355026462625647
2020-11-23,0.7299558893908209
2020-11-24,0.7250885314034283
2020-11-25,0.722203194825366
2020-11-26,0.7189462574912264
2020-11-27,0.7158221459019565
2020-11-30,0.7124848547689799
2020-12-01,0.7095700862511878
2020-12-02,0.7065773221522464
2020-12-03,0.7026921483921367
2020-12-04,0.6987844989066572
2020-12-07,0.6950626508500424
2020-12-08,0.6916394206372356
2020-12-09,0.6880176971297391
2020-12-10,0.6836256940078611
2020-12-11,0.67963244747129
2020-12-14,0.6754962107957896
2020-12-15,0.6714690866464368
2020-12-16,0.6679997714907682
2020-12-17,0.6641317996183504
2020-12-18,0.6605116186079396
2020-12-21,0.6569246606300982
2020-12-22,0.6533717472111178
2020-12-23,0.6502598746785493
2020-12-24,0.646959495784527
2020-12-28,0.6438194287660126
2020-12-29,0.6403979419306927
2020-12-30,0.6369222664172725
2020-12-31,0.6334103278861303
2021-01-04,0.6311512855190715
2021-01-05,0.6265464607065674
2021-01-06,0.6222073145563334
2021-01-07,0.6180648973160396
2021-01-08,0.6142175937066119
2021-01-11,0.6102246295211833
2021-01-12,0.606076100733044
2021-01-13,0.601103668626557
2021-01-14,0.5960747077734085
2021-01-15,0.5916729379077612
2021-01-18,0.5872531738036146
2021-01-19,0.5828413272249255
2021-01-20,0.5780213168447235
2021-01-21,0.5738170671613307
2021-01-22,0.5691578370539574
2021-01-25,0.5649652586585008
2021-01-26,0.5606127886552459
2021-01-27,0.5568365492955918
2021-01-28,0.5526499901624016
2021-01-29,0.5495475780089576
2021-02-01,0.5466824293690831
2021-02-02,0.5436014052824234
2021-02-03,0.5405736314556986
2021-02-04,0.5372501250964667
2021-02-05,0.5337600958233546
2021-02-08,0.5300630779785376
2021-02-09,0.5258671688486594
2021-02-10,0.5210688934982333
2021-02-11,0.5168122361787209
2021-02-15,0.513816953369095
2021-02-16,0.5102203591634158
2021-02-17,0.5064707947398661
2021-02-18,0.5024369418845209
2021-02-19,0.4982603552126763
2021-02-22,0.4942992594954676
2021-02-23,0.4904710109375099
2021-02-24,0.48650883366867514
2021-02-25,0.4829594620865185
2021-02-26,0.47955088850792915
2021-03-01,0.47600617556795566
2021-03-02,0.4724348742112694
2021-03-03,0.4693340934942558
2021-03-04,0.4673831016389851
2021-03-05,0.4657404219359451
2021-03-08,0.4641514438518568
2021-03-09,0.4613393659268272
2021-03-10,0.45769813759648503
2021-03-11,0.4537311937610422
2021-03-12,0.4502308774784858
2021-03-15,0.4465677815792768
2021-03-16,0.4436329287368368
2021-03-17,0.4402664130733758
2021-03-18,0.43726046730196977
2021-03-19,0.43492158854112617
2021-03-22,0.4323711699106836
2021-03-23,0.4300648641755611
2021-03-24,0.4277762257647755
2021-03-25,0.4252075572593217
2021-03-26,0.4224015282855209
2021-03-29,0.42056509011607623
2021-03-30,0.41816359763346966
2021-03-31,0.41527165170676117
2021-04-01,0.4124441652535893
2021-04-05,0.4092420815588582
2021-04-06,0.4059275975499599
2021-04-07,0.4022982694544375
2021-04-08,0.3980573513775454
2021-04-09,0.39407707556533556
2021-04-12,0.3894613686893811
2021-04-13,0.38481671972756537
2021-04-14,0.3803733151395816
2021-04-15,0.37610472880205137
2021-04-16,0.37259306888046684
2021-04-19,0.3700544045212917
2021-04-20,0.3678287175532313
2021-04-21,0.3660474335043906
2021-04-22,0.36483755962699593
2021-04-23,0.36324165443162304
2021-04-26,0.3619006615769971
2021-04-27,0.35949918801212455
2021-04-28,0.3575167936031187
2021-04-29,0.35548412369483806
2021-04-30,0.35296046573480844
2021-05-03,0.3507786073357666
2021-05-04,0.34833232073989695
2021-05-05,0.34500582929344326
2021-05-06,0.3412926709475128
2021-05-07,0.3372703924208409
2021-05-10,0.33359188187280786
2021-05-11,0.3298684248358885
2021-05-12,0.3262937955181622
2021-05-14,0.32281164668450657
2021-05-17,0.31883189439423365
2021-05-18,0.31512794747079464
2021-05-19,0.31199190143544886
2021-05-20,0.30900407240801453
2021-05-21,0.30567640380620986
2021-05-24,0.3022282118902986
2021-05-25,0.29874496981023846
2021-05-27,0.2952824549001587
2021-05-28,0.2920898791041404
2021-05-31,0.2899903977393814
2021-06-01,0.28724171443930135
2021-06-02,0.28589953847717453
2021-06-03,0.28500769274326654
2021-06-04,0.284540890089402
2021-06-07,0.2821514324829133
2021-06-08,0.2784370171379891
2021-06-09,0.273530773072439
2021-06-10,0.26843165128760393
2021-06-11,0.26489271862377706
2021-06-14,0.26189668232117214
2021-06-15,0.2593745484079202
2021-06-16,0.2559087243405145
2021-06-17,0.25158446044155625
2021-06-18,0.2487327420635843
2021-06-21,0.24674567228868405
2021-06-22,0.24437002883772596
2021-06-23,0.24203179001585085
2021-06-24,0.23959968485074423
2021-06-25,0.2369171951808191
2021-06-28,0.23429024033900792
2021-06-29,0.23232843851697105
2021-06-30,0.23014562154644036
2021-07-01,0.2277978239844325
2021-07-02,0.22472326411051569
2021-07-05,0.2228843856410645
2021-07-06,0.2203278144108367
2021-07-07,0.2177235332728067
2021-07-08,0.21520772618084383
2021-07-09,0.21206464627838706
2021-07-12,0.20921487212337553
2021-07-13,0.20644396346445326
2021-07-14,0.20290557206292803
2021-07-15,0.19861900308639768
2021-07-16,0.19482231472980338
2021-07-19,0.1919263627289558
2021-07-21,0.18912217232402995
2021-07-22,0.18690269886418864
2021-07-23,0.18524731787372684
2021-07-26,0.1828959080684367
2021-07-27,0.18083301091287307
2021-07-28,0.17902073737534607
2021-07-29,0.17687888059747525
2021-07-30,0.17431662291735872
2021-08-02,0.17239963951529713
2021-08-03,0.16990885468368688
2021-08-04,0.16725758666573665
2021-08-05,0.16576086661774792
2021-08-06,0.1639540778011428
2021-08-10,0.16205183414661484
2021-08-11,0.15958571764025375
2021-08-12,0.15733259560819501
2021-08-13,0.15500132285384272
2021-08-16,0.15181897307821046
2021-08-17,0.14973504044775154
2021-08-18,0.14836122898544968
2021-08-19,0.14719403696246136
2021-08-20,0.14607322723272365
2021-08-23,0.14451564202959677
2021-08-24,0.1428620549969395
2021-08-25,0.1414858684531506
2021-08-26,0.14070093235116765
2021-08-27,0.1395974797489874
2021-08-30,0.13880899443783346
2021-08-31,0.1383354662638725
2021-09-01,0.13735193139212676
2021-09-02,0.1364992667300724
2021-09-03,0.13571876036202468
2021-09-06,0.1347325059396498
2021-09-07,0.13412292414216598
2021-09-08,0.13402608268122673
2021-09-09,0.1338118246328568
2021-09-10,0.13339839834163314
2021-09-13,0.13320389351596518
2021-09-14,0.1329207787915232
2021-09-15,0.13237787029656278
2021-09-16,0.13200450258150642
2021-09-17,0.131678869960683
2021-09-20,0.1313754593195604
2021-09-21,0.13118425079474694
2021-09-22,0.1304232625386259
2021-09-23,0.12927356472109963
2021-09-24,0.12790442285048886
2021-09-27,0.12734151704598684
2021-09-28,0.1265643727334842
2021-09-29,0.1256171594005595
2021-09-30,0.12481945430262709
2021-10-01,0.1244664133339679
2021-10-04,0.12437835893717164
2021-10-05,0.12436848367076703
2021-10-06,0.12437067817316905
2021-10-07,0.1243451670811968
2021-10-08,0.12448150047825735
2021-10-11,0.12466583854597868
2021-10-12,0.12489955345191817
2021-10-13,0.124943443636516
2021-10-14,0.12519114940701126
2021-10-15,0.1255853399962037
2021-10-18,0.12627003308172124
2021-10-19,0.12677916776697717
2021-10-20,0.12753738728306097
2021-10-21,0.12812498431329367
2021-10-22,0.12850684228327136
2021-10-25,0.12904945609306662
2021-10-26,0.129709758792651
2021-10-27,0.13012344510812124
2021-10-28,0.13035305847342027
2021-10-29,0.1307039260742604
2021-11-01,0.13127425935617332
2021-11-02,0.1316421383922739
2021-11-03,0.13192305532678805
2021-11-05,0.13198176266828732
2021-11-08,0.13196146198439784
2021-11-09,0.13196091331764137
2021-11-10,0.13193155966477743
2021-11-11,0.13222290200038955
2021-11-12,0.13255923619350796
2021-11-15,0.13300750050477816
2021-11-16,0.1333652355922199
2021-11-17,0.1338617868468006
2021-11-18,0.13440717276409497
2021-11-19,0.13483075458466942
2021-11-22,0.13532841001087093
2021-11-23,0.1353237461866108
2021-11-24,0.13538053507184955
2021-11-25,0.13551304257266583
2021-11-26,0.13560467316038327
2021-11-29,0.1358079617929553
2021-11-30,0.13589053934150996
2021-12-01,0.13591221252668984
2021-12-02,0.13588203469512283
2021-12-03,0.13574568585168478
2021-12-06,0.13601015324873345
2021-12-07,0.13632948940134337
2021-12-08,0.13677310499080608
2021-12-09,0.13696487296204207
2021-12-10,0.13687296684707917
2021-12-13,0.13703153932140832
2021-12-14,0.13763784736156026
2021-12-15,0.1382847622320993
2021-12-16,0.13871604219022338
2021-12-17,0.13918436195548
2021-12-20,0.13980687071850628
2021-12-21,0.1403081183366517
2021-12-22,0.14064447987678363
2021-12-23,0.1408672583673498
2021-12-24,0.14125245757024008
2021-12-27,0.14201901777048942
2021-12-28,0.14254332267682468
2021-12-29,0.14309616406440462
2021-12-30,0.1437807033149774
2021-12-31,0.14444988244557422
2022-01-03,0.14462986689904866
2022-01-04,0.14427236695206958
2022-01-05,0.1439466946590251
2022-01-06,0.1436959250837644
2022-01-07,0.14371759995455147
2022-01-10,0.1438399670062429
2022-01-11,0.14376341897677225
2022-01-12,0.14401556113157188
2022-01-13,0.1444490608238258
2022-01-14,0.14492124813925145
2022-01-17,0.14506145042731955
2022-01-18,0.14517202129669116
2022-01-19,0.14532566832310412
2022-01-20,0.1454384344548476
2022-01-21,0.14600034471450307
2022-01-24,0.1464069637567622
2022-01-25,0.14646842324483877
2022-01-26,0.1466626792549386
2022-01-27,0.14773712749893697
2022-01-28,0.1484241673745279
2022-01-31,0.14922123775131801
2022-02-03,0.15021175334175574
2022-02-04,0.15094133995510184
2022-02-07,0.15137788715782197
2022-02-08,0.15158642043746617
2022-02-09,0.15163910260846958
2022-02-10,0.1517249857690306
2022-02-11,0.1517878205407941
2022-02-14,0.15215495163605208
2022-02-15,0.15229077413874137
2022-02-16,0.15263293779193
2022-02-17,0.1533510176617181
2022-02-18,0.15391846067336346
2022-02-21,0.15509753026750062
2022-02-22,0.1553156753531182
2022-02-23,0.15599947395599223
2022-02-24,0.1566344347226467
2022-02-25,0.15745873623222995
2022-02-28,0.1587149567027879
2022-03-01,0.15923413360430239
2022-03-02,0.15931288860500104
2022-03-03,0.15942457293043333
2022-03-04,0.15924757955345648
2022-03-07,0.15902256507305257
2022-03-08,0.15878849558281782
2022-03-09,0.1585549756550675
2022-03-10,0.15850421046270657
2022-03-11,0.15864168800376888
2022-03-14,0.15887959877118885
2022-03-15,0.15913424875573234
2022-03-16,0.15935843968755137
2022-03-17,0.15976566116175928
2022-03-18,0.15998875551763714
2022-03-21,0.1605556875505565
2022-03-22,0.16114621973690735
2022-03-23,0.16215221781159528
2022-03-24,0.16378417044677906
2022-03-25,0.1650141228658919
2022-03-28,0.1664603343228821
2022-03-29,0.16755914332071686
2022-03-30,0.16812666671039977
2022-03-31,0.16908663130490442
2022-04-01,0.17060425926891387
2022-04-04,0.17144376867488376
2022-04-05,0.1722838337968602
2022-04-06,0.17309316868652225
2022-04-07,0.17333824889531613
2022-04-08,0.17375046759118273
2022-04-11,0.17427246710481903
2022-04-12,0.1740062527747943
2022-04-13,0.17416268827268322
2022-04-14,0.17492071654319208
2022-04-18,0.175606570326714
2022-04-19,0.175818448315046
2022-04-20,0.1758041767209617
2022-04-21,0.17601879936655074
2022-04-22,0.17630203626102237
2022-04-25,0.1770496515278941
2022-04-26,0.17765537827525435
2022-04-27,0.1785446242747124
2022-04-28,0.17908970312146
2022-04-29,0.17980769710019828
2022-05-04,0.18147150210348073
2022-05-05,0.18247688197574607
2022-05-06,0.18453185267608418
2022-05-09,0.18722941889306455
2022-05-10,0.18923892098903217
2022-05-11,0.19099867788743286
2022-05-12,0.1930450378892834
2022-05-13,0.19497834200121744
2022-05-17,0.1982345250490125
2022-05-18,0.20022914643993417
2022-05-19,0.20256970261509633
2022-05-20,0.20460751301354385
2022-05-23,0.20762709769737153
2022-05-24,0.21012486870757296
2022-05-25,0.21242502746512404
2022-05-26,0.21449022251269767
2022-05-27,0.21632043603105888
2022-05-30,0.21854166406076736
2022-05-31,0.22002983690860844
2022-06-01,0.22178656667561913
2022-06-02,0.22234533559168934
2022-06-03,0.22346178128647143
2022-06-06,0.22461091443559678
2022-06-07,0.2254547202614532
2022-06-08,0.22639903234367154
2022-06-09,0.227408980607402
2022-06-10,0.22836099758625217
2022-06-13,0.23022276774860018
2022-06-14,0.23120968636975991
2022-06-15,0.23157655696206536
2022-06-16,0.2300945407502475
2022-06-17,0.23202664267980566
2022-06-20,0.23500421061872778
2022-06-21,0.2373716706274287
2022-06-22,0.24077478152975118
2022-06-23,0.24453475170962413
2022-06-24,0.24858900098028158
2022-06-27,0.2533322520833492
2022-06-28,0.2580507356258144
2022-06-29,0.26290541002973455
2022-06-30,0.26690492745216066
2022-07-01,0.27100074330492774
2022-07-04,0.2748242125302003
2022-07-05,0.27945222650918033
2022-07-06,0.2841087497120087
2022-07-07,0.2882319216483742
2022-07-08,0.2926934974698092
2022-07-12,0.2975894111159727
2022-07-13,0.30227645468239306
2022-07-14,0.30684141032113477
2022-07-15,0.3112974784649669
2022-07-18,0.31605660413083214
2022-07-19,0.32084482100915857
2022-07-20,0.3257437657991913
2022-07-21,0.330466487511738
2022-07-22,0.33506490940637956
2022-07-25,0.3395024544066372
2022-07-26,0.3437735986728363
2022-07-27,0.34787639959656946
2022-07-28,0.35110179661925756
2022-07-29,0.35616936237199415
2022-08-01,0.3616300903905634
2022-08-02,0.36614552533307254
2022-08-03,0.3705275273151454
2022-08-04,0.3734987461884831
2022-08-05,0.3765509052768179
2022-08-08,0.3810799279196919
2022-08-10,0.38552885120115565
2022-08-11,0.38895513731507236
2022-08-12,0.3929778175732146
2022-08-15,0.3974820090449471
2022-08-16,0.40259181886515005
2022-08-17,0.40773957786193193
2022-08-18,0.41278883707187575
2022-08-19,0.4176856584324318
2022-08-22,0.4233530395918672
2022-08-23,0.428965712477547
2022-08-24,0.43435473751891607
2022-08-25,0.43917802131798744
2022-08-26,0.44324507671009705
2022-08-29,0.44782992381695585
2022-08-30,0.4526866135651231
2022-08-31,0.4585494383549049
2022-09-01,0.4641904897283222
2022-09-02,0.46952662429533554
2022-09-05,0.474771388842421
2022-09-06,0.4800695418136103
2022-09-07,0.48529254647555753
2022-09-08,0.4903668789513649
2022-09-09,0.4952624957624163
2022-09-12,0.5011148633109475
2022-09-13,0.5070507335102059
2022-09-14,0.5124687175854126
2022-09-15,0.5174081353355842
2022-09-16,0.5217953601570402
2022-09-19,0.526695854810133
2022-09-20,0.5313740577798765
2022-09-21,0.5358439794330261
2022-09-22,0.5401400200645501
2022-09-23,0.5453672750881156
2022-09-26,0.5518269585852886
2022-09-27,0.5585493135552122
2022-09-28,0.5659790626669103
2022-09-29,0.5731189419826865
2022-09-30,0.5836661499752926
2022-10-03,0.5953693576007169
2022-10-04,0.6042457010986713
2022-10-05,0.6133215376673551
2022-10-06,0.6211042813527357
2022-10-07,0.629283793469182
2022-10-10,0.6380894995664965
2022-10-11,0.6456566202466707
2022-10-12,0.6544477669885751
2022-10-13,0.6615599890524848
2022-10-14,0.6702471723518899
2022-10-17,0.6786242801347209
2022-10-18,0.6864545539210676
2022-10-19,0.6948666815258742
2022-10-20,0.7015431263326821
2022-10-21,0.70980392361355
2022-10-25,0.7182742835731615
2022-10-26,0.7257486516691669
2022-10-27,0.7332666192269466
2022-10-28,0.7406151454939502
2022-10-31,0.7481712216070857
2022-11-01,0.7558683684969925
2022-11-02,0.7628423170921605
2022-11-03,0.7699658228744077
2022-11-04,0.776869788722756
2022-11-07,0.7849266738225946
2022-11-08,0.7926119837778245
2022-11-09,0.8001956797061949
2022-11-10,0.8078150382349714
2022-11-11,0.8163455472027126
2022-11-14,0.8252742451436257
2022-11-15,0.8335396851403942
2022-11-16,0.841481483682327
2022-11-17,0.8492882555054981
2022-11-18,0.857804604455259
2022-11-21,0.867389119083839
2022-11-22,0.8777184749100053
2022-11-23,0.8875516739701439
2022-11-24,0.8969781369179808
2022-11-25,0.906515779200534
2022-11-28,0.9163277341842413
2022-11-29,0.9256379775880008
2022-11-30,0.93521866139612
2022-12-01,0.9455776096305435
2022-12-02,0.9560114678198728
2022-12-05,0.966708890458734
2022-12-06,0.975893213511192
2022-12-07,0.9851411960264622
2022-12-08,0.9945399801961852
2022-12-09,1.0033309187242212
2022-12-12,1.011818226994432
2022-12-13,1.0187996540814037
2022-12-14,1.0241802036345726
2022-12-15,1.0284132416866987
2022-12-16,1.034680585147596
2022-12-19,1.0409051358972965
2022-12-20,1.0454580526699786
2022-12-21,1.0499425155432007
2022-12-22,1.054044027789569
2022-12-23,1.058427827170405
2022-12-27,1.0668599560049508
2022-12-28,1.0717961603156745
2022-12-29,1.076591383369907
2022-12-30,1.0809132967788404
2023-01-03,1.0874832509671029
2023-01-04,1.0929267141875476
2023-01-05,1.099309399884607
2023-01-06,1.10641901984736
2023-01-09,1.1149005732574269
2023-01-10,1.1249291983542076
2023-01-11,1.1340340109146752
2023-01-12,1.142196712839727
2023-01-13,1.1508923939981708
2023-01-16,1.1611049993187184
2023-01-17,1.1704791480142918
2023-01-18,1.1800997449385786
2023-01-19,1.1895715281511565
2023-01-20,1.199374145722376
2023-01-25,1.20901966657605
2023-01-26,1.2187279418334196
2023-01-27,1.2283378715636228
2023-01-30,1.2382829078537494
2023-01-31,1.2485914271948229
2023-02-01,1.259069104305599
2023-02-02,1.2686795337424117
2023-02-03,1.2782326078103923
2023-02-06,1.2879611166950244
2023-02-07,1.2971541491792804
2023-02-08,1.30550045433786
2023-02-09,1.3137883285188723
2023-02-10,1.3221640119650768
2023-02-13,1.331741261523156
2023-02-14,1.3403968830485447
2023-02-15,1.3489319207051098
2023-02-16,1.357804493423398
2023-02-17,1.3671260403072205
2023-02-20,1.3772282856640228
2023-02-21,1.386348857332087
2023-02-22,1.3955602555967062
2023-02-23,1.4047927808911842
2023-02-24,1.4146787507050007
2023-02-27,1.4251255437000676
2023-02-28,1.435210516611396
2023-03-01,1.444468325396997
2023-03-02,1.453992400601689
2023-03-03,1.463563228438458
2023-03-06,1.4731216076981024
2023-03-07,1.482818508279049
2023-03-08,1.4920036309035378
2023-03-09,1.5015986266272208
2023-03-10,1.511265995915001
2023-03-13,1.5214098600043746
2023-03-14,1.5315174724516156
2023-03-15,1.5410349890044417
2023-03-16,1.5501792293858285
2023-03-17,1.5605111723162368
2023-03-20,1.5711839148950135
2023-03-21,1.5816652052522695
2023-03-22,1.5923176252764293
2023-03-23,1.6023031403061605
2023-03-24,1.6130924087718546
2023-03-27,1.622606682088712
2023-03-28,1.6320263584298944
2023-03-29,1.6413461089681336
2023-03-30,1.6515619749130517
2023-03-31,1.6607910202347753
2023-04-03,1.67014932595424
2023-04-04,1.6785809118275097
2023-04-05,1.687890146383264
2023-04-06,1.6970475809676033
2023-04-10,1.7058168773262716
2023-04-11,1.7138922613532337
2023-04-12,1.7222826420594695
2023-04-13,1.7309635702690729
2023-04-14,1.739680068432481
2023-04-17,1.7483588282506402
2023-04-18,1.7570048858514875
2023-04-19,1.765608754847281
2023-04-20,1.7744667971442807
2023-04-21,1.7838947178798303
2023-04-24,1.79501785770797
2023-04-25,1.8057958247872596
2023-04-26,1.8158014774847242
2023-04-27,1.8254326522700426
2023-04-28,1.835429067434613
2023-05-02,1.8455202144777472
2023-05-03,1.8552923035615398
2023-05-04,1.8647028319794812
2023-05-05,1.8732884462705934
2023-05-08,1.8821125658132543
2023-05-09,1.8914776001020206
2023-05-10,1.9013121830366186
2023-05-11,1.9105910240267976
2023-05-12,1.920312698947324
2023-05-15,1.9292595929035983
2023-05-16,1.9385485297656269
2023-05-17,1.9480636958344233
2023-05-18,1.9580213334039698
2023-05-19,1.9679271562744072
2023-05-22,1.9774693479110983
2023-05-23,1.9874027070675204
2023-05-24,1.9968899640341098
2023-05-25,2.006595816821233
2023-05-26,2.016665368718651
2023-05-29,2.0266598840764427
2023-05-30,2.0370259905095667
2023-05-31,2.0471426599515175
2023-06-01,2.056986100463787
2023-06-05,2.0669538015809286
2023-06-06,2.076959371965592
2023-06-07,2.087038090288007
2023-06-08,2.097401703147095
2023-06-09,2.108014487560661
2023-06-12,2.1188255813267
2023-06-13,2.1281113227522352
2023-06-14,2.137438223374466
2023-06-15,2.1466249401407955
2023-06-16,2.156003887724145
2023-06-19,2.1652585887670606
2023-06-20,2.17452615947058
2023-06-21,2.184400659273278
2023-06-22,2.1939516428393535
2023-06-23,2.203487272306748
2023-06-26,2.213777029827524
2023-06-27,2.2239874451891684
2023-06-28,2.2342801112711363
2023-06-30,2.2443855688279113
2023-07-03,2.2550477807234515
2023-07-04,2.2650883254171195
2023-07-05,2.2751206135556368
2023-07-06,2.2853329598374827
2023-07-07,2.295175572995256
2023-07-10,2.3052055114523684
2023-07-11,2.314444012491368
2023-07-12,2.323836693917447
2023-07-13,2.3333160457957636
2023-07-14,2.342651315714739
2023-07-17,2.3512348121631943
2023-07-18,2.360287913395287
2023-07-19,2.3689926606745626
2023-07-20,2.3776821476878762
2023-07-21,2.386953841403483
2023-07-24,2.3967119512117607
2023-07-25,2.4058841044312773
2023-07-26,2.414921857245056
2023-07-27,2.4238282690673962
2023-07-28,2.433131131305988
2023-07-31,2.4424668077098977
2023-08-01,2.4520792460169583
2023-08-02,2.4611222125506815
2023-08-03,2.469949235421942
2023-08-04,2.4789996481282994
2023-08-07,2.488136715701117
2023-08-08,2.4982810094804186
2023-08-10,2.5077155397718487
2023-08-11,2.5168673024672517
2023-08-14,2.5260178962533075
2023-08-15,2.5344580623666957
2023-08-16,2.543502924919161
2023-08-17,2.5531419647311537
2023-08-18,2.5634728320735434
2023-08-21,2.5742394457534123
2023-08-22,2.584197282990952
2023-08-23,2.594315447689066
2023-08-24,2.604472547326009
2023-08-25,2.614406613002229
2023-08-28,2.624253906555385
2023-08-29,2.634260718669612
2023-08-30,2.644510881167017
2023-08-31,2.6543053567096964
2023-09-04,2.6640647457267352
2023-09-05,2.6740731487735037
2023-09-06,2.6840273975647477
2023-09-07,2.693242688164821
2023-09-08,2.702158305977864
2023-09-11,2.711438465580951
2023-09-12,2.7205999024507266
2023-09-13,2.729188587984477
2023-09-14,2.7381979522447697
2023-09-15,2.7477885570613925
2023-09-18,2.7572249083887446
2023-09-19,2.765943080144617
2023-09-20,2.7748810807568303
2023-09-21,2.7841169147053924
2023-09-22,2.793045800422722
2023-09-25,2.8030462389306177
2023-09-26,2.8128851194334725
2023-09-27,2.8228649251687665
2023-09-28,2.8327654427724225
2023-09-29,2.8424040594884348
2023-10-02,2.8521345425680966
2023-10-03,2.8615258458044135
2023-10-04,2.8712770848996483
2023-10-05,2.881213867612753
2023-10-06,2.8909362359765156
2023-10-09,2.9014457213909717
2023-10-10,2.911008412800542
2023-10-11,2.9205006767948793
2023-10-12,2.929580417386579
2023-10-13,2.9389268983539996
2023-10-16,2.9485522985139623
2023-10-17,2.957183458010526
2023-10-18,2.9665620305985074
2023-10-19,2.9747887282798535
2023-10-20,2.982384662953197
2023-10-23,2.9910496520858754
2023-10-24,2.999776905730789
2023-10-25,3.00784286644038
2023-10-26,3.015877281990087
2023-10-27,3.0226842590140857
2023-10-30,3.030656323523062
2023-10-31,3.038545708704965
2023-11-01,3.0464690399116146
2023-11-02,3.0534943256613323
2023-11-03,3.0610178689991496
2023-11-06,3.0689954321855284
2023-11-07,3.0768428981652773
2023-11-08,3.084728251910218
2023-11-09,3.0918279335245824
2023-11-10,3.099894657779245
2023-11-14,3.1081238445951564
2023-11-15,3.1173803292020352
2023-11-16,3.1261584571952605
2023-11-17,3.1348822320702796
2023-11-20,3.144503612161431
2023-11-21,3.15346519371007
2023-11-22,3.162580720384689
2023-11-23,3.171180951097141
2023-11-24,3.1793386458910833
2023-11-27,3.187925293156302
2023-11-28,3.1970093958630708
2023-11-29,3.205721955697194
2023-11-30,3.213404252933416
2023-12-01,3.220346468540458
2023-12-04,3.2279551567230946
2023-12-05,3.234408774607278
2023-12-06,3.2405315854254324
2023-12-07,3.2463048673972983
2023-12-08,3.252082405350998
2023-12-11,3.2579233508234884
2023-12-12,3.263535486161917
2023-12-13,3.2702515731651616
2023-12-14,3.2769117777841528
2023-12-15,3.283291758810125
2023-12-18,3.288790122785601
2023-12-19,3.2940940925340723
2023-12-20,3.2995474922418833
2023-12-21,3.3043649838188527
2023-12-22,3.308451376410293
2023-12-26,3.312952287783477
2023-12-27,3.3172173295565432
2023-12-28,3.321152807498917
2023-12-29,3.324900194009639
2024-01-02,3.329801220282569
2024-01-03,3.334739566693834
2024-01-04,3.3404730891947176
2024-01-05,3.3462870539969325
2024-01-08,3.3519682826193
2024-01-09,3.3579066348559783
2024-01-10,3.3637895510200577
2024-01-11,3.3700576656580328
2024-01-12,3.375020283790553
2024-01-15,3.379574465848312
2024-01-16,3.3847471615975344
2024-01-17,3.3902894605946976
2024-01-18,3.3966254892376035
2024-01-19,3.4028120608699197
2024-01-22,3.4073626900138043
2024-01-23,3.412337048276548
2024-01-24,3.4180338433223767
2024-01-25,3.4228109640176196
2024-01-26,3.42787362067114
2024-01-29,3.4323944554588204
2024-01-30,3.4369350414611644
2024-01-31,3.4413349884558464
2024-02-01,3.445711032814347
2024-02-02,3.44909194130818
2024-02-05,3.4526699273652817
2024-02-06,3.4569152107120305
2024-02-07,3.461366440258029
2024-02-08,3.466232277019099
2024-02-09,3.4701374162946275
2024-02-13,3.474346577341403
2024-02-14,3.477220995136343
2024-02-15,3.4806437483076103
2024-02-16,3.485083234261932
2024-02-19,3.4899932555392033
2024-02-20,3.494710986826277
2024-02-21,3.4993362228322944
2024-02-22,3.5035397541970603
2024-02-23,3.5079300273212155
2024-02-26,3.512133880098345
2024-02-27,3.51615755096899
2024-02-28,3.5204482498922385
2024-02-29,3.5258256462703086
2024-03-01,3.531559855176436
2024-03-04,3.5369778242699157
2024-03-05,3.5422571061348274
2024-03-06,3.5477369352101773
2024-03-07,3.553335072666597
2024-03-08,3.5581212521644368
2024-03-11,3.5616349029887084
2024-03-12,3.564374131069936
2024-03-13,3.5662965945807423
2024-03-14,3.568139936126702
2024-03-15,3.567005631306386
2024-03-18,3.564668419385053
2024-03-19,3.5659896705244387
2024-03-20,3.5671591456103435
2024-03-21,3.569534184054013
2024-03-22,3.5721098707585552
2024-03-25,3.574615516097568
2024-03-26,3.577779822121485
2024-03-27,3.579424996018621
2024-03-28,3.582449564541279
2024-04-01,3.5834049895174136
2024-04-02,3.5848425446484145
2024-04-03,3.5864980620018416
2024-04-04,3.5875627831098544
2024-04-05,3.590101488673092
2024-04-08,3.5908015834157148
2024-04-09,3.591348722305865
2024-04-11,3.5929135384552113
2024-04-12,3.594323992808879
2024-04-15,3.596128096879214
2024-04-16,3.5977375430934266
2024-04-17,3.5993660290439378
2024-04-18,3.6013654963853226
2024-04-19,3.6036261129019476
2024-04-22,3.606597763970565
2024-04-23,3.6083183435332122
2024-04-24,3.610203865278727
2024-04-25,3.6117309261993746
2024-04-26,3.6136514223018112
2024-04-29,3.6147553056622206
2024-04-30,3.6150794619576265
2024-05-02,3.616256032158982
2024-05-03,3.6182254333856356
2024-05-06,3.620635997752908
2024-05-07,3.6222429702337466
2024-05-08,3.623100254902001
2024-05-09,3.6235794263709487
2024-05-10,3.6243688735721813
2024-05-13,3.6257604289409384
2024-05-14,3.626244725874006
2024-05-15,3.6262234349427214
2024-05-16,3.6263733234787265
2024-05-17,3.625994061041493
2024-05-20,3.6250799790063404
2024-05-21,3.6241031691685244
2024-05-23,3.6225322300932783
2024-05-24,3.6226080233667135
2024-05-27,3.623260358367242
2024-05-28,3.6237105795094315
2024-05-29,3.6246019483532788
2024-05-30,3.6257581860843935
2024-05-31,3.6284417613152042
2024-06-03,3.632610797062541
2024-06-04,3.638778504829898
2024-06-05,3.6429030615304336
2024-06-06,3.6471899112042516
2024-06-07,3.6525284782769285
2024-06-10,3.658451721161482
2024-06-11,3.6642481119726344
2024-06-12,3.6695821773094828
2024-06-13,3.670996506639379
2024-06-14,3.67601193762217
2024-06-18,3.6815817612807944
2024-06-19,3.6873774413373583
2024-06-20,3.690708558108202
2024-06-21,3.6947644717051142
2024-06-24,3.698273385267381
2024-06-25,3.7011787148643727
2024-06-26,3.7022579652828957
2024-06-27,3.7018485964341874
2024-06-28,3.70192899335291
2024-07-01,3.702530127379844
2024-07-02,3.702690354330107
2024-07-03,3.7015934929479855
2024-07-04,3.7016094018189616
2024-07-05,3.7014017347237527
2024-07-08,3.701053446475533
2024-07-09,3.700654876024223
2024-07-10,3.7001440938798424
2024-07-11,3.6998489327296324
2024-07-12,3.699578487200128
2024-07-15,3.699237875468464
2024-07-16,3.6983171798573355
2024-07-17,3.6973070096395944
2024-07-18,3.6972325821347907
2024-07-19,3.697176051348894
2024-07-22,3.6971013399567543
2024-07-23,3.6974947837715266
2024-07-24,3.6986478582332616
2024-07-25,3.6999131583653755
2024-07-26,3.7009969391694097
2024-07-29,3.7009864280672433
2024-07-30,3.7015673845530284
2024-07-31,3.7021659589415723
2024-08-01,3.70237107146012
2024-08-02,3.702453173116016
2024-08-05,3.701990395150734
2024-08-06,3.702398061506873
2024-08-07,3.702705446007881
2024-08-08,3.7032068654131667
2024-08-12,3.70305800227555
2024-08-13,3.702431304414966
2024-08-14,3.7023554530620784
2024-08-15,3.7028162457323432
2024-08-16,3.7027193711494544
2024-08-19,3.702556872144469
2024-08-20,3.70238414632873
2024-08-21,3.7015705186753456
2024-08-22,3.7007540532989047
2024-08-23,3.6997015224685015
2024-08-26,3.698659230139545
2024-08-27,3.6971192506515926
2024-08-28,3.695948871197352
2024-08-29,3.6955423652217156
2024-08-30,3.695765077102786
2024-09-02,3.695031328268894
2024-09-03,3.6937800187531344
2024-09-04,3.6929837910999463
2024-09-05,3.6917722747611625
2024-09-06,3.6911036019611654
2024-09-09,3.6896929925576805
2024-09-10,3.689398713466585
2024-09-11,3.689242484365951
2024-09-12,3.689270605581152
2024-09-13,3.6881926363448336
2024-09-16,3.687931311303916
2024-09-17,3.6878131470734488
2024-09-18,3.6881065709206906
2024-09-19,3.6876231195660747
2024-09-20,3.686579808957391
2024-09-23,3.686102042611039
2024-09-24,3.6859835950430853
2024-09-25,3.685841003750512
2024-09-26,3.6857180119243216
2024-09-27,3.6861290250717715
2024-09-30,3.6860560253469954
2024-10-01,3.6877412690949907
2024-10-02,3.6891569785576506
2024-10-03,3.6900602712419683
2024-10-04,3.6904494272064436
2024-10-07,3.6889527588794158
2024-10-08,3.687597848195856
2024-10-09,3.6865738607677834
2024-10-10,3.6857004233363577
2024-10-11,3.6838041654002174
2024-10-14,3.6818519876026246
2024-10-15,3.6800469711071537
2024-10-16,3.6783800180101967
2024-10-17,3.67735894841712
2024-10-18,3.6758720985101467
2024-10-21,3.67452188354509
2024-10-22,3.6728149758332274
2024-10-23,3.6717951031540963
2024-10-24,3.670219448182066
2024-10-25,3.669094232315606
2024-10-28,3.66791990012052
2024-10-29,3.666632837898498
2024-10-30,3.6649368529569237
2024-11-01,3.6635416339203752
2024-11-04,3.6624684673930874
2024-11-05,3.6599782758445443
2024-11-06,3.6576627767771486
2024-11-07,3.6552763363079555
2024-11-08,3.6530058080853633
2024-11-11,3.6512171957800765
2024-11-12,3.648758517331996
2024-11-13,3.64627121636254
2024-11-14,3.6441016811223026
2024-11-15,3.6416812012183497
2024-11-18,3.639063458123437
2024-11-19,3.6371762876584945
2024-11-20,3.6349490328059897
2024-11-21,3.632232383802947
2024-11-22,3.6286516459914875
2024-11-25,3.6271620964758666
2024-11-26,3.625790376421434
2024-11-27,3.6240797215202347
2024-11-28,3.621686952991987
2024-11-29,3.619273515143906
2024-12-02,3.617758836650631
2024-12-03,3.615725578008866
2024-12-04,3.614355429095717
2024-12-05,3.612716496017798
2024-12-06,3.609801165589377
2024-12-09,3.6072268004616825
2024-12-10,3.605552226860631
2024-12-11,3.6036253637614424
2024-12-12,3.600990430481099
2024-12-13,3.599226275285461
2024-12-16,3.5977084912833357
2024-12-17,3.5959548908549577
2024-12-18,3.5942541006880546
2024-12-19,3.5922005882705
2024-12-20,3.590439127448186
2024-12-23,3.589381190347307
2024-12-24,3.58718105158895
2024-12-26,3.584959960047085
2024-12-27,3.5822105411572602
2024-12-30,3.5794501296821712
2024-12-31,3.5762045691157374
2025-01-02,3.5722398262122868
2025-01-03,3.569143180844714
2025-01-06,3.5663729187058513
2025-01-07,3.564380665015876
2025-01-08,3.5624746932615414
2025-01-09,3.561072046340863
2025-01-10,3.5595823252598136
2025-01-13,3.558385973011946
2025-01-14,3.5566350135810776
2025-01-15,3.5553141510524355
2025-01-16,3.5535198345470143
2025-01-17,3.550564445673521
2025-01-20,3.546256903136946
2025-01-21,3.5417197862866123
2025-01-22,3.538300985781273
2025-01-23,3.535599039847548
2025-01-24,3.5339179584798153
2025-01-27,3.5327321121881194
2025-01-28,3.5311182930269913
2025-01-31,3.529728560985901
2025-02-03,3.526494796698665
2025-02-04,3.52293500078118
2025-02-05,3.520164546013671
2025-02-06,3.5165947321659896
2025-02-07,3.5132031331566393
2025-02-10,3.5101629799054734
2025-02-11,3.5070789674679137
2025-02-12,3.5035717084634266
2025-02-13,3.499855042635569
2025-02-14,3.496430821369456
2025-02-17,3.492560455476723
2025-02-18,3.4882235811930284
2025-02-19,3.4845947835320246
2025-02-20,3.4810746800461034
2025-02-21,3.477621595500091
2025-02-24,3.472982336366881
2025-02-25,3.468573148041676
2025-02-26,3.4648024600670846
2025-02-27,3.461059399220834
2025-02-28,3.4580647175323387
2025-03-03,3.4543102902285128
2025-03-04,3.450425054118611
2025-03-05,3.446732945963693
2025-03-06,3.4427938677647374
2025-03-07,3.4393202299087378
2025-03-10,3.4347424489552525
2025-03-11,3.430046430193534
2025-03-12,3.4251367139398026
2025-03-13,3.420487307400788
2025-03-14,3.4165781176852983
2025-03-17,3.412452653487641
2025-03-18,3.4087318777104247
2025-03-19,3.4054919613003998
2025-03-20,3.4022269357945722
2025-03-21,3.3989798619246336
2025-03-24,3.3954439942989856
2025-03-25,3.392639575131029
2025-03-26,3.390581276989857
2025-03-27,3.3887326109237392
2025-03-28,3.385043561169665
2025-04-01,3.3804203198519067
2025-04-02,3.3755228551674676
2025-04-03,3.3709917969137138
2025-04-04,3.3666399013420056
2025-04-07,3.3625914597200213
2025-04-08,3.3588073798440865
2025-04-09,3.354681107883817
2025-04-10,3.3507364765191783
2025-04-11,3.3466668563784108
2025-04-14,3.3424742476575453
2025-04-15,3.3383554092097256
2025-04-16,3.333993289013293
2025-04-17,3.329930833624717
2025-04-21,3.325795502844664
2025-04-22,3.32148003333117
2025-04-23,3.3168650122364696
2025-04-24,3.3128119955023516
2025-04-25,3.308849132763081
2025-04-28,3.305177340925214
2025-04-29,3.301453899354345
2025-04-30,3.2973276291378584
2025-05-02,3.293267171361536
2025-05-05,3.289470036449793
2025-05-06,3.2855867401102135
2025-05-07,3.2810089823568367
2025-05-08,3.2766221023585063
2025-05-09,3.272230609042226
2025-05-13,3.2683906779884975
2025-05-14,3.2647511879260183
2025-05-15,3.260723129595311
2025-05-16,3.2564808117532262
2025-05-19,3.2526369253031318
2025-05-20,3.2488644650871645
2025-05-21,3.2445250533310155
2025-05-22,3.2400591174368554
2025-05-23,3.2356369310960753
2025-05-26,3.231464940569251
2025-05-27,3.226783519196763
2025-05-28,3.2218223770108745
2025-05-29,3.216787669548138
2025-05-30,3.2118801577956324
2025-06-02,3.2067031550218728
2025-06-03,3.2013669651087096
2025-06-04,3.1958071094841944
2025-06-05,3.1896869507556325
2025-06-06,3.1833834043542897
2025-06-09,3.1774541907178655
2025-06-10,3.171993367437853
2025-06-11,3.1675277035860816
2025-06-12,3.163253009534439
2025-06-13,3.158447468611225
2025-06-16,3.154220326907997
2025-06-17,3.149997033711771
2025-06-18,3.1444611131695943
2025-06-19,3.1393886023862727
2025-06-20,3.1335729968705373
2025-06-23,3.1278410657309186
2025-06-24,3.1220362685044245
2025-06-25,3.1159882995226207
2025-06-26,3.1102771109448257
2025-06-27,3.104829773953388
2025-06-30,3.0987328161676375
2025-07-01,3.092565319870877
2025-07-02,3.0864984228278214
2025-07-03,3.0804262460558673
2025-07-04,3.0746673025534577
2025-07-07,3.0688883387581134
2025-07-08,3.0637079907102294
2025-07-09,3.0583695271102274
2025-07-10,3.05305448434392
2025-07-11,3.0479703500338573
2025-07-14,3.0427701795765705
2025-07-15,3.0375301837716195
2025-07-16,3.0319254817165797
2025-07-17,3.026474624026876
2025-07-18,3.0203176157827194
2025-07-21,3.0143489259413014
2025-07-22,3.008153699954841
2025-07-23,3.0021126554456545
2025-07-24,2.996962216697563
2025-07-25,2.9922572695204375
2025-07-28,2.988021435789334
2025-07-29,2.9832181383791623
2025-07-30,2.979010885095845
2025-07-31,2.9742359404554275
2025-08-01,2.968754316296862
2025-08-04,2.9625632905008414
2025-08-05,2.9564922371135838
2025-08-06,2.9506832673241945
2025-08-07,2.9450711741474622
2025-08-08,2.939170062566343
2025-08-11,2.932892842460766
2025-08-12,2.926864696374132
2025-08-13,2.9203288001970806
2025-08-14,2.9135333793781193
2025-08-15,2.90665128504235
